# UnrealEd OBJ exporter

v 27.225494 741.057373 427.495392
v -96.828278 924.072021 427.555908
v -77.052887 803.957581 329.457336
v -96.828278 924.072021 427.555908
v 27.225494 741.057373 427.495392
v 7.450104 861.171936 525.594055
v -63.934387 789.859070 604.186096
v -177.560486 703.056152 667.402466
v -164.124481 842.438477 496.300568
v -164.124481 842.438477 496.300568
v -177.560486 703.056152 667.402466
v -277.750580 755.635742 559.516846
v -177.668701 703.389709 667.665588
v -164.232971 842.771851 496.563629
v -277.859070 755.969238 559.780029
v -164.232971 842.771851 496.563629
v -177.668701 703.389709 667.665588
v -64.042603 790.192322 604.449280
v -125.952209 908.782776 517.520691
v 19.387848 803.065857 388.741760
v -74.412872 926.879211 371.034729
v 19.387848 803.065857 388.741760
v -125.952209 908.782776 517.520691
v -32.151489 784.969604 535.227661
v -161.636230 653.128296 683.153137
v -51.479370 807.761597 569.849243
v -202.035767 768.945679 586.219727
v -161.636230 653.128296 683.153137
v -11.079773 691.943970 666.782410
v -51.479370 807.761597 569.849243
v -126.271637 908.520203 517.375793
v -74.732300 926.616577 370.889771
v 19.068146 802.803040 388.596863
v -126.271637 908.520203 517.375793
v 19.068146 802.803040 388.596863
v -32.470642 784.706787 535.082886
v -249.773346 786.934937 366.693970
v -150.545929 632.261963 489.632843
v -272.441986 728.068665 509.742126
v -150.545929 632.261963 489.632843
v -249.773346 786.934937 366.693970
v -127.877838 691.128357 346.584534
v 130.633759 805.253540 561.851196
v 69.368225 665.336792 528.509033
v -60.502808 734.724792 475.966248
v 130.633759 805.253540 561.851196
v -60.502808 734.724792 475.966248
v 0.762726 874.641357 509.308319
v -238.912811 734.679626 480.111389
v -82.167023 890.131042 492.336243
v -199.877289 859.309448 394.172211
v -82.167023 890.131042 492.336243
v -238.912811 734.679626 480.111389
v -121.202271 765.501221 578.275391
v 1.568428 905.764648 291.978088
v -52.241371 771.900269 356.473267
v -138.477112 928.527100 222.380005
v -52.241371 771.900269 356.473267
v -192.286896 794.662720 286.875092
v -138.477112 928.527100 222.380005
v 130.460449 805.233398 562.253296
v -60.676392 734.704895 476.368347
v 69.194366 665.316650 528.911133
v -60.676392 734.704895 476.368347
v 130.460449 805.233398 562.253296
v 0.589417 874.621582 509.710480
v -81.899780 889.880676 492.094666
v -238.645569 734.429688 479.869843
v -199.610321 859.059326 393.930664
v -238.645569 734.429688 479.869843
v -81.899780 889.880676 492.094666
v -120.935303 765.250977 578.033813
v -44.593231 784.458191 660.594543
v -28.831146 667.043030 558.579529
v 20.210449 768.101807 449.841797
v 20.210449 768.101807 449.841797
v 4.448364 885.517395 551.856873
v -44.593231 784.458191 660.594543
v -45.007141 784.517212 660.462769
v 19.796814 768.160828 449.710022
v -29.245056 667.101990 558.447693
v 19.796814 768.160828 449.710022
v -45.007141 784.517212 660.462769
v 4.034454 885.576294 551.724976
v -205.934326 777.777405 501.247986
v -106.927460 625.927856 627.830811
v -172.697388 625.774902 485.999390
v -106.927460 625.927856 627.830811
v -205.934326 777.777405 501.247986
v -140.163849 777.930176 643.079346
v -96.703857 854.043335 448.885223
v 70.068604 778.027588 572.547119
v 38.640564 913.053284 500.282166
v 70.068604 778.027588 572.547119
v -96.703857 854.043335 448.885223
v -65.275269 719.017700 521.150269
v -116.281769 737.417236 686.214233
v -84.917725 612.637329 597.399048
v -203.132812 797.600891 570.989685
v -84.917725 612.637329 597.399048
v -171.769043 672.820801 482.174438
v -203.132812 797.600891 570.989685
v 44.552582 1037.868774 -95.390503
v 172.695175 1007.213562 84.061096
v 199.098816 1021.214355 -70.497559
v 172.695175 1007.213562 84.061096
v 44.552582 1037.868774 -95.390503
v 18.148899 1023.867920 59.168213
v 265.127563 1012.479553 -63.287048
v 205.001022 914.826599 -171.130798
v 80.554573 1009.793823 -187.740967
v 80.554573 1009.793823 -187.740967
v 140.681076 1107.446777 -79.897217
v 265.127563 1012.479553 -63.287048
v 231.822845 1030.026367 -52.252075
v 72.772781 922.649902 -165.108276
v 114.746841 1073.419189 -148.126221
v 72.772781 922.649902 -165.108276
v 231.822845 1030.026367 -52.252075
v 189.848785 879.257202 -69.234131
v 231.552216 1030.062622 -51.905273
v 72.502197 922.686157 -164.761353
v 189.578171 879.293335 -68.887329
v 72.502197 922.686157 -164.761353
v 231.552216 1030.062622 -51.905273
v 114.476273 1073.455322 -147.779297
v 240.452393 1011.822998 80.748413
v 85.003403 997.877747 101.308777
v 217.823196 1037.538940 -72.901123
v 85.003403 997.877747 101.308777
v 62.374222 1023.593506 -52.340820
v 217.823196 1037.538940 -72.901123
v 217.794464 1037.972656 -72.824219
v 62.345474 1024.027222 -52.263916
v 84.974663 998.311340 101.385559
v 217.794464 1037.972656 -72.824219
v 84.974663 998.311340 101.385559
v 240.423615 1012.256836 80.825256
v 132.264587 1008.999451 124.513977
v 10.668396 909.029541 125.897278
v 100.429199 1045.649536 -25.235352
v 10.668396 909.029541 125.897278
v -21.166981 945.679565 -23.851990
v 100.429199 1045.649536 -25.235352
v 100.236420 1046.023682 -25.102295
v -21.359756 946.053833 -23.719055
v 10.475636 909.403687 126.030273
v 10.475636 909.403687 126.030273
v 132.071854 1009.373535 124.647034
v 100.236420 1046.023682 -25.102295
v 44.512947 1037.431519 -95.436890
v 172.655518 1006.776428 84.014709
v 18.109299 1023.430908 59.121826
v 172.655518 1006.776428 84.014709
v 44.512947 1037.431519 -95.436890
v 199.059204 1020.777222 -70.543945
v -49.943893 819.636108 340.014679
v -61.197701 983.518127 188.470642
v -165.232071 883.419006 252.749817
v -61.197701 983.518127 188.470642
v -49.943893 819.636108 340.014679
v 54.090485 919.735291 275.735535
v -97.800148 801.891418 89.583313
v -151.746155 948.876709 249.065918
v -33.669579 935.312256 144.908691
v -151.746155 948.876709 249.065918
v -97.800148 801.891418 89.583313
v -215.876709 815.455811 193.740540
v 17.112518 817.504089 249.866150
v -127.506226 985.626343 277.613647
v -12.218006 921.843384 364.878540
v -127.506226 985.626343 277.613647
v 17.112518 817.504089 249.866150
v -98.175697 881.287109 162.601318
v 16.820824 817.223511 250.046448
v -12.509712 921.562683 365.058777
v -127.797958 985.345703 277.793945
v 16.820824 817.223511 250.046448
v -127.797958 985.345703 277.793945
v -98.467415 881.006409 162.781555
v -49.861656 819.343506 339.692139
v -61.115459 983.225708 188.148193
v 54.172729 919.442688 275.413025
v -61.115459 983.225708 188.148193
v -49.861656 819.343506 339.692139
v -165.149857 883.126404 252.427307
v -93.401703 762.508789 128.599915
v -65.875725 877.076843 318.510559
v -72.347092 914.802124 165.181763
v -65.875725 877.076843 318.510559
v -93.401703 762.508789 128.599915
v -86.930351 724.783447 281.928680
v -27.044418 834.595215 54.597290
v 4.081394 1029.425537 159.582703
v -120.749908 953.913330 98.838257
v 4.081394 1029.425537 159.582703
v -27.044418 834.595215 54.597290
v 97.786850 910.107361 115.341614
v -42.205986 729.405396 314.463593
v -137.834976 924.750916 263.036194
v -91.759735 797.836548 180.910828
v -137.834976 924.750916 263.036194
v -42.205986 729.405396 314.463593
v -88.281204 856.319702 396.588989
v -141.915192 830.268738 309.429016
v -143.466949 815.054688 152.136536
v -206.281738 670.774902 166.711609
v -141.915192 830.268738 309.429016
v -206.281738 670.774902 166.711609
v -204.729858 685.988892 324.004120
v -65.436935 877.023804 318.479065
v -86.491570 724.730347 281.897064
v -92.962875 762.455688 128.568359
v -65.436935 877.023804 318.479065
v -92.962875 762.455688 128.568359
v -71.908249 914.748962 165.150208
v -41.805534 729.586670 314.407959
v -137.434509 924.932312 262.980530
v -87.880753 856.501160 396.533386
v -137.434509 924.932312 262.980530
v -41.805534 729.586670 314.407959
v -91.359299 798.017822 180.855164
v -143.060364 814.878906 152.149536
v -141.508545 830.092896 309.442017
v -205.875092 670.599243 166.724548
v -141.508545 830.092896 309.442017
v -204.323288 685.813232 324.017120
v -205.875092 670.599243 166.724548
v 128.016632 878.361084 216.012939
v -5.738579 960.234985 235.532104
v 57.997856 790.463013 104.899963
v 57.997856 790.463013 104.899963
v -5.738579 960.234985 235.532104
v -75.757378 872.336792 124.419128
v 31.965118 749.716980 91.341614
v -94.685043 895.971741 203.229431
v 60.635361 875.874390 182.099976
v -94.685043 895.971741 203.229431
v 31.965118 749.716980 91.341614
v -123.355370 769.814148 112.471069
v -72.583649 791.729004 203.866150
v -171.560791 958.719849 314.623291
v -47.102947 947.059814 217.932556
v -171.560791 958.719849 314.623291
v -72.583649 791.729004 203.866150
v -197.041504 803.389160 300.556854
v 58.128815 790.750977 104.589783
v -5.607635 960.522827 235.221802
v 128.147568 878.649109 215.702576
v -5.607635 960.522827 235.221802
v 58.128815 790.750977 104.589783
v -75.626389 872.624817 124.108887
v -171.297226 958.645142 314.971558
v -72.320068 791.654236 204.214417
v -46.839363 946.984985 218.280823
v -72.320068 791.654236 204.214417
v -171.297226 958.645142 314.971558
v -196.777908 803.314331 300.905151
v -87.094475 885.190002 170.294861
v 14.487980 885.190002 49.233765
v -87.094498 727.155823 170.294800
v 14.487980 885.190002 49.233765
v 14.487961 727.155823 49.233704
v -87.094498 727.155823 170.294800
v -203.535980 773.474182 25.648621
v -101.025185 953.688965 109.097778
v -108.959862 885.541443 -33.267090
v -101.025185 953.688965 109.097778
v -203.535980 773.474182 25.648621
v -195.601303 841.621704 168.013489
v 14.827423 885.189941 49.518555
v -86.755043 885.190002 170.579651
v -86.755051 727.155823 170.579651
v 14.827423 885.189941 49.518555
v -86.755051 727.155823 170.579651
v 14.827408 727.155762 49.518555
v -203.181671 773.227051 25.747192
v -100.670868 953.441711 109.196350
v -195.246964 841.374512 168.112122
v -100.670868 953.441711 109.196350
v -203.181671 773.227051 25.747192
v -108.605553 885.294250 -33.168579
v -160.272583 1006.837219 83.154480
v -227.935211 814.368469 174.407593
v -169.421936 950.088379 230.364014
v -227.935211 814.368469 174.407593
v -160.272583 1006.837219 83.154480
v -218.785828 871.117371 27.198059
v -85.397781 853.262573 156.298950
v -211.759033 941.419434 121.142700
v -93.332474 785.115234 13.934082
v -211.759033 941.419434 121.142700
v -219.693771 873.271973 -21.222229
v -93.332474 785.115234 13.934082
v -219.428589 873.586182 -21.387390
v -211.493896 941.733765 120.977478
v -93.067276 785.429443 13.768860
v -93.067276 785.429443 13.768860
v -211.493896 941.733765 120.977478
v -85.132561 853.576843 156.133789
v -87.972412 851.622437 220.250000
v 98.576645 791.578674 327.691833
v -1.643898 719.540344 228.994873
v 98.576645 791.578674 327.691833
v -87.972412 851.622437 220.250000
v 12.248135 923.660767 318.946899
v 4.006912 811.796082 288.924377
v 35.534889 658.661194 236.417786
v 168.451202 713.684875 155.752441
v 4.006912 811.796082 288.924377
v 168.451202 713.684875 155.752441
v 136.923294 866.819824 208.258972
v 104.343933 713.244446 246.682648
v 192.871857 828.032837 325.344513
v 55.206573 913.881775 354.999939
v 104.343933 713.244446 246.682648
v 55.206573 913.881775 354.999939
v -33.321342 799.093445 276.338074
v 198.038940 716.590454 270.583252
v 75.683060 913.937134 248.541870
v 183.324921 832.276917 153.958130
v 75.683060 913.937134 248.541870
v 198.038940 716.590454 270.583252
v 90.397102 798.250732 365.166901
v 198.386932 716.827515 270.774475
v 76.030991 914.174194 248.733154
v 90.745041 798.487732 365.358215
v 76.030991 914.174194 248.733154
v 198.386932 716.827515 270.774475
v 183.672867 832.514038 154.149414
v 311.399567 647.145813 -400.983826
v 157.305420 602.140686 -294.234314
v 183.444397 608.576477 -427.869324
v 157.305420 602.140686 -294.234314
v 311.399567 647.145813 -400.983826
v 285.260620 640.710022 -267.348755
v 192.928848 828.261414 324.946594
v 104.400925 713.473145 246.284729
v 55.263496 914.110535 354.602112
v 104.400925 713.473145 246.284729
v -33.264412 799.322205 275.940247
v 55.263496 914.110535 354.602112
v 187.089844 743.639160 -314.851440
v 288.549103 729.370056 -224.932678
v 210.969101 645.358826 -150.727356
v 187.089844 743.639160 -314.851440
v 210.969101 645.358826 -150.727356
v 109.509811 659.627991 -240.646118
v 278.998352 735.191528 -335.953369
v 283.764160 605.893860 -293.030823
v 199.859589 767.523499 -229.771057
v 283.764160 605.893860 -293.030823
v 204.625351 638.225830 -186.848572
v 199.859589 767.523499 -229.771057
v 200.170532 767.603821 -229.563782
v 284.075073 605.974121 -292.823486
v 279.309326 735.271912 -335.746033
v 284.075073 605.974121 -292.823486
v 200.170532 767.603821 -229.563782
v 204.936264 638.306091 -186.641235
v 136.664108 866.895264 207.883484
v 168.192062 713.760315 155.376892
v 3.747807 811.871582 288.548828
v 35.275780 658.736572 236.042236
v 3.747807 811.871582 288.548828
v 168.192062 713.760315 155.376892
v 186.956253 743.937500 -314.653320
v 210.835480 645.657166 -150.529236
v 288.415558 729.668335 -224.734558
v 210.835480 645.657166 -150.529236
v 186.956253 743.937500 -314.653320
v 109.376190 659.926331 -240.447998
v -155.034729 682.327271 124.159668
v -34.340256 831.726685 9.869629
v -51.200554 795.068237 162.665833
v -34.340256 831.726685 9.869629
v -155.034729 682.327271 124.159668
v -138.174454 718.985718 -28.636536
v -81.342369 863.321655 331.501038
v 91.461624 779.608459 217.131165
v 5.133121 911.690552 208.386353
v 91.461624 779.608459 217.131165
v -81.342369 863.321655 331.501038
v 4.986145 731.239502 340.245850
v -81.623390 863.119507 331.224243
v 91.180634 779.406433 216.854431
v 4.705135 731.037476 339.969116
v 91.180634 779.406433 216.854431
v -81.623390 863.119507 331.224243
v 4.852112 911.488708 208.109558
v -88.214897 851.486877 220.595154
v 98.334175 791.443176 328.037048
v 12.005646 923.525269 319.292114
v 98.334175 791.443176 328.037048
v -88.214897 851.486877 220.595154
v -1.886360 719.404785 229.340057
v -77.133636 808.566895 420.385254
v -122.918884 667.105103 372.072388
v -211.908142 825.773315 497.726807
v -122.918884 667.105103 372.072388
v -257.692841 684.311401 449.414093
v -211.908142 825.773315 497.726807
v -122.737335 666.924683 372.428497
v -76.952362 808.386658 420.741272
v -211.726868 825.593140 498.082886
v -211.726868 825.593140 498.082886
v -257.511841 684.131104 449.770111
v -122.737335 666.924683 372.428497
v -172.316711 694.974243 533.072632
v 13.296204 699.396973 413.022552
v -59.394012 591.947327 500.272400
v 13.296204 699.396973 413.022552
v -172.316711 694.974243 533.072632
v -99.626221 802.423950 445.822784
v -200.671844 786.974548 635.053467
v -148.282745 650.589600 690.699158
v -64.185699 809.709106 562.276245
v -148.282745 650.589600 690.699158
v -11.796448 673.324463 617.921875
v -64.185699 809.709106 562.276245
v 13.520874 699.530823 413.374451
v -172.092316 695.108093 533.424622
v -59.169617 592.081055 500.624390
v -172.092316 695.108093 533.424622
v 13.520874 699.530823 413.374451
v -99.401550 802.557739 446.174774
v 148.857971 616.293396 -413.764587
v 255.904297 768.582031 -363.612671
v 251.165619 685.427063 -471.528259
v 255.904297 768.582031 -363.612671
v 148.857971 616.293396 -413.764587
v 153.596680 699.448242 -305.848877
v 149.110275 616.060608 -413.596252
v 256.156525 768.349243 -363.444458
v 153.848953 699.215576 -305.680664
v 256.156525 768.349243 -363.444458
v 149.110275 616.060608 -413.596252
v 251.417877 685.194336 -471.360107
v 298.642395 753.087769 -328.312866
v 208.689545 621.553101 -436.816772
v 168.468567 719.714783 -351.204041
v 208.689545 621.553101 -436.816772
v 298.642395 753.087769 -328.312866
v 338.863342 654.926025 -413.925537
v 154.541672 736.544800 -211.307495
v 135.522903 601.827820 -202.787476
v 279.347595 715.717407 -262.028992
v 279.347595 715.717407 -262.028992
v 135.522903 601.827820 -202.787476
v 260.328857 581.000488 -253.508972
v 9.422615 974.474854 96.173950
v 200.033386 1074.201904 38.857300
v 149.454285 994.948608 165.119751
v 200.033386 1074.201904 38.857300
v 9.422615 974.474854 96.173950
v 60.001801 1053.728149 -30.088501
v 208.702103 621.304932 -436.526367
v 298.654877 752.839478 -328.022461
v 168.481155 719.466614 -350.913635
v 298.654877 752.839478 -328.022461
v 208.702103 621.304932 -436.526367
v 338.875916 654.677856 -413.635132
v 154.397476 736.542725 -211.661499
v 279.203369 715.715393 -262.382935
v 135.378738 601.825806 -203.141479
v 279.203369 715.715393 -262.382935
v 260.184601 580.998413 -253.862976
v 135.378738 601.825806 -203.141479
v 21.825851 934.132080 243.430054
v -116.320274 778.725708 161.490479
v -132.237228 928.718872 208.644409
v -116.320274 778.725708 161.490479
v 21.825851 934.132080 243.430054
v 37.742828 784.138855 196.276123
v -141.571640 778.611267 59.938049
v -21.349474 965.111877 86.653748
v -80.632370 855.493408 183.834595
v -21.349474 965.111877 86.653748
v -141.571640 778.611267 59.938049
v -82.288750 888.229675 -37.242798
v -141.945160 778.846680 59.975708
v -21.722984 965.347168 86.691406
v -82.662292 888.465210 -37.205078
v -21.722984 965.347168 86.691406
v -141.945160 778.846680 59.975708
v -81.005898 855.728638 183.872192
v 21.737797 933.993347 243.841614
v -116.408318 778.587036 161.901978
v 37.654785 784.000244 196.687744
v -116.408318 778.587036 161.901978
v 21.737797 933.993347 243.841614
v -132.325302 928.580078 209.055908
v -158.703827 609.839966 643.334839
v -104.218231 777.095581 509.392303
v -237.503815 704.655090 547.196472
v -104.218231 777.095581 509.392303
v -158.703827 609.839966 643.334839
v -25.418518 682.280579 605.530701
v -158.643127 609.556946 643.005798
v -237.443390 704.371521 546.867493
v -104.157806 776.812500 509.063263
v -158.643127 609.556946 643.005798
v -104.157806 776.812500 509.063263
v -25.357544 681.997437 605.201660
v -255.832306 780.317444 564.265320
v -149.540131 635.040649 435.889771
v -199.241730 635.938354 584.115234
v -149.540131 635.040649 435.889771
v -255.832306 780.317444 564.265320
v -206.130157 779.419739 416.039734
v 24.236664 740.263428 502.449707
v -103.079773 618.947388 368.447174
v -7.302612 587.819580 488.028198
v -103.079773 618.947388 368.447174
v 24.236664 740.263428 502.449707
v -71.540497 771.391479 382.868530
v -82.868774 726.736816 366.574219
v -2.828430 774.506104 492.087036
v -155.559265 619.287109 453.824066
v -155.559265 619.287109 453.824066
v -2.828430 774.506104 492.087036
v -75.518921 667.056519 579.337036
v 66.167358 642.025146 499.292480
v 136.560059 746.252686 406.430420
v -59.828522 734.237305 507.281494
v 136.560059 746.252686 406.430420
v 10.564178 838.464844 414.419342
v -59.828522 734.237305 507.281494
v -59.997162 734.037598 506.929443
v 136.391693 746.052917 406.078430
v 65.998718 641.825134 498.940735
v 136.391693 746.052917 406.078430
v -59.997162 734.037598 506.929443
v 10.395264 838.265137 414.067352
v -155.875671 619.575928 453.916016
v -3.144562 774.794983 492.179138
v -83.185455 727.025757 366.666168
v -3.144562 774.794983 492.179138
v -155.875671 619.575928 453.916016
v -75.835327 667.345398 579.429016
v 24.571472 740.220703 502.170166
v -102.744690 618.904724 368.167664
v -71.205414 771.348694 382.589050
v -102.744690 618.904724 368.167664
v 24.571472 740.220703 502.170166
v -6.967529 587.776611 487.748901
v -151.706360 707.798462 454.845184
v -92.156891 886.421326 338.950256
v -216.229614 791.302673 339.494690
v -92.156891 886.421326 338.950256
v -151.706360 707.798462 454.845184
v -27.633362 802.917358 454.300812
v 60.199692 1020.152588 -49.710327
v 160.483795 942.928894 -232.856995
v 123.407135 882.423340 -92.336670
v 160.483795 942.928894 -232.856995
v 60.199692 1020.152588 -49.710327
v 97.276314 1080.658203 -190.230591
v 98.289062 954.862793 4.941895
v 171.579712 823.074280 50.128174
v 237.022400 1019.219177 -32.379456
v 171.579712 823.074280 50.128174
v 310.313019 887.430542 12.806824
v 237.022400 1019.219177 -32.379456
v 171.543869 822.913757 49.718506
v 98.253258 954.702393 4.532166
v 236.986572 1019.058716 -32.789185
v 171.543869 822.913757 49.718506
v 236.986572 1019.058716 -32.789185
v 310.277252 887.270081 12.397095
v 99.744751 972.514465 -28.355408
v 181.379929 868.584961 -207.513062
v 128.639557 822.546204 -66.515076
v 181.379929 868.584961 -207.513062
v 99.744751 972.514465 -28.355408
v 152.485107 1018.553284 -169.353577
v 256.539185 872.754761 -41.480713
v 269.310669 929.952454 104.624939
v 183.248505 1004.543335 -86.666992
v 183.248505 1004.543335 -86.666992
v 269.310669 929.952454 104.624939
v 196.019974 1061.741089 59.438660
v 60.590340 1020.282715 -49.551270
v 160.874435 943.059021 -232.697937
v 97.667000 1080.788208 -190.071533
v 160.874435 943.059021 -232.697937
v 60.590340 1020.282715 -49.551270
v 123.797806 882.553284 -92.177612
v 161.371567 1009.018311 -176.200989
v -26.252716 904.946777 -116.792175
v 74.816399 1001.893188 -44.903442
v -26.252716 904.946777 -116.792175
v 161.371567 1009.018311 -176.200989
v 60.302429 912.071777 -248.089661
v -26.016853 904.599487 -116.655518
v 161.607422 1008.671143 -176.064331
v 75.052261 1001.546021 -44.766846
v 161.607422 1008.671143 -176.064331
v -26.016853 904.599487 -116.655518
v 60.538292 911.724609 -247.953003
v 269.699646 930.132935 104.520386
v 183.637482 1004.723816 -86.771667
v 196.408951 1061.921631 59.334045
v 183.637482 1004.723816 -86.771667
v 269.699646 930.132935 104.520386
v 256.928162 872.935242 -41.585327
v 100.152695 972.551270 -28.190857
v 181.787872 868.621704 -207.348633
v 152.893036 1018.590027 -169.189026
v 181.787872 868.621704 -207.348633
v 100.152695 972.551270 -28.190857
v 129.047455 822.582947 -66.350464
v 149.315582 623.801575 533.773010
v 148.994110 688.680847 389.101624
v 307.114105 609.833557 527.158264
v 307.114105 609.833557 527.158264
v 148.994110 688.680847 389.101624
v 306.792664 674.712830 382.486877
v 234.649200 779.460022 314.398254
v 187.300690 762.587280 464.773315
v 288.982910 630.507324 314.792938
v 187.300690 762.587280 464.773315
v 241.634369 613.634399 465.167999
v 288.982910 630.507324 314.792938
v 149.037445 689.084717 389.282623
v 307.157440 610.237305 527.339233
v 306.835999 675.116699 382.667847
v 307.157440 610.237305 527.339233
v 149.037445 689.084717 389.282623
v 149.358902 624.205322 533.953979
v 234.253174 779.315186 314.257324
v 288.586914 630.362427 314.652008
v 186.904663 762.442383 464.632355
v 186.904663 762.442383 464.632355
v 288.586914 630.362427 314.652008
v 241.238373 613.489624 465.027100
v 251.256744 741.850342 489.553101
v 97.327187 724.977539 455.490875
v 135.192352 644.429321 324.275543
v 135.192352 644.429321 324.275543
v 289.121918 661.302185 358.337769
v 251.256744 741.850342 489.553101
v 71.781044 634.416626 412.014801
v 124.542221 632.587097 262.508484
v 175.963989 748.583740 447.384247
v 124.542221 632.587097 262.508484
v 228.725159 746.754272 297.877899
v 175.963989 748.583740 447.384247
v 192.070908 713.466919 465.278473
v 352.786346 672.469849 314.386932
v 346.788605 679.598145 472.666534
v 352.786346 672.469849 314.386932
v 192.070908 713.466919 465.278473
v 198.068649 706.338867 306.998840
v 352.882019 672.903748 314.371033
v 192.166641 713.900696 465.262634
v 346.884338 680.031982 472.650635
v 192.166641 713.900696 465.262634
v 352.882019 672.903748 314.371033
v 198.164398 706.772705 306.982941
v 289.131287 661.682190 358.107178
v 135.201721 644.809326 324.045013
v 251.266083 742.230347 489.322479
v 135.201721 644.809326 324.045013
v 97.336563 725.357544 455.260254
v 251.266083 742.230347 489.322479
v 38.757675 918.987183 -149.593506
v 150.822830 1044.122314 -3.491943
v 165.232712 1012.424622 -157.014465
v 150.822830 1044.122314 -3.491943
v 38.757675 918.987183 -149.593506
v 24.347847 950.684875 3.928955
v -133.568878 993.140869 134.713928
v -221.788864 892.277588 313.581055
v -181.824966 1040.842285 277.439880
v -221.788864 892.277588 313.581055
v -133.568878 993.140869 134.713928
v -173.532837 844.576050 170.855103
v -185.110565 901.451599 167.052185
v -305.657959 866.523621 351.979065
v -198.513611 973.630066 307.000061
v -305.657959 866.523621 351.979065
v -185.110565 901.451599 167.052185
v -292.254913 794.345215 212.031189
v -184.752228 901.196167 166.999878
v -305.299591 866.268372 351.926697
v -291.896545 794.089905 211.978882
v -305.299591 866.268372 351.926697
v -184.752228 901.196167 166.999878
v -198.155243 973.374756 306.947754
v -133.162079 993.070557 134.874939
v -221.382065 892.207397 313.742065
v -173.126022 844.505737 171.016113
v -221.382065 892.207397 313.742065
v -133.162079 993.070557 134.874939
v -181.418121 1040.772217 277.600952
v -227.524323 814.206543 174.370728
v -159.861755 1006.675415 83.117554
v -169.011108 949.926392 230.327148
v -159.861755 1006.675415 83.117554
v -227.524323 814.206543 174.370728
v -218.375000 870.955444 27.161194
v -267.338623 894.622681 214.517212
v -182.444763 956.061279 332.809814
v -82.162598 1019.016174 228.143860
v -82.162598 1019.016174 228.143860
v -167.056396 957.577637 109.851257
v -267.338623 894.622681 214.517212
v -91.588654 949.590332 150.182129
v -150.101868 813.870483 94.225769
v -238.105896 1007.335327 163.336304
v -150.101868 813.870483 94.225769
v -296.619141 871.615356 107.379944
v -238.105896 1007.335327 163.336304
v -130.126389 846.769409 207.192688
v -70.538322 1059.248657 242.567505
v -100.698357 971.460449 114.667480
v -70.538322 1059.248657 242.567505
v -130.126389 846.769409 207.192688
v -99.966354 934.557495 335.092651
v -100.271278 971.344177 114.646667
v -70.111244 1059.132324 242.546570
v -129.699310 846.653076 207.171753
v -129.699310 846.653076 207.171753
v -70.111244 1059.132324 242.546570
v -99.539261 934.441284 335.071777
v -204.150558 989.369629 134.002197
v -319.107605 882.218628 117.318237
v -300.030029 838.301147 267.923950
v -204.150558 989.369629 134.002197
v -300.030029 838.301147 267.923950
v -185.072998 945.452026 284.607910
v 5.984219 779.785950 299.540466
v 144.354996 866.627380 322.197327
v 83.475151 685.187134 188.872162
v 83.475151 685.187134 188.872162
v 144.354996 866.627380 322.197327
v 221.846008 772.028564 211.528992
v -204.211075 969.064636 152.295105
v -111.729858 927.322998 351.429382
v -259.646545 942.307617 297.848389
v -111.729858 927.322998 351.429382
v -204.211075 969.064636 152.295105
v -56.294422 954.080017 205.876038
v -78.701080 976.586426 114.582764
v 49.732788 889.820557 275.598328
v 76.333817 951.885620 132.716919
v 49.732788 889.820557 275.598328
v -78.701080 976.586426 114.582764
v -105.302109 914.521179 257.464172
v 205.251038 870.077393 308.968262
v 39.835136 706.954651 329.729431
v 126.815125 798.957275 435.423615
v 39.835136 706.954651 329.729431
v 205.251038 870.077393 308.968262
v 118.271133 778.074890 203.273987
v -78.743713 976.184814 114.400391
v 49.690132 889.418823 275.415894
v -105.344757 914.119568 257.281799
v 49.690132 889.418823 275.415894
v -78.743713 976.184814 114.400391
v 76.291176 951.484009 132.534546
v 40.160721 706.626709 329.746979
v 118.596680 777.746826 203.291626
v 205.576660 869.749573 308.985657
v 205.576660 869.749573 308.985657
v 127.140686 798.629395 435.441162
v 40.160721 706.626709 329.746979
v -204.197830 969.499390 152.380066
v -111.716591 927.757629 351.514343
v -56.281136 954.514709 205.960999
v -111.716591 927.757629 351.514343
v -204.197830 969.499390 152.380066
v -259.633270 942.742188 297.933350
v -184.773682 945.150513 284.482117
v -299.730743 837.999634 267.798157
v -203.851257 989.067932 133.876282
v -299.730743 837.999634 267.798157
v -318.808289 881.916992 117.192383
v -203.851257 989.067932 133.876282
v -34.670944 832.019714 9.903442
v -155.365448 682.620178 124.193481
v -51.531242 795.361206 162.699646
v -155.365448 682.620178 124.193481
v -34.670944 832.019714 9.903442
v -138.505157 719.278748 -28.602722
v 52.891563 914.009583 99.697632
v -71.993858 906.504028 284.891907
v 24.465118 805.467102 210.986694
v -71.993858 906.504028 284.891907
v 52.891563 914.009583 99.697632
v -43.567448 1015.046631 173.602783
v -174.027740 935.716309 245.183899
v -37.166252 935.716309 166.166687
v -174.027771 777.682251 245.183899
v -37.166252 935.716309 166.166687
v -37.166275 777.682129 166.166687
v -174.027771 777.682251 245.183899
v -72.122276 845.022827 84.665100
v -65.559944 1019.940063 223.627197
v 40.609848 943.838989 134.681274
v -65.559944 1019.940063 223.627197
v -72.122276 845.022827 84.665100
v -178.292130 921.123962 173.611023
v -72.335693 906.350952 284.655151
v 52.549698 913.856323 99.460938
v 24.123283 805.313843 210.750000
v 52.549698 913.856323 99.460938
v -72.335693 906.350952 284.655151
v -43.909279 1014.893494 173.366028
v -72.033852 844.750671 85.003418
v 40.698303 943.566772 135.019653
v -65.471542 1019.668030 223.965515
v -72.033852 844.750671 85.003418
v -65.471542 1019.668030 223.965515
v -178.203705 920.851868 173.949402
v -36.944679 935.716309 166.550415
v -173.806152 935.716309 245.567688
v -173.806198 777.682251 245.567688
v -36.944679 935.716309 166.550415
v -173.806198 777.682251 245.567688
v -36.944702 777.682129 166.550415
v 313.284973 685.877869 -276.098877
v 139.995468 765.266235 -304.980591
v 255.092834 756.062744 -377.443481
v 139.995468 765.266235 -304.980591
v 313.284973 685.877869 -276.098877
v 198.187576 695.081177 -203.636108
v 175.388245 681.068359 381.975433
v 193.393661 563.381104 486.688202
v 289.571838 655.064453 573.193604
v 289.571838 655.064453 573.193604
v 271.566406 772.751587 468.480743
v 175.388245 681.068359 381.975433
v 121.202362 657.916077 -378.527405
v 198.454788 678.168701 -203.062805
v 144.804840 574.434937 -273.376160
v 198.454788 678.168701 -203.062805
v 121.202362 657.916077 -378.527405
v 174.852310 761.649780 -308.214111
v 198.311371 695.407837 -203.480957
v 313.408844 686.204468 -275.943665
v 140.119232 765.592834 -304.825500
v 140.119232 765.592834 -304.825500
v 313.408844 686.204468 -275.943665
v 255.216644 756.389465 -377.288269
v 303.240784 728.865295 -236.574829
v 154.963821 605.983521 -245.518250
v 216.507797 689.390869 -334.053711
v 154.963821 605.983521 -245.518250
v 303.240784 728.865295 -236.574829
v 241.696808 645.458008 -148.039307
v 198.109711 678.250488 -202.920349
v 120.857254 657.998047 -378.385010
v 144.459763 574.516846 -273.233704
v 120.857254 657.998047 -378.385010
v 198.109711 678.250488 -202.920349
v 174.507202 761.731812 -308.071655
v 157.195831 602.506836 -294.238098
v 311.290039 647.512024 -400.987610
v 183.334808 608.942627 -427.873047
v 311.290039 647.512024 -400.987610
v 157.195831 602.506836 -294.238098
v 285.151123 641.076172 -267.352600
v 303.001617 729.146606 -236.476013
v 154.724731 606.264954 -245.419373
v 241.457672 645.739380 -147.940430
v 154.724731 606.264954 -245.419373
v 303.001617 729.146606 -236.476013
v 216.268707 689.672302 -333.954895
v 119.342972 730.801819 397.629700
v 263.681946 732.631226 463.220459
v 222.854233 611.060852 556.456726
v 222.854233 611.060852 556.456726
v 78.515251 609.231506 490.865906
v 119.342972 730.801819 397.629700
v 119.198944 731.086975 397.938660
v 222.710190 611.346313 556.765747
v 263.537872 732.916565 463.529480
v 222.710190 611.346313 556.765747
v 119.198944 731.086975 397.938660
v 78.371231 609.516785 491.174866
v -203.081696 949.609741 135.234985
v -140.848938 893.180115 1.378540
v -26.210770 822.819702 84.337952
v -203.081696 949.609741 135.234985
v -26.210770 822.819702 84.337952
v -88.443527 879.249084 218.194519
v -118.736366 933.458679 187.034973
v -22.277363 832.421570 113.129761
v 3.175049 988.092163 271.459778
v -22.277363 832.421570 113.129761
v 99.634048 887.055115 197.554626
v 3.175049 988.092163 271.459778
v -26.975101 834.794189 54.207397
v 4.150703 1029.624512 159.192810
v 97.856201 910.306396 114.951782
v 4.150703 1029.624512 159.192810
v -26.975101 834.794189 54.207397
v -120.680611 954.112305 98.448486
v -22.197678 832.725952 112.817749
v -118.656654 933.763000 186.722839
v 3.254768 988.396484 271.147766
v -22.197678 832.725952 112.817749
v 3.254768 988.396484 271.147766
v 99.713730 887.359497 197.242554
v -25.960583 823.183533 84.300903
v -202.831543 949.973511 135.197998
v -88.193359 879.613098 218.157410
v -202.831543 949.973511 135.197998
v -25.960583 823.183533 84.300903
v -140.598785 893.543884 1.341431
v -9.377422 994.863281 175.251465
v -191.118134 911.646973 275.225952
v -38.805470 870.172363 267.776611
v -191.118134 911.646973 275.225952
v -9.377422 994.863281 175.251465
v -161.690094 1036.337891 182.700806
v -290.343048 785.101196 301.114868
v -111.258820 840.162476 179.268127
v -201.882294 711.409302 192.860657
v -111.258820 840.162476 179.268127
v -290.343048 785.101196 301.114868
v -199.719498 913.854370 287.522339
v -150.127533 813.711426 94.638489
v -91.614304 949.431213 150.594910
v -238.131516 1007.176025 163.749146
v -238.131516 1007.176025 163.749146
v -296.644775 871.456238 107.792664
v -150.127533 813.711426 94.638489
v -81.916374 1018.648071 228.158325
v -267.092346 894.254578 214.531677
v -166.810150 957.209473 109.865723
v -267.092346 894.254578 214.531677
v -81.916374 1018.648071 228.158325
v -182.198547 955.693054 332.824280
v -110.993752 840.009766 179.588684
v -290.078003 784.948364 301.435425
v -201.617249 711.256531 193.181152
v -290.078003 784.948364 301.435425
v -110.993752 840.009766 179.588684
v -199.454453 913.701660 287.842896
v -49.079258 1018.794556 96.148804
v -214.895737 881.803894 35.419800
v -194.496948 988.567383 150.137817
v -214.895737 881.803894 35.419800
v -49.079258 1018.794556 96.148804
v -69.478027 912.031067 -18.569214
v -214.731934 881.488342 35.684265
v -48.915466 1018.479065 96.413391
v -194.333176 988.251831 150.402344
v -48.915466 1018.479065 96.413391
v -214.731934 881.488342 35.684265
v -69.314247 911.715454 -18.304626
v -151.512909 948.642334 249.360840
v -97.566902 801.657043 89.878235
v -33.436314 935.077942 145.203674
v -97.566902 801.657043 89.878235
v -151.512909 948.642334 249.360840
v -215.643463 815.221375 194.035400
v -9.461983 994.617249 174.892761
v -191.202728 911.400757 274.867310
v -161.774673 1036.091797 182.342102
v -191.202728 911.400757 274.867310
v -9.461983 994.617249 174.892761
v -38.890030 869.926147 267.417969
v 113.943420 830.397522 410.721741
v 25.415501 715.609192 332.059875
v 134.248917 911.974609 268.826965
v 25.415501 715.609192 332.059875
v 45.721008 797.186218 190.165100
v 134.248917 911.974609 268.826965
v 175.813522 676.814453 260.685272
v 53.046539 874.906616 251.185181
v 98.322578 771.413269 371.353577
v 53.046539 874.906616 251.185181
v 175.813522 676.814453 260.685272
v 130.537521 780.307861 140.516785
v 175.425552 676.570923 260.621735
v 52.658539 874.663208 251.121704
v 130.149551 780.064331 140.453247
v 52.658539 874.663208 251.121704
v 175.425552 676.570923 260.621735
v 97.934570 771.169861 371.290100
v 83.602097 684.896912 189.209137
v 144.481964 866.337280 322.534302
v 6.111118 779.495728 299.877441
v 144.481964 866.337280 322.534302
v 83.602097 684.896912 189.209137
v 221.972961 771.738403 211.865967
v 25.029480 715.849854 332.143036
v 113.557404 830.638184 410.804901
v 133.862885 912.215210 268.910217
v 25.029480 715.849854 332.143036
v 133.862885 912.215210 268.910217
v 45.335007 797.427002 190.248230
v -138.616348 928.753845 222.734314
v -52.380653 772.126953 356.827515
v 1.429260 905.991272 292.332458
v -52.380653 772.126953 356.827515
v -138.616348 928.753845 222.734314
v -192.426193 794.889404 287.229492
v -207.451401 836.406799 256.047791
v -56.206944 675.149780 288.771729
v -106.510696 799.730835 371.981567
v -56.206944 675.149780 288.771729
v -207.451401 836.406799 256.047791
v -157.147629 711.825684 172.838013
v -55.896542 675.402344 288.581390
v -207.140991 836.659424 255.857422
v -106.200302 799.983398 371.791138
v -207.140991 836.659424 255.857422
v -55.896542 675.402344 288.581390
v -156.837234 712.078308 172.647644
v -175.384079 834.161499 380.912598
v -128.514481 897.349243 243.853149
v -270.497162 735.097656 302.716461
v -270.497162 735.097656 302.716461
v -128.514481 897.349243 243.853149
v -223.627518 798.285400 165.656921
v -270.168640 734.801392 302.692261
v -128.185883 897.052856 243.828979
v -175.055496 833.865112 380.888336
v -128.185883 897.052856 243.828979
v -270.168640 734.801392 302.692261
v -223.298935 797.989136 165.632629
v -151.011749 813.118225 -11.590027
v 4.735126 843.417114 -121.092651
v -16.638931 817.293579 10.981873
v 4.735126 843.417114 -121.092651
v -151.011749 813.118225 -11.590027
v -129.637695 839.241699 -143.664612
v 4.711651 843.792114 -121.022278
v -151.035202 813.493164 -11.519653
v -16.662407 817.668579 11.052246
v -151.035202 813.493164 -11.519653
v 4.711651 843.792114 -121.022278
v -129.661148 839.616699 -143.594116
v 25.201172 776.957458 -172.702393
v -68.090630 940.072083 -129.618835
v -2.838379 844.452759 -57.632263
v -68.090630 940.072083 -129.618835
v 25.201172 776.957458 -172.702393
v -40.051083 872.576782 -244.688965
v -250.057739 609.884155 216.544128
v -357.057098 753.501282 301.381287
v -293.860962 737.102234 177.392029
v -357.057098 753.501282 301.381287
v -250.057739 609.884155 216.544128
v -313.253906 626.283203 340.533417
v -333.741882 714.876587 417.192169
v -251.105835 727.177856 304.693268
v -425.859772 641.271179 341.478516
v -251.105835 727.177856 304.693268
v -343.223785 653.572388 228.979675
v -425.859772 641.271179 341.478516
v -425.675507 640.938599 341.577545
v -343.039429 653.239868 229.078674
v -250.921509 726.845215 304.792328
v -250.921509 726.845215 304.792328
v -333.557556 714.544006 417.291199
v -425.675507 640.938599 341.577545
v -252.624191 755.513306 366.602875
v -342.913055 637.546387 235.439728
v -358.222198 770.867615 275.777039
v -342.913055 637.546387 235.439728
v -252.624191 755.513306 366.602875
v -237.315018 622.192078 326.265564
v -252.878891 755.400269 366.879883
v -343.167755 637.433350 235.716736
v -237.569733 622.078979 326.542542
v -343.167755 637.433350 235.716736
v -252.878891 755.400269 366.879883
v -358.476929 770.754517 276.054047
v -208.035004 686.160889 301.804657
v -315.463562 742.439209 231.605774
v -293.850586 654.919556 408.085846
v -293.850586 654.919556 408.085846
v -315.463562 742.439209 231.605774
v -401.279144 711.197815 337.886902
v -116.378441 843.377075 -154.903503
v 34.374428 870.827393 -37.916321
v -62.856602 775.950439 -49.205627
v 34.374428 870.827393 -37.916321
v -116.378441 843.377075 -154.903503
v -19.147430 938.253967 -143.614197
v 34.152477 871.026306 -37.677063
v -116.600365 843.575989 -154.664246
v -63.078545 776.149353 -48.966370
v -116.600365 843.575989 -154.664246
v 34.152477 871.026306 -37.677063
v -19.369345 938.452881 -143.374878
v 4.841694 743.683838 -168.690796
v -82.782837 907.414673 -116.921143
v -82.782730 829.225098 -228.587646
v -82.782837 907.414673 -116.921143
v 4.841694 743.683838 -168.690796
v 4.841572 821.873413 -57.024475
v 5.134506 743.885132 -168.831726
v -82.490036 907.615967 -117.062134
v 5.134384 822.074646 -57.165405
v -82.490036 907.615967 -117.062134
v 5.134506 743.885132 -168.831726
v -82.489914 829.426392 -228.728516
v 13.242825 822.343506 -223.768738
v -91.183975 828.755127 -61.843201
v -91.183853 750.565552 -173.509521
v -91.183975 828.755127 -61.843201
v 13.242825 822.343506 -223.768738
v 13.242699 900.532959 -112.102417
v 12.997128 822.583252 -223.936768
v -91.429672 828.994934 -62.011230
v 12.996990 900.772827 -112.270386
v -91.429672 828.994934 -62.011230
v 12.997128 822.583252 -223.936768
v -91.429550 750.805481 -173.677490
v -65.583496 846.268005 18.379822
v 27.259972 831.574097 -149.935791
v -0.220474 746.244019 -47.239136
v 27.259972 831.574097 -149.935791
v -65.583496 846.268005 18.379822
v -38.103043 931.598083 -84.316711
v 24.874905 776.761475 -172.666870
v -68.416870 939.876099 -129.583374
v -40.377342 872.380798 -244.653503
v -68.416870 939.876099 -129.583374
v 24.874905 776.761475 -172.666870
v -3.164646 844.256836 -57.596863
v -101.265541 869.861145 -66.868164
v -55.237576 762.901855 -220.514038
v -170.978043 792.544556 -154.875488
v -55.237576 762.901855 -220.514038
v -101.265541 869.861145 -66.868164
v 14.474903 840.218445 -132.506775
v -55.186852 762.598267 -220.287537
v -101.214821 869.557495 -66.641663
v -170.927261 792.240967 -154.648865
v -101.214821 869.557495 -66.641663
v -55.186852 762.598267 -220.287537
v 14.525620 839.914795 -132.280273
v -129.191833 845.142578 -59.382874
v -31.960815 940.019409 -48.093628
v -50.043217 774.184937 -144.726257
v -50.043217 774.184937 -144.726257
v -31.960815 940.019409 -48.093628
v 47.187805 869.061890 -133.436951
v -31.810741 939.830383 -47.797241
v -49.893150 773.995850 -144.429810
v 47.337875 868.872864 -133.140564
v -49.893150 773.995850 -144.429810
v -31.810741 939.830383 -47.797241
v -129.041763 844.953430 -59.086548
v -73.241722 430.561310 -45.798340
v -172.735001 616.469482 12.983521
v -172.734879 527.689087 -113.808167
v -172.735001 616.469482 12.983521
v -73.241722 430.561310 -45.798340
v -73.241867 519.341614 80.993225
v -72.909256 430.789825 -45.958313
v -172.402527 616.697998 12.823425
v -72.909393 519.570129 80.833160
v -172.402527 616.697998 12.823425
v -72.909256 430.789825 -45.958313
v -172.402390 527.917603 -113.968140
v -63.702656 519.875244 -108.336609
v -182.274063 527.155396 75.521790
v -182.273926 438.375122 -51.269775
v -182.274063 527.155396 75.521790
v -63.702656 519.875244 -108.336609
v -63.702805 608.655640 18.454956
v -63.981636 520.147644 -108.527283
v -182.553055 527.427734 75.330994
v -63.981792 608.927979 18.264282
v -182.553055 527.427734 75.330994
v -63.981636 520.147644 -108.527283
v -182.552917 438.647522 -51.460480
v -24.288025 612.165771 -24.686035
v -148.050385 525.822021 -59.119385
v -140.278854 459.076172 80.317505
v -24.288025 612.165771 -24.686035
v -140.278854 459.076172 80.317505
v -16.516476 545.419983 114.750763
v -140.019104 458.768372 80.155731
v -24.028301 611.858032 -24.847900
v -16.256752 545.112244 114.588989
v -24.028301 611.858032 -24.847900
v -140.019104 458.768372 80.155731
v -147.790649 525.514160 -59.281067
v -356.728638 753.659485 301.527771
v -249.729233 610.042358 216.690674
v -293.532440 737.260376 177.538513
v -249.729233 610.042358 216.690674
v -356.728638 753.659485 301.527771
v -312.925415 626.441467 340.679932
v 27.586430 831.675049 -149.764526
v -65.257027 846.369019 18.551086
v 0.105984 746.345032 -47.067871
v -65.257027 846.369019 18.551086
v 27.586430 831.675049 -149.764526
v -37.776577 931.699097 -84.145386
v -50.124550 468.341858 -50.353271
v -156.052734 653.550293 -1.434021
v -81.962059 544.979370 80.303070
v -156.052734 653.550293 -1.434021
v -50.124550 468.341858 -50.353271
v -124.215225 576.912720 -132.090393
v -50.495014 468.119293 -50.312958
v -156.423172 653.327759 -1.393799
v -124.585678 576.690247 -132.050171
v -156.423172 653.327759 -1.393799
v -50.495014 468.119293 -50.312958
v -82.332520 544.756897 80.343323
v -210.881134 543.757874 -30.143555
v -39.708782 574.926453 102.689545
v -150.109756 467.198425 89.871124
v -39.708782 574.926453 102.689545
v -210.881134 543.757874 -30.143555
v -100.480179 651.485901 -17.325134
v -39.960793 575.152283 102.961243
v -211.133102 543.983887 -29.871826
v -150.361755 467.424194 90.142822
v -211.133102 543.983887 -29.871826
v -39.960793 575.152283 102.961243
v -100.732147 651.711792 -17.053345
v -315.539368 742.090149 231.441956
v -293.926392 654.570435 407.922089
v -401.354950 710.848694 337.723083
v -293.926392 654.570435 407.922089
v -315.539368 742.090149 231.441956
v -208.110825 685.811890 301.640900
v -402.807800 595.000488 268.934937
v -253.206848 719.238525 230.770355
v -356.926086 714.995605 324.899811
v -253.206848 719.238525 230.770355
v -402.807800 595.000488 268.934937
v -299.088623 599.243408 174.805481
v -409.772705 707.623901 273.975067
v -246.465424 606.031677 226.206909
v -279.576660 699.561096 325.161072
v -246.465424 606.031677 226.206909
v -409.772705 707.623901 273.975067
v -376.661499 614.094604 175.020874
v -316.918884 731.075989 247.467285
v -361.208618 705.137268 377.857605
v -403.683289 577.665527 338.072113
v -403.683289 577.665527 338.072113
v -359.393555 603.604309 207.681824
v -316.918884 731.075989 247.467285
v -317.272095 731.222168 247.376373
v -404.036499 577.811646 337.981171
v -361.561829 705.283447 377.766632
v -404.036499 577.811646 337.981171
v -317.272095 731.222168 247.376373
v -359.746765 603.750366 207.590881
v -360.681335 661.295410 464.714508
v -278.974457 692.680664 355.284180
v -462.007172 619.942261 377.198517
v -278.974457 692.680664 355.284180
v -380.300232 651.327515 267.768280
v -462.007172 619.942261 377.198517
v -461.861603 619.577332 377.202515
v -380.154724 650.962646 267.772278
v -278.828918 692.315674 355.288177
v -278.828918 692.315674 355.288177
v -360.535828 660.930481 464.718445
v -461.861603 619.577332 377.202515
v -347.614563 575.119995 224.510712
v -301.664917 720.101318 351.558441
v -413.103424 637.542969 331.518311
v -301.664917 720.101318 351.558441
v -347.614563 575.119995 224.510712
v -236.176117 657.678467 244.550842
v -301.816650 720.366211 351.311035
v -236.327866 657.943237 244.303436
v -347.766357 575.384888 224.263367
v -347.766357 575.384888 224.263367
v -413.255157 637.807861 331.270935
v -301.816650 720.366211 351.311035
v -202.014618 667.922180 323.988831
v -262.483154 517.796753 209.629852
v -326.586639 618.223877 283.394104
v -262.483154 517.796753 209.629852
v -202.014618 667.922180 323.988831
v -137.911118 567.494995 250.224640
v -262.491364 517.560852 209.943939
v -202.022827 667.686218 324.302917
v -326.594788 617.987915 283.708221
v -202.022827 667.686218 324.302917
v -262.491364 517.560852 209.943939
v -137.919357 567.259155 250.538727
v -162.952896 629.386963 257.150604
v -335.418335 725.984009 271.178070
v -270.562927 653.107361 170.585815
v -335.418335 725.984009 271.178070
v -162.952896 629.386963 257.150604
v -227.808319 702.263733 357.742859
v -285.731567 693.241150 213.699524
v -294.636505 554.193665 198.783020
v -390.612366 689.994873 306.573151
v -390.612366 689.994873 306.573151
v -294.636505 554.193665 198.783020
v -399.517334 550.947266 291.656616
v -285.472229 693.193298 213.990784
v -390.353027 689.946899 306.864349
v -294.377136 554.145752 199.074280
v -390.353027 689.946899 306.864349
v -399.257935 550.899475 291.947876
v -294.377136 554.145752 199.074280
v -452.807526 624.265503 269.280731
v -267.480652 573.422729 317.664703
v -384.003418 503.115234 284.268188
v -267.480652 573.422729 317.664703
v -452.807526 624.265503 269.280731
v -336.284790 694.573120 302.677185
v -452.909546 624.254517 269.660004
v -267.582703 573.411743 318.043945
v -336.386810 694.562073 303.056458
v -267.582703 573.411743 318.043945
v -452.909546 624.254517 269.660004
v -384.105469 503.104340 284.647491
v -422.591278 645.302429 356.156982
v -288.755981 544.407349 461.894287
v -376.978760 512.814209 357.708527
v -288.755981 544.407349 461.894287
v -422.591278 645.302429 356.156982
v -334.368561 676.895569 460.342712
v -422.868439 645.210083 356.419678
v -289.033203 544.315002 462.156982
v -334.645752 676.803223 460.605438
v -289.033203 544.315002 462.156982
v -422.868439 645.210083 356.419678
v -377.255951 512.721924 357.971283
v -413.792145 591.232788 370.972382
v -274.455261 673.338745 485.497040
v -280.286102 629.586304 352.501740
v -274.455261 673.338745 485.497040
v -413.792145 591.232788 370.972382
v -407.961365 634.985168 503.967712
v -279.844116 571.915588 450.291382
v -405.643921 628.932129 473.946045
v -253.703384 669.767578 353.452942
v -253.703384 669.767578 353.452942
v -405.643921 628.932129 473.946045
v -379.503174 726.783997 377.107605
v -279.687317 572.146973 450.567474
v -253.546539 669.998901 353.729034
v -405.487183 629.163574 474.222168
v -253.546539 669.998901 353.729034
v -379.346405 727.015503 377.383759
v -405.487183 629.163574 474.222168
v -223.759827 751.246643 273.572205
v -302.151520 617.289551 396.788605
v -281.606598 755.836182 401.121094
v -302.151520 617.289551 396.788605
v -223.759827 751.246643 273.572205
v -244.304779 612.700073 269.239655
v -223.406616 751.189209 273.734467
v -301.798279 617.232056 396.950836
v -243.951584 612.642578 269.401947
v -301.798279 617.232056 396.950836
v -223.406616 751.189209 273.734467
v -281.253357 755.778687 401.283356
v -162.778915 629.716003 257.024475
v -335.244385 726.312988 271.051941
v -227.634308 702.592773 357.616730
v -335.244385 726.312988 271.051941
v -162.778915 629.716003 257.024475
v -270.388916 653.436279 170.459686
v -196.037186 659.631958 264.560638
v -344.750092 529.001221 254.962189
v -335.762604 668.778381 259.158264
v -344.750092 529.001221 254.962189
v -196.037186 659.631958 264.560638
v -205.024673 519.854858 260.364502
v -196.053070 659.621216 264.953094
v -344.765991 528.990479 255.354584
v -205.040558 519.844116 260.756927
v -344.765991 528.990479 255.354584
v -196.053070 659.621216 264.953094
v -335.778442 668.767700 259.550781
v -229.553299 749.859070 335.972961
v -324.629089 629.911743 210.094818
v -334.508331 765.407104 244.437561
v -324.629089 629.911743 210.094818
v -229.553299 749.859070 335.972961
v -219.674118 614.363586 301.630188
v -229.812164 749.768738 336.254456
v -324.887970 629.821533 210.376251
v -219.932983 614.273315 301.911682
v -324.887970 629.821533 210.376251
v -229.812164 749.768738 336.254456
v -334.767181 765.317017 244.719116
v -330.882294 742.930725 414.489075
v -241.399353 634.969238 274.456207
v -262.324585 771.880005 295.754761
v -241.399353 634.969238 274.456207
v -330.882294 742.930725 414.489075
v -309.957031 606.020081 393.190491
v -331.219879 742.910339 414.289124
v -241.737000 634.948792 274.256287
v -310.294647 605.999634 392.990540
v -241.737000 634.948792 274.256287
v -331.219879 742.910339 414.289124
v -262.662201 771.859497 295.554840
v -366.320801 585.503662 182.531128
v -350.593140 682.917236 354.389618
v -267.676270 664.615540 242.918182
v -350.593140 682.917236 354.389618
v -366.320801 585.503662 182.531128
v -449.237732 603.805298 294.002472
v -361.058746 685.403503 353.291962
v -356.342285 582.515747 183.987823
v -283.402618 689.909546 236.736176
v -356.342285 582.515747 183.987823
v -361.058746 685.403503 353.291962
v -433.998444 578.009766 300.543610
v -220.818756 563.689575 358.931946
v -116.249329 656.238098 347.268372
v -206.163437 751.577942 297.651794
v -220.818756 563.689575 358.931946
v -206.163437 751.577942 297.651794
v -310.732880 659.029419 309.315460
v -206.093842 751.453186 297.285828
v -220.749100 563.564819 358.565948
v -310.663239 658.904541 308.949463
v -220.749100 563.564819 358.565948
v -206.093842 751.453186 297.285828
v -116.179703 656.113281 346.902374
v -293.786865 500.952209 424.230225
v -235.650604 664.525269 328.647339
v -358.843445 613.301636 371.492279
v -235.650604 664.525269 328.647339
v -293.786865 500.952209 424.230225
v -170.594025 552.175903 381.385223
v -358.885651 613.115845 371.148682
v -235.692856 664.339478 328.303680
v -293.829132 500.766449 423.886566
v -293.829132 500.766449 423.886566
v -235.692856 664.339478 328.303680
v -170.636322 551.989990 381.041595
v -239.727036 493.436401 341.531616
v -304.783569 605.785706 288.793701
v -224.653885 559.691772 464.083832
v -304.783569 605.785706 288.793701
v -289.710388 672.041138 411.345947
v -224.653885 559.691772 464.083832
v -305.128998 605.642090 288.913818
v -240.072464 493.292755 341.651703
v -224.999313 559.548096 464.203979
v -305.128998 605.642090 288.913818
v -224.999313 559.548096 464.203979
v -290.055878 671.897461 411.466064
v -293.771912 715.115173 323.782288
v -284.254272 607.776855 234.206085
v -158.515030 699.470215 356.900970
v -158.515030 699.470215 356.900970
v -284.254272 607.776855 234.206085
v -148.997406 592.131714 267.324738
v -158.415863 699.718994 356.613403
v -284.155090 608.025513 233.918610
v -293.672699 715.364014 323.494751
v -284.155090 608.025513 233.918610
v -158.415863 699.718994 356.613403
v -148.898239 592.380493 267.037201
v -397.823547 642.299194 464.634064
v -373.283752 528.769165 386.245605
v -263.208191 644.569824 503.487305
v -263.208191 644.569824 503.487305
v -373.283752 528.769165 386.245605
v -238.668381 531.039917 425.098755
v -263.123535 644.800110 503.180359
v -373.199005 528.999390 385.938690
v -397.738831 642.529297 464.327148
v -373.199005 528.999390 385.938690
v -263.123535 644.800110 503.180359
v -238.583664 531.270142 424.791840
v -292.510651 649.530029 436.306915
v -376.018250 521.226074 310.463196
v -315.063629 646.789062 298.032227
v -376.018250 521.226074 310.463196
v -292.510651 649.530029 436.306915
v -353.465271 523.967041 448.737885
v -376.366302 521.400391 310.516510
v -292.858765 649.704346 436.360229
v -315.411743 646.963257 298.085541
v -292.858765 649.704346 436.360229
v -376.366302 521.400391 310.516510
v -353.813354 524.141357 448.791199
v -274.337067 672.981323 485.609467
v -413.673920 590.875305 371.084778
v -280.167847 629.228882 352.614136
v -413.673920 590.875305 371.084778
v -274.337067 672.981323 485.609467
v -407.843140 634.627808 504.080109
v -162.472565 696.075378 254.522064
v -267.828857 687.628357 346.526062
v -167.883026 557.337097 235.588867
v -267.828857 687.628357 346.526062
v -273.239258 548.890137 327.592865
v -167.883026 557.337097 235.588867
v -162.731201 696.125183 254.230499
v -168.141632 557.386963 235.297272
v -268.087463 687.678223 346.234467
v -268.087463 687.678223 346.234467
v -168.141632 557.386963 235.297272
v -273.497894 548.940063 327.301300
v -165.800598 686.592896 210.329712
v -295.179199 544.510620 258.763824
v -158.323486 547.894348 228.845673
v -295.179199 544.510620 258.763824
v -165.800598 686.592896 210.329712
v -302.656342 683.209229 240.247955
v -165.882401 686.537781 209.949432
v -295.260986 544.455444 258.383514
v -302.738068 683.153992 239.867615
v -295.260986 544.455444 258.383514
v -165.882401 686.537781 209.949432
v -158.405289 547.839172 228.465271
v -385.689331 614.289795 291.434753
v -263.590149 767.822876 319.566528
v -357.730774 700.344116 398.434662
v -263.590149 767.822876 319.566528
v -385.689331 614.289795 291.434753
v -291.548737 681.768555 212.566650
v -385.969604 614.535400 291.310394
v -263.870483 768.068542 319.442200
v -291.829041 682.014221 212.442261
v -263.870483 768.068542 319.442200
v -385.969604 614.535400 291.310394
v -358.011108 700.589783 398.310364
v -205.127701 597.473816 412.681030
v -296.023773 763.110962 352.895386
v -288.988281 691.912598 473.383301
v -296.023773 763.110962 352.895386
v -205.127701 597.473816 412.681030
v -212.163177 668.672241 292.193146
v -205.441879 597.263062 412.574829
v -296.337982 762.900146 352.789185
v -212.477356 668.461426 292.086945
v -296.337982 762.900146 352.789185
v -205.441879 597.263062 412.574829
v -289.302460 691.701904 473.277100
v -198.071289 753.468628 341.477936
v -310.115692 678.314514 303.610535
v -303.080170 607.116089 424.098419
v -198.071289 753.468628 341.477936
v -303.080170 607.116089 424.098419
v -191.035828 682.270264 461.965820
v -302.845032 606.851257 423.928284
v -197.836151 753.203857 341.307770
v -190.800674 682.005371 461.795654
v -197.836151 753.203857 341.307770
v -302.845032 606.851257 423.928284
v -309.880554 678.049683 303.440308
v -270.865051 727.558472 368.748871
v -156.117126 587.708984 287.834991
v -246.031265 683.048828 238.218445
v -156.117126 587.708984 287.834991
v -270.865051 727.558472 368.748871
v -180.950928 632.218628 418.365356
v -156.410339 587.449463 287.867706
v -271.158264 727.299072 368.781586
v -246.324448 682.789246 238.251129
v -271.158264 727.299072 368.781586
v -156.410339 587.449463 287.867706
v -181.244186 631.959351 418.398071
v 463.060242 637.957703 -307.815491
v 521.317627 617.591553 -180.320801
v 338.327240 665.195129 -246.469116
v 521.317627 617.591553 -180.320801
v 396.584595 644.828979 -118.974426
v 338.327240 665.195129 -246.469116
v 287.091248 577.653381 -204.805969
v 410.512573 732.848999 -176.369507
v 315.352539 664.639526 -96.647400
v 410.512573 732.848999 -176.369507
v 287.091248 577.653381 -204.805969
v 382.251251 645.862793 -284.528076
v 286.807953 577.901672 -204.931580
v 410.229218 733.097351 -176.495239
v 381.967926 646.111206 -284.653748
v 410.229218 733.097351 -176.495239
v 286.807953 577.901672 -204.931580
v 315.069214 664.887939 -96.773071
v 430.831085 722.140259 -126.654602
v 491.477173 549.630615 -208.444702
v 439.031799 671.276245 -258.598450
v 491.477173 549.630615 -208.444702
v 430.831085 722.140259 -126.654602
v 483.276428 600.494568 -76.500916
v 491.108887 549.485474 -208.411682
v 430.462921 721.995239 -126.621521
v 438.663544 671.131104 -258.565430
v 430.462921 721.995239 -126.621521
v 491.108887 549.485474 -208.411682
v 482.908264 600.349487 -76.467834
v 417.038361 658.394531 -175.479431
v 346.215363 658.394531 -298.148438
v 346.215393 516.748535 -298.148438
v 417.038361 658.394531 -175.479431
v 346.215393 516.748535 -298.148438
v 417.038391 516.748535 -175.479431
v 346.559326 658.394531 -298.347046
v 417.382324 658.394531 -175.678101
v 346.559357 516.748535 -298.347046
v 417.382324 658.394531 -175.678101
v 417.382385 516.748535 -175.678101
v 346.559357 516.748535 -298.347046
v 321.839081 647.219177 -84.576355
v 457.584930 581.485352 -216.407043
v 377.618408 697.797058 -204.551941
v 321.839081 647.219177 -84.576355
v 401.805634 530.907532 -96.431458
v 457.584930 581.485352 -216.407043
v 401.517517 530.730713 -96.640015
v 321.551025 647.042358 -84.784851
v 457.296814 581.308594 -216.615601
v 321.551025 647.042358 -84.784851
v 377.330292 697.620239 -204.760437
v 457.296814 581.308594 -216.615601
v 404.505707 528.695618 -229.839233
v 351.096893 719.140869 -261.545654
v 378.129364 640.456177 -146.908936
v 351.096893 719.140869 -261.545654
v 404.505707 528.695618 -229.839233
v 377.473267 607.380188 -344.475891
v 377.746521 640.351990 -146.890198
v 350.714111 719.036560 -261.526917
v 404.122955 528.591370 -229.820557
v 404.122955 528.591370 -229.820557
v 350.714111 719.036560 -261.526917
v 377.090515 607.275879 -344.457153
v 469.608154 512.976929 -75.112061
v 377.727661 674.503418 -149.907532
v 384.839539 613.422729 -22.305908
v 377.727661 674.503418 -149.907532
v 469.608154 512.976929 -75.112061
v 462.496277 574.057434 -202.713745
v 411.636780 562.989746 -292.646729
v 390.816956 721.976562 -172.576294
v 310.599670 609.867493 -205.139221
v 390.816956 721.976562 -172.576294
v 411.636780 562.989746 -292.646729
v 491.854065 675.098755 -260.083923
v 411.472809 563.193848 -292.945374
v 390.652985 722.180603 -172.875000
v 491.690063 675.302795 -260.382568
v 390.652985 722.180603 -172.875000
v 411.472809 563.193848 -292.945374
v 310.435730 610.071533 -205.437866
v 354.076172 708.988525 -232.103455
v 489.662292 582.116333 -156.956726
v 412.333557 688.622437 -104.608826
v 489.662292 582.116333 -156.956726
v 354.076172 708.988525 -232.103455
v 431.404877 602.482361 -284.451416
v 489.952148 582.371826 -157.048340
v 354.366119 709.244141 -232.195190
v 412.623474 688.877930 -104.700500
v 354.366119 709.244141 -232.195190
v 489.952148 582.371826 -157.048340
v 431.694794 602.737915 -284.543030
v 406.707275 606.939087 -323.890686
v 276.668182 626.597656 -172.792786
v 303.742004 526.464661 -269.250061
v 276.668182 626.597656 -172.792786
v 406.707275 606.939087 -323.890686
v 379.633453 707.072144 -227.433533
v 303.480042 526.632019 -269.497131
v 276.406219 626.764954 -173.040100
v 406.445282 607.106445 -324.137817
v 276.406219 626.764954 -173.040100
v 379.371521 707.239441 -227.680786
v 406.445282 607.106445 -324.137817
v 448.997314 657.334717 -307.536255
v 323.445770 677.623962 -245.176636
v 309.068420 537.688721 -228.594177
v 448.997314 657.334717 -307.536255
v 309.068420 537.688721 -228.594177
v 434.619995 517.399414 -290.953796
v 448.817963 657.311279 -307.889893
v 308.889038 537.665222 -228.947754
v 323.266388 677.600525 -245.530273
v 308.889038 537.665222 -228.947754
v 448.817963 657.311279 -307.889893
v 434.440582 517.375916 -291.307373
v 514.884705 614.218079 -154.138794
v 468.654449 480.704041 -164.156464
v 421.796783 653.887329 -253.257843
v 421.796783 653.887329 -253.257843
v 468.654449 480.704041 -164.156464
v 375.566681 520.373413 -263.275574
v 506.732971 636.226562 -247.402527
v 398.811523 638.476318 -155.688416
v 492.147705 496.003510 -261.125580
v 398.811523 638.476318 -155.688416
v 384.226227 498.253265 -169.411469
v 492.147705 496.003510 -261.125580
v 442.473328 570.630188 -213.372925
v 333.142242 737.944214 -199.959412
v 341.436218 617.507996 -125.865417
v 333.142242 737.944214 -199.959412
v 442.473328 570.630188 -213.372925
v 434.179321 691.066406 -287.466919
v 442.195953 570.467651 -213.606079
v 332.864838 737.781616 -200.192566
v 433.901947 690.903809 -287.700073
v 332.864838 737.781616 -200.192566
v 442.195953 570.467651 -213.606079
v 341.158875 617.345398 -126.098572
v 338.420715 665.580688 -246.450195
v 396.678101 645.214539 -118.955566
v 521.411072 617.977112 -180.301941
v 338.420715 665.580688 -246.450195
v 521.411072 617.977112 -180.301941
v 463.153687 638.343262 -307.796692
v 469.290558 512.755371 -75.200378
v 377.410095 674.281799 -149.995911
v 462.178680 573.835938 -202.802063
v 377.410095 674.281799 -149.995911
v 469.290558 512.755371 -75.200378
v 384.522003 613.201233 -22.394287
v 476.740784 663.787903 -160.555298
v 363.483154 584.772888 -192.065918
v 370.595032 523.692322 -64.464355
v 476.740784 663.787903 -160.555298
v 370.595032 523.692322 -64.464355
v 483.852661 602.707397 -32.953674
v 498.085876 527.741821 -98.152328
v 349.725464 659.175110 -127.163475
v 386.371460 570.977417 -22.560257
v 349.725464 659.175110 -127.163475
v 498.085876 527.741821 -98.152328
v 461.439819 615.939575 -202.755493
v 520.703979 804.486633 145.106750
v 338.419128 802.058228 237.052368
v 442.870483 704.890869 214.866669
v 338.419128 802.058228 237.052368
v 520.703979 804.486633 145.106750
v 416.252563 901.654053 167.292480
v 338.244568 801.950317 236.703369
v 520.529297 804.378723 144.757935
v 442.695862 704.782837 214.517731
v 520.529297 804.378723 144.757935
v 338.244568 801.950317 236.703369
v 416.078003 901.546143 166.943542
v 389.748016 787.566895 103.652039
v 215.063980 681.868958 104.692627
v 292.609222 751.894836 204.326660
v 215.063980 681.868958 104.692627
v 389.748016 787.566895 103.652039
v 312.202850 717.541077 4.018066
v 215.269958 681.529419 104.771057
v 312.408752 717.201416 4.096436
v 389.953949 787.227295 103.730469
v 389.953949 787.227295 103.730469
v 292.815094 751.555237 204.405029
v 215.269958 681.529419 104.771057
v 530.626587 788.191284 198.535461
v 419.779144 879.396851 183.103027
v 513.302002 744.061279 62.167480
v 419.779144 879.396851 183.103027
v 402.454498 835.267029 46.734985
v 513.302002 744.061279 62.167480
v 402.709259 835.555359 46.609314
v 420.033936 879.685303 182.977295
v 513.556824 744.349670 62.041809
v 513.556824 744.349670 62.041809
v 420.033936 879.685303 182.977295
v 530.881348 788.479553 198.409790
v 393.673553 836.786011 87.821045
v 294.147308 797.392090 261.689697
v 365.257141 911.122681 208.280151
v 294.147308 797.392090 261.689697
v 393.673553 836.786011 87.821045
v 322.563721 723.055420 141.230713
v 394.016693 836.649048 87.986511
v 294.490509 797.255249 261.855164
v 322.906891 722.918518 141.396118
v 294.490509 797.255249 261.855164
v 394.016693 836.649048 87.986511
v 365.600311 910.985718 208.445557
v 376.487793 786.732483 138.144531
v 503.066101 638.538391 77.283508
v 511.266785 782.379333 86.574097
v 503.066101 638.538391 77.283508
v 376.487793 786.732483 138.144531
v 368.287109 642.891418 128.853943
v 376.344574 786.764893 137.767334
v 502.922852 638.570923 76.906311
v 368.143860 642.923950 128.476624
v 502.922852 638.570923 76.906311
v 376.344574 786.764893 137.767334
v 511.123535 782.411865 86.196899
v 416.377655 924.026978 93.391663
v 377.614899 900.638794 230.483765
v 366.769348 759.262878 203.298035
v 366.769348 759.262878 203.298035
v 405.532104 782.651245 66.205994
v 416.377655 924.026978 93.391663
v 415.988892 924.076355 93.290161
v 366.380615 759.312256 203.196533
v 377.226135 900.688049 230.382263
v 366.380615 759.312256 203.196533
v 415.988892 924.076355 93.290161
v 405.143341 782.700562 66.104431
v 342.889801 867.944336 80.188232
v 201.524185 781.674194 199.607117
v 334.179169 834.716187 220.416016
v 201.524185 781.674194 199.607117
v 342.889801 867.944336 80.188232
v 210.234787 814.902222 59.379272
v 201.682098 781.309265 199.530457
v 343.047638 867.579468 80.111572
v 334.337067 834.351440 220.339355
v 343.047638 867.579468 80.111572
v 201.682098 781.309265 199.530457
v 210.392685 814.537354 59.302673
v 254.773071 877.199036 196.621521
v 387.768005 856.404175 248.810974
v 343.931702 734.110840 311.791504
v 343.931702 734.110840 311.791504
v 210.936813 754.905762 259.602020
v 254.773071 877.199036 196.621521
v 254.674530 877.406128 196.955078
v 343.833160 734.317932 312.125061
v 387.669525 856.611206 249.144531
v 343.833160 734.317932 312.125061
v 254.674530 877.406128 196.955078
v 210.838242 755.112793 259.935638
v 471.923584 626.938660 143.801941
v 396.675232 787.548645 244.943909
v 455.064056 767.291809 114.467102
v 396.675232 787.548645 244.943909
v 471.923584 626.938660 143.801941
v 413.534790 647.195557 274.278809
v 304.116821 752.953979 222.210022
v 197.770157 701.661499 55.635498
v 219.253372 642.110840 185.389099
v 197.770157 701.661499 55.635498
v 304.116821 752.953979 222.210022
v 282.633606 812.504761 92.456482
v 219.575272 641.912354 185.244720
v 198.092072 701.463074 55.491089
v 304.438782 752.755493 222.065674
v 304.438782 752.755493 222.065674
v 198.092072 701.463074 55.491089
v 282.955536 812.306274 92.312073
v 258.575165 787.433960 276.117279
v 244.638916 773.535095 133.091309
v 188.632690 641.726685 151.357330
v 258.575165 787.433960 276.117279
v 188.632690 641.726685 151.357330
v 202.568939 655.625488 294.383331
v 245.009979 773.374512 133.070740
v 258.946289 787.273438 276.096771
v 189.003784 641.566284 151.336700
v 258.946289 787.273438 276.096771
v 202.940002 655.465088 294.362732
v 189.003784 641.566284 151.336700
v 496.798035 831.369324 169.608154
v 376.623627 906.166077 198.022156
v 424.227966 751.069092 74.060913
v 424.227966 751.069092 74.060913
v 376.623627 906.166077 198.022156
v 304.053467 825.865784 102.474976
v 424.322479 751.332153 73.768188
v 376.718079 906.429138 197.729309
v 496.892517 831.632446 169.315247
v 376.718079 906.429138 197.729309
v 424.322479 751.332153 73.768188
v 304.147980 826.128845 102.182190
v 469.427246 778.754700 179.623718
v 418.327393 790.357178 45.094971
v 410.126678 646.516113 35.804260
v 469.427246 778.754700 179.623718
v 410.126678 646.516113 35.804260
v 461.226562 634.913574 170.333099
v 418.705322 790.344971 44.950317
v 469.805176 778.742432 179.479065
v 410.504608 646.503967 35.659729
v 469.805176 778.742432 179.479065
v 461.604492 634.901489 170.188446
v 410.504608 646.503967 35.659729
v 350.079926 695.454895 272.677612
v 258.954620 873.914856 233.488464
v 314.686554 811.399048 351.087311
v 258.954620 873.914856 233.488464
v 350.079926 695.454895 272.677612
v 294.347961 757.970886 155.078796
v 349.719849 695.289185 272.760132
v 258.594574 873.749207 233.570984
v 293.987976 757.805176 155.161316
v 258.594574 873.749207 233.570984
v 349.719849 695.289185 272.760132
v 314.326508 811.233276 351.169800
v 397.042480 787.624634 245.096436
v 472.290833 627.014648 143.954437
v 455.431274 767.367859 114.619568
v 472.290833 627.014648 143.954437
v 397.042480 787.624634 245.096436
v 413.901978 647.271484 274.431366
v 286.789978 845.197632 195.024109
v 182.141144 670.261536 206.582123
v 217.622833 761.156433 100.172607
v 182.141144 670.261536 206.582123
v 286.789978 845.197632 195.024109
v 251.308289 754.302795 301.433533
v 239.160309 802.298645 72.405579
v 365.747955 758.423828 -81.666443
v 243.587433 701.038025 -30.407410
v 239.160309 802.298645 72.405579
v 361.320770 859.684509 21.146423
v 365.747955 758.423828 -81.666443
v 243.802826 700.798462 -30.162231
v 365.963318 758.184204 -81.421265
v 239.375671 802.059082 72.650696
v 361.536194 859.444946 21.391602
v 239.375671 802.059082 72.650696
v 365.963318 758.184204 -81.421265
v 350.831421 809.274231 328.156189
v 301.257843 878.130737 211.344360
v 419.996277 715.137512 243.313293
v 419.996277 715.137512 243.313293
v 301.257843 878.130737 211.344360
v 370.422668 783.994141 126.501282
v 420.323273 715.376221 243.315094
v 301.584869 878.369446 211.346130
v 351.158447 809.512695 328.158112
v 301.584869 878.369446 211.346130
v 420.323273 715.376221 243.315094
v 370.749664 784.232727 126.503174
v 327.098969 719.659180 285.403046
v 394.155182 873.609070 169.254456
v 443.728760 804.752441 286.066406
v 394.155182 873.609070 169.254456
v 327.098969 719.659180 285.403046
v 277.525421 788.515808 168.591125
v 326.905029 719.923035 285.640930
v 393.961212 873.873047 169.492371
v 277.331451 788.779846 168.829041
v 393.961212 873.873047 169.492371
v 326.905029 719.923035 285.640930
v 443.534821 805.016479 286.304321
v 445.393677 543.520691 277.365662
v 289.646820 513.221680 386.868256
v 424.019592 517.397156 409.440186
v 289.646820 513.221680 386.868256
v 445.393677 543.520691 277.365662
v 311.020844 539.345337 254.793823
v 339.416473 569.589722 331.519806
v 385.444427 462.630524 177.873871
v 269.703979 492.273163 243.512482
v 385.444427 462.630524 177.873871
v 339.416473 569.589722 331.519806
v 455.156921 539.947021 265.881165
v 385.495148 462.326843 178.100403
v 339.467194 569.286072 331.746338
v 269.754730 491.969543 243.739075
v 339.467194 569.286072 331.746338
v 385.495148 462.326843 178.100403
v 455.207611 539.643372 266.107666
v 311.490173 544.871094 339.005035
v 408.721191 639.747925 350.294342
v 390.638794 473.913513 253.661682
v 390.638794 473.913513 253.661682
v 408.721191 639.747925 350.294342
v 487.869812 568.790405 264.950958
v 408.871277 639.558960 350.590698
v 390.788879 473.724518 253.958099
v 488.019897 568.601440 265.247375
v 390.788879 473.724518 253.958099
v 408.871277 639.558960 350.590698
v 311.640259 544.682007 339.301392
v 324.303558 543.105591 243.484406
v 475.056458 570.555908 360.471588
v 377.825409 475.679016 349.182312
v 475.056458 570.555908 360.471588
v 324.303558 543.105591 243.484406
v 421.534607 637.982544 254.773712
v 410.737000 667.476807 335.884125
v 299.602051 754.701660 365.626953
v 450.632782 755.016846 228.232483
v 450.632782 755.016846 228.232483
v 299.602051 754.701660 365.626953
v 339.497864 842.241943 257.975342
v 410.969910 667.686035 336.140564
v 450.865753 755.226196 228.489014
v 299.835022 754.911133 365.883453
v 450.865753 755.226196 228.489014
v 339.730804 842.451172 258.231934
v 299.835022 754.911133 365.883453
v 356.193970 867.103638 71.076294
v 489.009644 737.303284 -13.773438
v 473.607544 796.698303 116.912476
v 489.009644 737.303284 -13.773438
v 356.193970 867.103638 71.076294
v 371.596008 807.708557 -59.609619
v 489.241211 737.614868 -13.887878
v 356.425537 867.415222 70.961914
v 473.839111 797.010132 116.798035
v 356.425537 867.415222 70.961914
v 489.241211 737.614868 -13.887878
v 371.827606 808.020203 -59.723999
v 226.040192 827.609375 69.966614
v 246.227570 671.790283 200.352509
v 227.379700 683.762512 57.715759
v 246.227570 671.790283 200.352509
v 226.040192 827.609375 69.966614
v 244.888062 815.637085 212.603333
v 225.638855 827.601135 70.018921
v 245.826263 671.781982 200.404877
v 244.486694 815.628967 212.655701
v 245.826263 671.781982 200.404877
v 225.638855 827.601135 70.018921
v 226.978363 683.754272 57.768127
v 343.122070 617.953491 347.993347
v 373.630157 758.896912 341.065613
v 259.428162 779.393494 255.149231
v 259.428162 779.393494 255.149231
v 228.920166 638.450073 262.076935
v 343.122070 617.953491 347.993347
v 443.664459 744.312012 174.053345
v 323.490112 819.108765 202.467346
v 477.361511 838.126343 69.615784
v 477.361511 838.126343 69.615784
v 323.490112 819.108765 202.467346
v 357.187042 912.922974 98.029785
v 477.564972 838.351562 69.883728
v 323.693542 819.333984 202.735168
v 443.867981 744.537231 174.321228
v 323.693542 819.333984 202.735168
v 477.564972 838.351562 69.883728
v 357.390564 913.148254 98.297729
v 343.826141 814.112915 155.376648
v 278.150055 823.670532 -37.711243
v 216.766205 840.075073 91.929565
v 278.150055 823.670532 -37.711243
v 343.826141 814.112915 155.376648
v 405.209961 797.708374 25.735840
v 384.856659 846.084900 123.840515
v 236.694366 791.390991 -5.558594
v 356.170502 728.340942 45.372314
v 236.694366 791.390991 -5.558594
v 384.856659 846.084900 123.840515
v 265.380554 909.135010 72.909668
v 250.967163 754.511047 301.497742
v 286.448792 845.406067 195.088196
v 181.800018 670.469788 206.646301
v 181.800018 670.469788 206.646301
v 286.448792 845.406067 195.088196
v 217.281693 761.364685 100.236755
v 469.068054 755.437073 123.757507
v 498.271362 760.174072 -17.552551
v 386.047455 639.212646 102.704346
v 498.271362 760.174072 -17.552551
v 415.250732 643.949585 -38.605652
v 386.047455 639.212646 102.704346
v 386.368286 638.972839 102.762695
v 498.592346 759.934265 -17.494263
v 469.388916 755.197388 123.815796
v 498.592346 759.934265 -17.494263
v 386.368286 638.972839 102.762695
v 415.571625 643.709778 -38.547363
v 309.970581 758.024719 -70.069336
v 408.112061 650.598206 73.162781
v 284.975586 725.823486 68.430298
v 408.112061 650.598206 73.162781
v 309.970581 758.024719 -70.069336
v 433.107056 682.799561 -65.336853
v 310.169952 758.358215 -69.955811
v 408.311401 650.931763 73.276306
v 433.306396 683.132996 -65.223328
v 408.311401 650.931763 73.276306
v 310.169952 758.358215 -69.955811
v 285.174957 726.157043 68.543823
v 339.334595 428.609344 279.629364
v 394.631042 600.660400 212.497620
v 342.880676 555.181213 330.126404
v 394.631042 600.660400 212.497620
v 339.334595 428.609344 279.629364
v 391.084930 474.088562 162.000702
v 394.277557 600.722656 212.366272
v 338.981079 428.671692 279.497925
v 342.527222 555.243530 329.994965
v 338.981079 428.671692 279.497925
v 394.277557 600.722656 212.366272
v 390.731445 474.150879 161.869263
v 289.670258 512.846802 386.797882
v 445.417145 543.145630 277.295258
v 424.043091 517.022156 409.369812
v 445.417145 543.145630 277.295258
v 289.670258 512.846802 386.797882
v 311.044342 538.970215 254.723358
v 343.354523 617.887085 347.668610
v 259.660675 779.327271 254.824463
v 373.862549 758.830688 340.740845
v 259.660675 779.327271 254.824463
v 343.354523 617.887085 347.668610
v 229.152588 638.383789 261.752228
v 389.564423 647.708801 289.627136
v 314.738556 837.630615 285.334961
v 318.181732 731.446960 383.095032
v 314.738556 837.630615 285.334961
v 389.564423 647.708801 289.627136
v 386.121277 753.892273 191.867126
v 389.193848 647.628601 289.485229
v 314.368103 837.550415 285.193054
v 385.750732 753.812073 191.725220
v 314.368103 837.550415 285.193054
v 389.193848 647.628601 289.485229
v 317.811188 731.366760 382.953064
v 497.756836 784.832031 184.657043
v 378.664886 659.035889 292.731354
v 446.362946 783.697510 319.568848
v 378.664886 659.035889 292.731354
v 497.756836 784.832031 184.657043
v 430.058777 660.170410 157.819580
v 378.992126 658.831787 292.854279
v 498.084106 784.627930 184.779968
v 446.690247 783.493286 319.691742
v 498.084106 784.627930 184.779968
v 378.992126 658.831787 292.854279
v 430.386047 659.966187 157.942505
v 474.834503 570.754883 360.710876
v 324.081635 543.304565 243.723724
v 377.603455 475.877960 349.421600
v 324.081635 543.304565 243.723724
v 474.834503 570.754883 360.710876
v 421.312683 638.181458 255.013062
v 445.523712 443.412476 229.697144
v 357.899170 607.143188 281.466766
v 357.899292 528.953674 169.800354
v 357.899170 607.143188 281.466766
v 445.523712 443.412476 229.697144
v 445.523590 521.601990 341.363464
v 445.816498 443.613678 229.556244
v 358.191986 607.344482 281.325806
v 445.816406 521.803223 341.222504
v 358.191986 607.344482 281.325806
v 445.816498 443.613678 229.556244
v 358.192108 529.154968 169.659454
v 375.098511 545.996582 416.767792
v 467.941986 531.302734 248.452179
v 440.461548 445.972656 351.148804
v 467.941986 531.302734 248.452179
v 375.098511 545.996582 416.767792
v 402.578949 631.326599 314.071228
v 468.268433 531.403625 248.623413
v 375.424988 546.097534 416.939056
v 440.787994 446.073639 351.320038
v 375.424988 546.097534 416.939056
v 468.268433 531.403625 248.623413
v 402.905426 631.427612 314.242554
v 463.812134 545.463562 246.511597
v 378.861816 532.396667 419.076447
v 499.684937 495.228668 368.054138
v 378.861816 532.396667 419.076447
v 463.812134 545.463562 246.511597
v 342.989014 582.631592 297.533936
v 466.874756 727.501221 13.174133
v 305.335815 634.883301 -70.579895
v 442.173431 597.269043 -44.038513
v 305.335815 634.883301 -70.579895
v 466.874756 727.501221 13.174133
v 330.037079 765.115295 -13.367310
v 466.983643 727.640503 12.809998
v 305.444733 635.022583 -70.944153
v 330.145996 765.254700 -13.731506
v 305.444733 635.022583 -70.944153
v 466.983643 727.640503 12.809998
v 442.282349 597.408447 -44.402649
v -90.429626 737.370544 -189.376648
v -214.326401 584.568176 -225.639709
v -226.664383 725.475098 -225.509766
v -214.326401 584.568176 -225.639709
v -90.429626 737.370544 -189.376648
v -78.091660 596.463684 -189.506592
v -90.530533 737.361328 -188.993164
v -214.427292 584.558960 -225.256226
v -78.192558 596.454468 -189.123108
v -214.427292 584.558960 -225.256226
v -90.530533 737.361328 -188.993164
v -226.765259 725.465942 -225.126282
v 500.417542 626.968018 50.236328
v 425.850647 727.419678 122.299011
v 423.848724 810.583801 4.300842
v 500.417542 626.968018 50.236328
v 423.848724 810.583801 4.300842
v 498.415527 710.132019 -67.761841
v 342.236938 737.982056 64.739929
v 416.803772 637.530334 -7.322754
v 465.847534 799.925537 106.300049
v 416.803772 637.530334 -7.322754
v 540.414368 699.473816 34.237305
v 465.847534 799.925537 106.300049
v 416.798187 637.763550 -7.653625
v 342.231323 738.215210 64.409058
v 465.841858 800.158691 105.969116
v 416.798187 637.763550 -7.653625
v 465.841858 800.158691 105.969116
v 540.408752 699.706970 33.906433
v 371.283478 738.927734 234.757843
v 289.459045 633.163818 180.328400
v 258.039429 787.981934 309.679840
v 289.459045 633.163818 180.328400
v 176.215057 682.217957 255.250336
v 258.039429 787.981934 309.679840
v 289.561127 632.925049 180.638916
v 371.385498 738.688843 235.068451
v 258.141510 787.743042 309.990356
v 289.561127 632.925049 180.638916
v 258.141510 787.743042 309.990356
v 176.317123 681.979126 255.560913
v 395.420502 750.934082 235.429504
v 470.668823 590.324036 134.287445
v 453.809296 730.677246 104.952576
v 470.668823 590.324036 134.287445
v 395.420502 750.934082 235.429504
v 412.280029 610.580933 264.764404
v 470.301605 590.248169 134.134918
v 395.053314 750.858154 235.276978
v 453.442078 730.601318 104.800110
v 395.053314 750.858154 235.276978
v 470.301605 590.248169 134.134918
v 411.912842 610.504883 264.611877
v 302.494873 716.263428 212.543121
v 196.148224 664.970947 45.968445
v 217.631439 605.420166 175.722137
v 196.148224 664.970947 45.968445
v 302.494873 716.263428 212.543121
v 281.011658 775.814209 82.789490
v 488.637634 603.352966 248.290894
v 379.639130 527.309326 217.965179
v 386.483582 468.525757 340.768372
v 488.637634 603.352966 248.290894
v 386.483582 468.525757 340.768372
v 495.482117 544.569397 371.093994
v 427.620361 451.703735 340.625885
v 447.958313 619.632874 248.148346
v 483.479858 572.298218 370.951508
v 447.958313 619.632874 248.148346
v 427.620361 451.703735 340.625885
v 392.098816 499.038391 217.822784
v 467.805267 742.064148 169.956726
v 416.705383 753.666565 35.427917
v 408.504700 609.825562 26.137207
v 467.805267 742.064148 169.956726
v 408.504700 609.825562 26.137207
v 459.604584 598.223022 160.666107
v 417.083282 753.654419 35.283325
v 468.183167 742.051880 169.812073
v 408.882599 609.813354 25.992676
v 468.183167 742.051880 169.812073
v 459.982483 598.210876 160.521484
v 408.882599 609.813354 25.992676
v 426.197235 727.593384 122.415588
v 500.764099 627.141724 50.352844
v 424.195282 810.757446 4.417419
v 500.764099 627.141724 50.352844
v 498.762146 710.305725 -67.645325
v 424.195282 810.757446 4.417419
v 354.571991 830.413086 61.409241
v 487.387634 700.612671 -23.440491
v 471.985565 760.007751 107.245422
v 487.387634 700.612671 -23.440491
v 354.571991 830.413086 61.409241
v 369.974030 771.017883 -69.276733
v 487.619202 700.924377 -23.554932
v 354.803589 830.724731 61.294922
v 472.217102 760.319580 107.131042
v 354.803589 830.724731 61.294922
v 487.619202 700.924377 -23.554932
v 370.205658 771.329651 -69.391052
v 387.942413 611.018188 279.960236
v 313.116638 800.940002 275.668030
v 316.559784 694.756409 373.428162
v 313.116638 800.940002 275.668030
v 387.942413 611.018188 279.960236
v 384.499298 717.201721 182.200195
v 387.571869 610.937988 279.818298
v 312.746124 800.859802 275.526062
v 384.128723 717.121521 182.058228
v 312.746124 800.859802 275.526062
v 387.571869 610.937988 279.818298
v 316.189270 694.676270 373.286224
v 496.134827 748.141418 174.990051
v 377.042908 622.345276 283.064453
v 444.740967 747.007019 309.901917
v 377.042908 622.345276 283.064453
v 496.134827 748.141418 174.990051
v 428.436798 623.479858 148.152588
v 417.876709 600.544312 283.187378
v 455.955505 769.534180 175.112976
v 412.359406 742.294434 310.024872
v 455.955505 769.534180 175.112976
v 417.876709 600.544312 283.187378
v 461.472809 627.783997 148.275513
v 467.446045 718.746521 114.090515
v 496.649414 723.483521 -27.219666
v 384.425415 602.522095 93.037354
v 496.649414 723.483521 -27.219666
v 413.628723 607.258911 -48.272766
v 384.425415 602.522095 93.037354
v 384.746338 602.282104 93.095673
v 496.970337 723.243713 -27.161316
v 467.766907 718.506714 114.148804
v 496.970337 723.243713 -27.161316
v 384.746338 602.282104 93.095673
v 413.949677 607.019165 -48.214417
v -274.848450 648.124207 -225.554138
v -156.161850 573.853882 -368.422791
v -281.759460 538.045532 -314.108765
v -156.161850 573.853882 -368.422791
v -274.848450 648.124207 -225.554138
v -149.250809 683.932495 -279.868042
v -274.667053 647.896240 -225.284973
v -155.980469 573.625916 -368.153564
v -149.069427 683.704712 -279.598938
v -155.980469 573.625916 -368.153564
v -274.667053 647.896240 -225.284973
v -281.578094 537.817566 -313.839661
v -192.500122 659.597534 -87.192200
v -276.132690 517.213501 -200.092102
v -258.194946 656.974121 -212.429260
v -276.132690 517.213501 -200.092102
v -192.500122 659.597534 -87.192200
v -210.437866 519.836914 -74.855103
v -192.847733 659.658203 -87.011108
v -276.480286 517.274109 -199.910950
v -210.785477 519.897522 -74.673950
v -276.480286 517.274109 -199.910950
v -192.847733 659.658203 -87.011108
v -258.542572 657.034790 -212.248108
v -130.178085 504.477631 -308.706085
v -61.122898 672.017944 -223.997192
v -119.604530 639.745605 -348.678467
v -61.122898 672.017944 -223.997192
v -130.178085 504.477631 -308.706085
v -71.696411 536.750061 -184.024963
v -129.818161 504.405151 -308.856201
v -119.244644 639.673096 -348.828491
v -60.762993 671.945618 -224.147339
v -60.762993 671.945618 -224.147339
v -71.336502 536.677551 -184.175049
v -129.818161 504.405151 -308.856201
v -214.154144 553.909912 -206.448242
v -178.610245 610.303162 -17.846924
v -294.789337 589.068481 -95.683411
v -178.610245 610.303162 -17.846924
v -214.154144 553.909912 -206.448242
v -97.975060 575.144653 -128.611755
v -178.602661 610.682678 -17.961853
v -214.146515 554.289429 -206.563110
v -294.781738 589.447876 -95.798340
v -214.146515 554.289429 -206.563110
v -178.602661 610.682678 -17.961853
v -97.967438 575.524231 -128.726685
v -62.478004 558.142334 -78.902954
v -198.945221 595.039429 -83.626709
v -60.639576 546.892334 -219.888977
v -198.945221 595.039429 -83.626709
v -197.106781 583.789368 -224.612732
v -60.639576 546.892334 -219.888977
v -60.535416 547.273926 -219.918030
v -197.002579 584.170959 -224.641785
v -198.841019 595.420959 -83.655762
v -60.535416 547.273926 -219.918030
v -198.841019 595.420959 -83.655762
v -62.373821 558.523865 -78.932068
v -116.622360 634.754639 -284.502502
v -267.814911 690.957581 -166.197632
v -128.460327 673.810547 -149.071838
v -267.814911 690.957581 -166.197632
v -116.622360 634.754639 -284.502502
v -255.976913 651.901672 -301.628540
v -267.874176 690.579529 -166.093750
v -116.681671 634.376404 -284.398743
v -128.519623 673.432495 -148.967896
v -116.681671 634.376404 -284.398743
v -267.874176 690.579529 -166.093750
v -256.036224 651.523560 -301.524597
v 217.953339 605.221741 175.577728
v 196.470154 664.772461 45.824097
v 302.816833 716.064941 212.398743
v 302.816833 716.064941 212.398743
v 196.470154 664.772461 45.824097
v 281.333557 775.615662 82.645081
v 237.538361 765.608032 62.738525
v 364.125977 721.733215 -91.333557
v 241.965515 664.347412 -40.074463
v 237.538361 765.608032 62.738525
v 359.698853 822.993896 11.479370
v 364.125977 721.733215 -91.333557
v 242.180908 664.107788 -39.829346
v 364.341370 721.493652 -91.088379
v 237.753784 765.368469 62.983704
v 359.914246 822.754333 11.724548
v 237.753784 765.368469 62.983704
v 364.341370 721.493652 -91.088379
v 409.115021 630.786133 326.217255
v 297.980103 718.011108 355.960052
v 449.010864 718.326233 218.565552
v 449.010864 718.326233 218.565552
v 297.980103 718.011108 355.960052
v 337.875946 805.551208 248.308411
v 409.347931 630.995422 326.473755
v 449.243805 718.535583 218.822113
v 298.213013 718.220581 356.216583
v 449.243805 718.535583 218.822113
v 338.108917 805.760498 248.564941
v 298.213013 718.220581 356.216583
v -92.796967 718.626831 -112.921326
v -92.095848 585.356628 -160.309021
v -192.575012 751.748901 -207.548340
v -92.095848 585.356628 -160.309021
v -191.873932 618.478882 -254.936035
v -192.575012 751.748901 -207.548340
v -192.856110 751.653870 -207.285217
v -92.376968 585.261597 -160.045898
v -93.078064 718.531738 -112.658264
v -92.376968 585.261597 -160.045898
v -192.856110 751.653870 -207.285217
v -192.155014 618.383789 -254.672974
v -237.747116 553.202637 -163.385376
v -229.442337 712.840271 -283.638855
v -150.789658 663.961853 -176.719788
v -229.442337 712.840271 -283.638855
v -237.747116 553.202637 -163.385376
v -316.399780 602.081055 -270.304321
v -237.968964 553.407776 -163.128418
v -229.664154 713.045288 -283.381836
v -316.621643 602.286255 -270.047485
v -229.664154 713.045288 -283.381836
v -237.968964 553.407776 -163.128418
v -151.011490 664.166870 -176.462769
v -229.778000 566.212219 -96.213501
v -137.728836 671.595276 -116.910706
v -223.885864 727.782104 -214.003601
v -229.778000 566.212219 -96.213501
v -223.885864 727.782104 -214.003601
v -315.934998 622.399048 -193.306458
v -315.755219 622.186462 -193.588928
v -223.706070 727.569519 -214.286072
v -229.598206 565.999756 -96.496033
v -137.549042 671.382812 -117.193176
v -229.598206 565.999756 -96.496033
v -223.706070 727.569519 -214.286072
v -173.271866 589.426880 -355.577881
v -106.500473 699.518127 -202.491455
v -231.276093 683.321106 -267.111084
v -106.500473 699.518127 -202.491455
v -173.271866 589.426880 -355.577881
v -48.496262 605.623901 -290.958191
v -106.408600 699.811340 -202.742249
v -173.179993 589.720032 -355.828796
v -231.184219 683.614197 -267.362061
v -173.179993 589.720032 -355.828796
v -106.408600 699.811340 -202.742249
v -48.404388 605.916992 -291.209106
v -317.821198 471.099487 -191.973145
v -212.898376 641.367493 -195.711182
v -264.843048 553.720032 -293.826660
v -212.898376 641.367493 -195.711182
v -317.821198 471.099487 -191.973145
v -265.876495 558.746948 -93.857544
v -317.483521 470.891571 -191.966217
v -212.560699 641.159729 -195.704163
v -265.538757 558.539001 -93.850586
v -212.560699 641.159729 -195.704163
v -317.483521 470.891571 -191.966217
v -264.505432 553.512085 -293.819763
v -184.617493 595.884521 -294.185608
v -233.404373 451.963470 -424.264679
v -220.824097 592.693542 -430.882019
v -233.404373 451.963470 -424.264679
v -184.617493 595.884521 -294.185608
v -197.197784 455.154510 -287.568268
v -184.999268 595.923340 -294.085388
v -233.786163 452.002319 -424.164429
v -197.579590 455.193390 -287.468048
v -233.786163 452.002319 -424.164429
v -184.999268 595.923340 -294.085388
v -221.205872 592.732422 -430.781799
v -128.477127 512.175232 -376.519043
v -323.155823 523.469177 -331.947083
v -231.937851 418.002625 -355.676758
v -323.155823 523.469177 -331.947083
v -128.477127 512.175232 -376.519043
v -219.695099 617.641785 -352.789612
v -323.243683 523.480164 -332.333679
v -128.565018 512.186218 -376.905762
v -232.025726 418.013641 -356.063324
v -128.565018 512.186218 -376.905762
v -323.243683 523.480164 -332.333679
v -219.782990 617.652832 -353.176147
v -51.929131 528.007996 -404.192017
v -198.727325 501.841888 -270.851654
v -58.477478 518.535583 -263.215454
v -198.727325 501.841888 -270.851654
v -51.929131 528.007996 -404.192017
v -192.178986 511.314301 -411.828278
v -198.679199 501.448944 -270.875824
v -51.881058 527.614990 -404.216187
v -58.429382 518.142578 -263.239563
v -51.881058 527.614990 -404.216187
v -198.679199 501.448944 -270.875824
v -192.130859 510.921356 -411.852448
v -192.268799 533.384399 -472.660706
v -115.973328 394.979462 -350.034821
v -189.035004 391.983734 -471.113373
v -115.973328 394.979462 -350.034821
v -192.268799 533.384399 -472.660706
v -119.207085 536.380188 -351.582153
v -192.608246 533.378845 -472.455688
v -116.312805 394.973969 -349.829803
v -119.546577 536.374634 -351.377075
v -116.312805 394.973969 -349.829803
v -192.608246 533.378845 -472.455688
v -189.374496 391.978210 -470.908508
v -98.327408 466.083160 -243.880768
v -258.252991 394.685425 -340.525330
v -217.377731 400.205353 -205.226593
v -258.252991 394.685425 -340.525330
v -98.327408 466.083160 -243.880768
v -139.202682 460.563263 -379.179474
v -217.196808 399.854736 -205.266907
v -258.072083 394.334808 -340.565704
v -98.146492 465.732574 -243.921173
v -98.146492 465.732574 -243.921173
v -258.072083 394.334808 -340.565704
v -139.021759 460.212585 -379.219788
v -249.270966 577.088745 -421.080017
v -217.744797 595.653931 -284.447510
v -124.499146 489.531799 -291.543152
v -249.270966 577.088745 -421.080017
v -124.499146 489.531799 -291.543152
v -156.025299 470.966583 -428.175629
v -89.629486 682.801758 -227.044495
v -183.130814 658.933105 -330.460022
v -65.812866 543.775208 -216.490234
v -183.130814 658.933105 -330.460022
v -159.314163 519.906677 -319.905823
v -65.812866 543.775208 -216.490234
v -96.898476 667.161987 -266.937988
v -132.557434 535.604919 -120.530396
v -194.053970 655.021423 -164.857422
v -132.557434 535.604919 -120.530396
v -96.898476 667.161987 -266.937988
v -35.401970 547.745483 -222.610962
v -132.326462 535.814758 -120.285583
v -96.667496 667.371826 -266.693237
v -193.822998 655.231201 -164.612732
v -96.667496 667.371826 -266.693237
v -132.326462 535.814758 -120.285583
v -35.170986 547.955383 -222.366089
v -154.943192 574.174805 -114.192139
v -259.360107 662.618896 -149.994141
v -171.634430 730.732056 -237.582947
v -154.943192 574.174805 -114.192139
v -171.634430 730.732056 -237.582947
v -67.217506 642.288025 -201.780945
v -171.529205 730.975586 -237.288086
v -154.837952 574.418396 -113.897278
v -67.112289 642.531616 -201.486084
v -154.837952 574.418396 -113.897278
v -171.529205 730.975586 -237.288086
v -259.254883 662.862366 -149.699341
v -192.685181 545.236938 -83.571655
v -228.627457 719.616943 -174.751526
v -112.585800 652.030762 -130.327881
v -228.627457 719.616943 -174.751526
v -192.685181 545.236938 -83.571655
v -308.726807 612.822998 -127.995239
v -94.093010 655.592590 -166.796753
v -175.223190 655.592590 -282.662659
v -175.223160 514.146423 -282.662659
v -94.093010 655.592590 -166.796753
v -175.223160 514.146423 -282.662659
v -94.092987 514.146423 -166.796753
v -174.898285 655.592590 -282.890137
v -93.768120 655.592590 -167.024292
v -174.898270 514.146423 -282.890137
v -93.768120 655.592590 -167.024292
v -93.768105 514.146423 -167.024292
v -174.898270 514.146423 -282.890137
v -121.261078 653.571777 -208.809509
v -201.501572 563.140137 -135.389038
v -236.546677 702.470825 -274.575195
v -201.501572 563.140137 -135.389038
v -316.787140 612.039062 -201.154724
v -236.546677 702.470825 -274.575195
v -201.548294 563.412476 -135.104614
v -121.307808 653.844177 -208.524963
v -236.593384 702.743164 -274.290710
v -236.593384 702.743164 -274.290710
v -316.833832 612.311523 -200.870239
v -201.548294 563.412476 -135.104614
v -227.703781 416.329010 -316.924286
v -145.741669 540.052063 -451.046753
v -122.487137 510.833771 -314.618988
v -145.741669 540.052063 -451.046753
v -227.703781 416.329010 -316.924286
v -250.958344 445.547333 -453.351959
v -227.960693 416.612518 -316.819794
v -145.998596 540.335571 -450.942139
v -251.215210 445.830841 -453.247467
v -145.998596 540.335571 -450.942139
v -227.960693 416.612518 -316.819794
v -122.744064 511.117279 -314.514496
v -129.281448 413.029053 -334.407410
v -244.164017 543.352051 -433.563599
v -220.909424 514.133728 -297.135864
v -244.164017 543.352051 -433.563599
v -129.281448 413.029053 -334.407410
v -152.535995 442.247375 -470.835083
v -249.555771 576.831726 -420.979370
v -124.783981 489.274811 -291.442474
v -218.029617 595.396912 -284.346802
v -124.783981 489.274811 -291.442474
v -249.555771 576.831726 -420.979370
v -156.310150 470.709625 -428.074982
v -142.972656 547.351074 -331.291565
v -323.818542 475.853241 -284.421417
v -196.285568 418.736603 -306.330963
v -323.818542 475.853241 -284.421417
v -142.972656 547.351074 -331.291565
v -270.505676 604.467773 -309.382080
v -182.988831 554.183838 -383.325745
v -283.970703 468.940582 -233.158310
v -221.567230 594.271729 -253.280838
v -283.970703 468.940582 -233.158310
v -182.988831 554.183838 -383.325745
v -245.392258 428.852692 -363.203247
v -229.862961 642.924622 -359.254395
v -120.261307 700.012634 -290.439758
v -247.043243 549.537292 -254.418091
v -247.043243 549.537292 -254.418091
v -120.261307 700.012634 -290.439758
v -137.441620 606.625305 -185.603394
v -137.687653 606.876526 -185.419922
v -120.507370 700.263794 -290.256226
v -247.289307 549.788452 -254.234619
v -120.507370 700.263794 -290.256226
v -230.109009 643.175842 -359.070923
v -247.289307 549.788452 -254.234619
v -194.580170 551.434692 -339.550537
v -172.724411 698.115173 -205.307312
v -282.326080 641.027039 -274.122009
v -172.724411 698.115173 -205.307312
v -194.580170 551.434692 -339.550537
v -84.978546 608.522766 -270.735840
v -194.532013 551.696655 -339.844421
v -172.676254 698.376953 -205.601257
v -84.930389 608.784668 -271.029785
v -172.676254 698.376953 -205.601257
v -194.532013 551.696655 -339.844421
v -282.277893 641.288940 -274.415894
v -197.019714 516.375549 -229.396606
v -276.912170 462.937286 -404.826385
v -225.314240 583.078735 -350.875610
v -276.912170 462.937286 -404.826385
v -197.019714 516.375549 -229.396606
v -248.617691 396.234100 -283.347504
v -197.380371 516.469543 -229.261047
v -277.272827 463.031281 -404.690704
v -248.978317 396.328094 -283.211823
v -277.272827 463.031281 -404.690704
v -197.380371 516.469543 -229.261047
v -225.674850 583.172791 -350.739929
v -275.478882 566.488098 -265.953491
v -198.453018 412.824707 -368.269531
v -146.855042 532.966187 -314.318726
v -198.453018 412.824707 -368.269531
v -275.478882 566.488098 -265.953491
v -327.076782 446.346680 -319.904236
v -198.532333 413.011749 -368.610199
v -275.558197 566.675171 -266.294128
v -146.934387 533.153137 -314.659363
v -275.558197 566.675171 -266.294128
v -198.532333 413.011749 -368.610199
v -327.156128 446.533722 -320.244843
v -182.840820 658.962524 -330.729065
v -89.339470 682.830994 -227.313477
v -65.522842 543.804504 -216.759155
v -182.840820 658.962524 -330.729065
v -65.522842 543.804504 -216.759155
v -159.024185 519.935913 -320.174805
v -244.459015 543.087036 -433.570007
v -129.576462 412.764038 -334.413818
v -221.204468 513.868774 -297.142273
v -129.576462 412.764038 -334.413818
v -244.459015 543.087036 -433.570007
v -152.831024 441.982361 -470.841675
v -201.940399 651.350342 -315.169800
v -75.652985 672.084595 -254.931946
v -146.038666 551.140381 -397.873718
v -75.652985 672.084595 -254.931946
v -19.751232 571.874512 -337.635803
v -146.038666 551.140381 -397.873718
v -75.738678 671.810730 -254.657959
v -202.026077 651.076599 -314.896057
v -146.124329 550.866577 -397.599915
v -146.124329 550.866577 -397.599915
v -19.836906 571.600708 -337.361938
v -75.738678 671.810730 -254.657959
v -29.284681 558.735901 -350.664551
v -192.135818 664.496460 -302.620056
v -60.299938 655.413635 -252.183655
v -192.135818 664.496460 -302.620056
v -29.284681 558.735901 -350.664551
v -161.120560 567.818726 -401.101013
v -225.915329 574.965149 -184.660828
v -100.662277 729.941772 -167.114258
v -188.387955 661.828552 -79.525452
v -100.662277 729.941772 -167.114258
v -225.915329 574.965149 -184.660828
v -138.189636 643.078247 -272.249573
v -226.208084 575.213013 -184.761230
v -100.955078 730.189758 -167.214661
v -138.482407 643.326294 -272.349915
v -100.955078 730.189758 -167.214661
v -226.208084 575.213013 -184.761230
v -188.680710 662.076599 -79.625916
v -87.282372 617.846741 -44.945190
v -42.235672 668.353333 -169.150269
v -195.968689 554.871643 -109.971741
v -42.235672 668.353333 -169.150269
v -150.921967 605.378174 -234.176758
v -195.968689 554.871643 -109.971741
v -150.701813 605.052551 -234.229370
v -42.015511 668.027588 -169.202881
v -195.748505 554.545959 -110.024353
v -195.748505 554.545959 -110.024353
v -42.015511 668.027588 -169.202881
v -87.062195 617.521057 -44.997742
v -264.666260 464.534210 -231.112762
v -201.037567 647.932861 -182.839600
v -223.553833 578.552734 -304.027161
v -201.037567 647.932861 -182.839600
v -264.666260 464.534210 -231.112762
v -242.149979 533.914185 -109.925171
v -264.292053 464.402832 -231.107117
v -200.663345 647.801575 -182.833984
v -241.775757 533.782898 -109.919434
v -200.663345 647.801575 -182.833984
v -264.292053 464.402832 -231.107117
v -223.179596 578.421448 -304.021606
v -229.623154 656.567627 -75.776917
v -148.492920 656.567627 -191.642700
v -148.492889 515.121399 -191.642700
v -229.623154 656.567627 -75.776917
v -148.492889 515.121399 -191.642700
v -229.623154 515.121399 -75.776917
v -148.168060 656.567627 -191.415222
v -229.298294 656.567627 -75.549438
v -148.168030 515.121399 -191.415222
v -229.298294 656.567627 -75.549438
v -229.298264 515.121399 -75.549438
v -148.168030 515.121399 -191.415222
v -134.956772 554.389526 -464.160217
v -214.567810 404.926788 -357.685089
v -238.384476 543.953247 -368.239380
v -214.567810 404.926788 -357.685089
v -134.956772 554.389526 -464.160217
v -111.140137 415.363068 -453.605927
v -214.305634 404.993683 -357.395111
v -134.694611 554.456482 -463.870239
v -238.122253 544.020142 -367.949463
v -134.694611 554.456482 -463.870239
v -214.305634 404.993683 -357.395111
v -110.877975 415.429962 -453.315948
v -297.571381 534.842163 -311.453491
v -181.705582 534.842224 -230.323303
v -181.705582 393.396118 -230.323303
v -297.571381 534.842163 -311.453491
v -181.705582 393.396118 -230.323303
v -297.571381 393.396118 -311.453491
v -181.933075 534.842224 -229.998413
v -297.798828 534.842163 -311.128601
v -181.933075 393.396149 -229.998383
v -297.798828 534.842163 -311.128601
v -297.798828 393.396118 -311.128601
v -181.933075 393.396149 -229.998383
v -267.410095 583.131653 -305.472290
v -113.163467 508.649994 -408.789642
v -132.184723 620.252869 -323.995911
v -113.163467 508.649994 -408.789642
v -267.410095 583.131653 -305.472290
v -248.388824 471.528778 -390.266144
v -267.513428 583.351990 -305.785522
v -113.266876 508.870270 -409.102814
v -248.492203 471.749054 -390.579315
v -113.266876 508.870270 -409.102814
v -267.513428 583.351990 -305.785522
v -132.288116 620.473145 -324.309082
v -162.341797 450.802582 -343.684662
v -218.231766 640.979004 -370.577454
v -181.363037 562.405396 -258.890869
v -218.231766 640.979004 -370.577454
v -162.341797 450.802582 -343.684662
v -199.210526 529.376099 -455.371216
v -181.742203 562.301331 -258.838867
v -218.610931 640.874878 -370.525574
v -162.720963 450.698517 -343.632721
v -162.720963 450.698517 -343.632721
v -218.610931 640.874878 -370.525574
v -199.589691 529.272034 -455.319275
v -158.944412 444.155029 -238.704041
v -95.315689 627.553711 -190.430908
v -117.831970 558.173523 -311.618469
v -95.315689 627.553711 -190.430908
v -158.944412 444.155029 -238.704041
v -136.428131 513.535034 -117.516479
v -158.570160 444.023590 -238.698395
v -94.941467 627.422424 -190.425354
v -136.053925 513.403687 -117.510803
v -94.941467 627.422424 -190.425354
v -158.570160 444.023590 -238.698395
v -117.457748 558.042175 -311.612976
v -110.463295 605.543396 -269.741455
v -202.175507 466.165283 -159.393646
v -116.356750 575.145325 -131.726074
v -202.175507 466.165283 -159.393646
v -110.463295 605.543396 -269.741455
v -196.282043 496.563263 -297.408966
v -201.801270 466.033936 -159.387970
v -110.089027 605.412048 -269.735962
v -115.982544 575.014038 -131.720459
v -110.089027 605.412048 -269.735962
v -201.801270 466.033936 -159.387970
v -195.907776 496.431915 -297.403290
v -216.829620 704.857056 -168.293762
v -62.583008 630.375244 -271.611145
v -81.604256 741.978210 -186.817383
v -62.583008 630.375244 -271.611145
v -216.829620 704.857056 -168.293762
v -197.808350 593.254089 -253.087524
v -216.932968 705.077271 -168.606934
v -62.686405 630.595581 -271.924316
v -197.911728 593.474365 -253.400696
v -62.686405 630.595581 -271.924316
v -216.932968 705.077271 -168.606934
v -81.707657 742.198486 -187.130554
v -111.761322 572.527893 -206.506042
v -167.651306 762.704346 -233.398804
v -130.782562 684.130737 -121.712280
v -167.651306 762.704346 -233.398804
v -111.761322 572.527893 -206.506042
v -148.630051 651.101501 -318.192627
v -131.161743 684.026733 -121.660278
v -168.030457 762.600220 -233.346985
v -112.140503 572.423889 -206.454102
v -112.140503 572.423889 -206.454102
v -168.030457 762.600220 -233.346985
v -149.009216 650.997375 -318.140686
v -192.716568 545.414978 -83.218628
v -228.658859 719.795044 -174.398560
v -308.758209 613.001099 -127.642273
v -228.658859 719.795044 -174.398560
v -192.716568 545.414978 -83.218628
v -112.617195 652.208862 -129.974915
v -192.250183 664.208069 -302.372925
v -29.399076 558.447510 -350.417419
v -60.414345 655.125244 -251.936584
v -29.399076 558.447510 -350.417419
v -192.250183 664.208069 -302.372925
v -161.234955 567.530273 -400.853943
v -16.109335 502.706879 -358.332245
v -123.973694 653.883545 -284.002502
v -21.740685 569.894653 -233.989563
v -123.973694 653.883545 -284.002502
v -16.109335 502.706879 -358.332245
v -118.342361 586.695801 -408.345093
v -16.382977 502.449280 -358.205444
v -124.247353 653.625977 -283.875671
v -118.615982 586.438171 -408.218323
v -124.247353 653.625977 -283.875671
v -16.382977 502.449280 -358.205444
v -22.014326 569.637085 -233.862793
v 29.869770 582.231934 -318.769653
v -72.363251 666.220764 -368.782532
v -67.719788 490.369659 -273.552155
v -67.719788 490.369659 -273.552155
v -72.363251 666.220764 -368.782532
v -169.952820 574.358459 -323.565125
v -72.347473 666.032471 -369.131226
v -67.703987 490.181244 -273.900726
v -169.936981 574.170044 -323.913757
v -67.703987 490.181244 -273.900726
v -72.347473 666.032471 -369.131226
v 29.885551 582.043518 -319.118286
v -294.749084 513.271790 -291.309814
v -202.164764 555.290283 -463.578857
v -333.830505 518.634705 -427.143860
v -202.164764 555.290283 -463.578857
v -294.749084 513.271790 -291.309814
v -163.083298 549.927368 -327.744873
v -141.010086 615.645203 -326.555115
v -264.906860 462.842865 -362.818268
v -277.244843 603.749756 -362.688354
v -264.906860 462.842865 -362.818268
v -141.010086 615.645203 -326.555115
v -128.672119 474.738373 -326.685089
v -141.110992 615.636047 -326.171692
v -265.007751 462.833649 -362.434845
v -128.773010 474.729187 -326.301636
v -265.007751 462.833649 -362.434845
v -141.110992 615.636047 -326.171692
v -277.345734 603.740540 -362.304871
v -419.732300 811.464966 -121.429504
v -438.799194 809.012817 21.606201
v -515.805786 687.578552 9.259399
v -419.732300 811.464966 -121.429504
v -515.805786 687.578552 9.259399
v -496.738922 690.030518 -133.776306
v -420.070374 811.683350 -121.470825
v -516.143860 687.797119 9.218018
v -439.137238 809.231445 21.564880
v -516.143860 687.797119 9.218018
v -420.070374 811.683350 -121.470825
v -497.076965 690.249084 -133.817627
v -241.057343 690.295532 92.081543
v -366.399628 843.894653 43.562195
v -299.668701 800.807373 164.057983
v -366.399628 843.894653 43.562195
v -241.057343 690.295532 92.081543
v -307.788300 733.382874 -28.414246
v -241.376328 690.065002 92.175781
v -299.987671 800.576904 164.152161
v -366.718567 843.664185 43.656311
v -366.718567 843.664185 43.656311
v -308.107239 733.152344 -28.320068
v -241.376328 690.065002 92.175781
v 171.062347 860.734131 -82.018738
v 316.016022 737.520752 -196.591858
v 323.649200 826.586731 -67.483276
v 316.016022 737.520752 -196.591858
v 171.062347 860.734131 -82.018738
v 163.429153 771.668091 -211.127258
v 338.569031 715.731934 -108.240112
v 221.677155 904.344299 -117.285522
v 295.459747 814.272583 -222.657837
v 221.677155 904.344299 -117.285522
v 338.569031 715.731934 -108.240112
v 264.786438 805.803650 -2.867859
v 338.938446 715.963867 -108.179565
v 222.046600 904.576172 -117.225037
v 265.155884 806.035522 -2.807434
v 222.046600 904.576172 -117.225037
v 338.938446 715.963867 -108.179565
v 295.829163 814.504395 -222.597290
v 251.139862 723.659424 -176.235168
v 309.106293 896.416809 -49.290405
v 177.357300 813.731201 -70.862976
v 309.106293 896.416809 -49.290405
v 251.139862 723.659424 -176.235168
v 382.888855 806.345093 -154.662598
v 177.236481 814.007446 -71.183838
v 308.985413 896.693115 -49.611267
v 251.019012 723.935791 -176.556030
v 251.019012 723.935791 -176.556030
v 308.985413 896.693115 -49.611267
v 382.768005 806.621338 -154.983459
v -359.350281 853.505005 6.559082
v -231.215805 789.669312 -138.919739
v -235.850372 902.849670 -49.491028
v -231.215805 789.669312 -138.919739
v -359.350281 853.505005 6.559082
v -354.715698 740.324585 -82.869629
v -359.559235 853.714417 6.283081
v -231.424789 789.878906 -139.195801
v -354.924744 740.534180 -83.145630
v -231.424789 789.878906 -139.195801
v -359.559235 853.714417 6.283081
v -236.059357 903.059204 -49.767090
v -255.699661 727.633667 -61.676697
v -334.866455 915.540649 -70.683960
v -260.334198 840.813965 27.752014
v -334.866455 915.540649 -70.683960
v -255.699661 727.633667 -61.676697
v -330.231903 802.360352 -160.112671
v 175.353790 844.485840 -81.291931
v 205.372955 698.679321 -131.285706
v 331.928467 751.069763 -208.090759
v 175.353790 844.485840 -81.291931
v 331.928467 751.069763 -208.090759
v 301.909332 896.876343 -158.096924
v 301.662567 896.947998 -158.454468
v 331.681702 751.141602 -208.448303
v 175.107086 844.557617 -81.649475
v 205.126251 698.751099 -131.643311
v 175.107086 844.557617 -81.649475
v 331.681702 751.141602 -208.448303
v 360.431549 754.062012 -98.573242
v 243.931091 941.964478 -119.559692
v 257.940979 831.814331 -8.515869
v 243.931091 941.964478 -119.559692
v 360.431549 754.062012 -98.573242
v 346.421661 864.212158 -209.617065
v 360.100250 753.836243 -98.755310
v 243.599823 941.738770 -119.741821
v 346.090393 863.986389 -209.799255
v 243.599823 941.738770 -119.741821
v 360.100250 753.836243 -98.755310
v 257.609711 831.588623 -8.697998
v 316.117828 737.870483 -196.839111
v 171.164154 861.083862 -82.265991
v 323.751038 826.936523 -67.730530
v 171.164154 861.083862 -82.265991
v 316.117828 737.870483 -196.839111
v 163.530960 772.017883 -211.374634
v -235.727188 817.910095 -65.379333
v -370.434692 795.987427 -112.305359
v -414.794891 777.323975 23.755737
v -235.727188 817.910095 -65.379333
v -414.794891 777.323975 23.755737
v -280.087402 799.246643 70.681763
v -235.652206 817.513611 -65.409302
v -414.719910 776.927490 23.725769
v -370.359680 795.590820 -112.335327
v -414.719910 776.927490 23.725769
v -235.652206 817.513611 -65.409302
v -280.012421 798.850220 70.651794
v -249.142670 801.847656 -148.196960
v -293.556854 826.498230 -13.110046
v -383.202026 713.744995 -22.008545
v -249.142670 801.847656 -148.196960
v -383.202026 713.744995 -22.008545
v -338.787842 689.094177 -157.095520
v -293.848511 826.741211 -13.250244
v -249.434326 802.090576 -148.337158
v -383.493713 713.987915 -22.148804
v -249.434326 802.090576 -148.337158
v -339.079529 689.337219 -157.235718
v -383.493713 713.987915 -22.148804
v -434.123199 705.613770 -81.188171
v -417.021881 876.319702 29.376343
v -328.118256 799.937256 -54.829651
v -417.021881 876.319702 29.376343
v -434.123199 705.613770 -81.188171
v -523.026733 781.996155 3.017761
v -434.008057 705.394775 -80.867920
v -416.906677 876.100830 29.696533
v -522.911621 781.777161 3.338013
v -416.906677 876.100830 29.696533
v -434.008057 705.394775 -80.867920
v -328.003082 799.718323 -54.509399
v -410.438873 780.308594 -137.311401
v -302.323090 862.218262 -88.010803
v -454.720642 757.254700 -1.899353
v -454.720642 757.254700 -1.899353
v -302.323090 862.218262 -88.010803
v -346.604889 839.164368 47.401184
v -302.560638 862.545044 -88.032898
v -454.958252 757.581543 -1.921509
v -346.842468 839.491211 47.379150
v -454.958252 757.581543 -1.921509
v -302.560638 862.545044 -88.032898
v -410.676453 780.635376 -137.333435
v -260.680511 840.675659 27.909180
v -335.212708 915.402222 -70.526794
v -256.045959 727.495239 -61.519592
v -256.045959 727.495239 -61.519592
v -335.212708 915.402222 -70.526794
v -330.578156 802.222046 -159.955505
v -376.536652 769.628784 -100.318176
v -407.240234 732.473694 35.716980
v -267.881500 852.140320 -53.258057
v -298.585083 814.985107 82.777100
v -267.881500 852.140320 -53.258057
v -407.240234 732.473694 35.716980
v -406.988220 732.158386 35.687744
v -376.284607 769.313477 -100.347351
v -267.629456 851.825195 -53.287170
v -406.988220 732.158386 35.687744
v -267.629456 851.825195 -53.287170
v -298.333069 814.669922 82.747925
v -296.052856 735.383179 135.154968
v -342.401581 846.824341 -29.436035
v -416.631744 795.154663 83.031311
v -342.401581 846.824341 -29.436035
v -296.052856 735.383179 135.154968
v -221.822723 787.052856 22.687683
v -342.479828 846.485657 -29.643311
v -296.131134 735.044434 134.947754
v -416.709991 794.816040 82.824097
v -296.131134 735.044434 134.947754
v -342.479828 846.485657 -29.643311
v -221.901001 786.714111 22.480408
v -362.204498 851.649902 -74.456055
v -299.063202 678.140625 -161.434204
v -340.428131 807.545898 -210.137268
v -299.063202 678.140625 -161.434204
v -362.204498 851.649902 -74.456055
v -320.839539 722.244751 -25.752991
v -299.446045 678.010925 -161.453552
v -362.587311 851.520264 -74.475403
v -340.810974 807.416138 -210.156555
v -362.587311 851.520264 -74.475403
v -299.446045 678.010925 -161.453552
v -321.222382 722.115112 -25.772339
v -408.166046 626.694824 -107.396423
v -521.250732 747.033081 12.553894
v -504.267426 731.973755 -129.971680
v -521.250732 747.033081 12.553894
v -408.166046 626.694824 -107.396423
v -425.149414 641.754211 35.129150
v -520.952515 747.306641 12.560547
v -407.867920 626.968323 -107.389771
v -503.969238 732.247314 -129.965088
v -407.867920 626.968323 -107.389771
v -520.952515 747.306641 12.560547
v -424.851227 642.027771 35.135864
v -463.856293 768.308960 66.071167
v -312.070038 731.875366 197.566467
v -339.393372 833.583923 98.887634
v -312.070038 731.875366 197.566467
v -463.856293 768.308960 66.071167
v -436.533020 666.600342 164.750183
v -455.976471 799.949219 189.290833
v -320.153992 700.694641 73.712646
v -459.761627 682.526245 105.467896
v -320.153992 700.694641 73.712646
v -455.976471 799.949219 189.290833
v -316.368896 818.117554 157.535583
v -341.318329 814.009033 -174.624939
v -468.262909 724.442749 -42.260071
v -375.972046 835.229614 -36.141846
v -468.262909 724.442749 -42.260071
v -341.318329 814.009033 -174.624939
v -433.609131 703.222229 -180.743103
v -341.022736 813.756653 -174.512329
v -467.967346 724.190430 -42.147400
v -433.313538 702.969849 -180.630493
v -467.967346 724.190430 -42.147400
v -341.022736 813.756653 -174.512329
v -375.676483 834.977234 -36.029236
v -310.590149 827.965088 -122.062317
v -280.029755 897.235901 0.804871
v -402.924164 742.752808 -51.054932
v -402.924164 742.752808 -51.054932
v -280.029755 897.235901 0.804871
v -372.363770 812.023621 71.812378
v -297.520782 827.732971 -115.658691
v -248.522141 719.202332 -34.117310
v -374.492889 876.928223 -3.927429
v -248.522141 719.202332 -34.117310
v -325.494263 768.397583 77.614014
v -374.492889 876.928223 -3.927429
v -248.208618 719.430725 -34.001831
v -297.207214 827.961304 -115.543213
v -374.179321 877.156555 -3.811951
v -248.208618 719.430725 -34.001831
v -374.179321 877.156555 -3.811951
v -325.180725 768.625916 77.729431
v -464.663757 743.269714 183.625183
v -420.788940 844.217651 11.747131
v -523.155945 750.742920 51.899841
v -420.788940 844.217651 11.747131
v -464.663757 743.269714 183.625183
v -362.296753 836.744568 143.472534
v -420.555573 843.910034 11.626099
v -362.063354 836.436890 143.351440
v -464.430328 742.962097 183.504089
v -420.555573 843.910034 11.626099
v -464.430328 742.962097 183.504089
v -522.922546 750.435303 51.778748
v -347.498901 773.487610 51.004333
v -432.328735 660.004639 23.540344
v -442.405640 820.732605 148.929749
v -432.328735 660.004639 23.540344
v -527.235474 707.249634 121.465759
v -442.405640 820.732605 148.929749
v -432.138062 659.792664 23.827454
v -347.308228 773.275574 51.291504
v -442.214905 820.520508 149.216858
v -432.138062 659.792664 23.827454
v -442.214905 820.520508 149.216858
v -527.044800 707.037598 121.752930
v -288.150238 838.530334 -69.390320
v -427.554321 838.530396 -32.037048
v -427.554321 694.208618 -32.037048
v -288.150238 838.530334 -69.390320
v -427.554321 694.208618 -32.037048
v -288.150269 694.208618 -69.390320
v -427.659058 838.530396 -32.427979
v -288.254944 838.530334 -69.781189
v -427.659058 694.208618 -32.427979
v -288.254944 838.530334 -69.781189
v -288.254974 694.208618 -69.781189
v -427.659058 694.208618 -32.427979
v -371.958679 774.074707 -14.736816
v -435.317261 712.964111 -198.880005
v -416.770752 840.835144 -134.585510
v -435.317261 712.964111 -198.880005
v -371.958679 774.074707 -14.736816
v -390.505188 646.203735 -79.031372
v -372.339844 774.061951 -14.601501
v -435.698456 712.951294 -198.744629
v -390.886353 646.190918 -78.895935
v -435.698456 712.951294 -198.744629
v -372.339844 774.061951 -14.601501
v -417.151917 840.822266 -134.450073
v -453.437164 727.518677 -208.693298
v -370.615204 839.712280 -59.660889
v -498.701935 776.646484 -80.762329
v -370.615204 839.712280 -59.660889
v -453.437164 727.518677 -208.693298
v -325.350342 790.584351 -187.591797
v -453.573822 727.855591 -208.870972
v -370.751831 840.049194 -59.838562
v -325.487061 790.921265 -187.769531
v -370.751831 840.049194 -59.838562
v -453.573822 727.855591 -208.870972
v -498.838531 776.983398 -80.940063
v -337.009216 861.193115 -28.533752
v -492.998016 731.855347 -52.962463
v -391.638611 787.021423 -139.632629
v -492.998016 731.855347 -52.962463
v -337.009216 861.193115 -28.533752
v -438.368683 806.027161 58.136414
v -438.612640 806.337830 58.048950
v -337.253174 861.503906 -28.621277
v -493.241974 732.166138 -53.049866
v -493.241974 732.166138 -53.049866
v -337.253174 861.503906 -28.621277
v -391.882568 787.332214 -139.720154
v -392.039154 739.517700 -198.756775
v -322.916840 848.861206 -40.884521
v -451.231934 831.523193 -104.629333
v -322.916840 848.861206 -40.884521
v -392.039154 739.517700 -198.756775
v -263.724091 756.855713 -135.011963
v -263.641876 757.163696 -135.261230
v -391.956940 739.825684 -199.006042
v -322.834595 849.169128 -41.133850
v -322.834595 849.169128 -41.133850
v -391.956940 739.825684 -199.006042
v -451.149750 831.831177 -104.878601
v -438.226746 845.339539 -51.051208
v -480.286072 694.480896 79.831177
v -477.681458 707.112793 -63.913086
v -480.286072 694.480896 79.831177
v -438.226746 845.339539 -51.051208
v -440.831360 832.707642 92.693054
v -358.800964 765.456482 128.704041
v -237.291229 736.862305 56.271240
v -407.967072 841.387817 16.250061
v -407.967072 841.387817 16.250061
v -237.291229 736.862305 56.271240
v -286.457306 812.793640 -56.182800
v -237.460587 736.527649 56.119263
v -408.136383 841.053223 16.098083
v -286.626617 812.458862 -56.334717
v -408.136383 841.053223 16.098083
v -237.460587 736.527649 56.119263
v -358.970337 765.121826 128.552124
v -409.918854 834.424927 -20.991638
v -324.636841 700.193359 -148.922729
v -281.143158 822.037537 -84.961426
v -324.636841 700.193359 -148.922729
v -409.918854 834.424927 -20.991638
v -453.412476 712.580811 -84.953003
v -324.772888 700.407471 -149.238037
v -410.054901 834.639038 -21.306946
v -281.279175 822.251587 -85.276672
v -410.054901 834.639038 -21.306946
v -324.772888 700.407471 -149.238037
v -453.548553 712.794800 -85.268188
v -320.139435 805.966187 0.819702
v -412.149902 760.471863 -175.594238
v -363.633118 684.122070 -63.141663
v -412.149902 760.471863 -175.594238
v -320.139435 805.966187 0.819702
v -368.656219 882.316162 -111.632935
v -363.272034 684.087341 -63.320984
v -411.788788 760.437256 -175.773621
v -319.778381 805.931519 0.640320
v -319.778381 805.931519 0.640320
v -411.788788 760.437256 -175.773621
v -368.295166 882.281311 -111.812256
v -403.223145 743.015381 -51.128601
v -280.328735 897.498474 0.731262
v -310.889130 828.227722 -122.136047
v -280.328735 897.498474 0.731262
v -403.223145 743.015381 -51.128601
v -372.662720 812.286194 71.738647
v -333.085205 785.178101 -57.362671
v -535.088928 756.883667 -50.188721
v -428.777618 758.777100 47.397583
v -535.088928 756.883667 -50.188721
v -333.085205 785.178101 -57.362671
v -439.396576 783.284668 -154.948975
v -333.031281 784.780212 -57.413696
v -535.035034 756.485901 -50.239807
v -439.342590 782.886841 -155.000000
v -535.035034 756.485901 -50.239807
v -333.031281 784.780212 -57.413696
v -428.723755 758.379272 47.346619
v -30.666866 932.248901 -50.363037
v 46.861771 856.649414 144.154785
v -1.749470 789.833557 10.161499
v 46.861771 856.649414 144.154785
v -30.666866 932.248901 -50.363037
v 17.944355 999.064636 83.630188
v -31.078812 932.232300 -50.205322
v -2.161415 789.816956 10.319214
v 46.449852 856.632629 144.312500
v -31.078812 932.232300 -50.205322
v 46.449852 856.632629 144.312500
v 17.532448 999.048157 83.788025
v 182.143814 899.816895 38.752319
v 12.432869 759.975586 73.475769
v 152.418381 784.145142 141.309692
v 12.432869 759.975586 73.475769
v 182.143814 899.816895 38.752319
v 42.158279 875.647339 -29.081665
v 12.616776 759.683960 73.200073
v 182.327698 899.525208 38.476685
v 152.602280 783.853455 141.034058
v 182.327698 899.525208 38.476685
v 12.616776 759.683960 73.200073
v 42.342216 875.355713 -29.357239
v 33.577721 841.141235 -35.850708
v 146.884094 873.907715 152.964478
v 117.020355 749.515259 61.224243
v 146.884094 873.907715 152.964478
v 33.577721 841.141235 -35.850708
v 63.441444 965.533813 55.889404
v 146.511658 873.758728 153.148743
v 33.205318 840.992371 -35.666443
v 116.648026 749.366516 61.408569
v 33.205318 840.992371 -35.666443
v 146.511658 873.758728 153.148743
v 63.069046 965.384766 56.073730
v 5.071991 889.325562 170.910522
v 132.333328 825.723572 -0.327576
v 137.898056 942.418762 105.184631
v 132.333328 825.723572 -0.327576
v 5.071991 889.325562 170.910522
v -0.492685 772.630249 65.398376
v 4.835617 889.581665 170.639771
v 132.096924 825.979858 -0.598389
v -0.729088 772.886353 65.127563
v 132.096924 825.979858 -0.598389
v 4.835617 889.581665 170.639771
v 137.661606 942.675110 104.913757
v 182.784210 972.225098 190.477051
v 211.408752 968.693726 35.719910
v 147.270447 818.892273 187.406799
v 211.408752 968.693726 35.719910
v 175.894958 815.361145 32.649780
v 147.270447 818.892273 187.406799
v 183.206696 972.125427 190.557434
v 147.692871 818.792847 187.487183
v 211.831238 968.594299 35.800354
v 211.831238 968.594299 35.800354
v 147.692871 818.792847 187.487183
v 176.317383 815.261719 32.730164
v -20.959991 872.979309 324.140076
v 38.999542 736.385620 487.329468
v -68.940582 848.277954 470.869843
v 38.999542 736.385620 487.329468
v -20.959991 872.979309 324.140076
v 86.980133 761.086914 340.599731
v -103.685944 772.283020 583.044861
v 52.052673 785.926331 584.163513
v -90.243622 622.281494 541.083496
v 52.052673 785.926331 584.163513
v 65.494995 635.925232 542.202209
v -90.243622 622.281494 541.083496
v -90.236206 622.164062 541.505859
v 52.059814 785.809143 584.585876
v -103.678802 772.165588 583.467224
v 52.059814 785.809143 584.585876
v -90.236206 622.164062 541.505859
v 65.502411 635.807617 542.624512
v -67.888641 775.542480 654.837646
v -126.196106 630.146973 498.811371
v -180.514709 768.731445 546.621216
v -126.196106 630.146973 498.811371
v -67.888641 775.542480 654.837646
v -13.570038 636.958191 607.027649
v -126.459503 629.945312 499.097900
v -68.151489 775.340454 655.124146
v -180.777832 768.529419 546.907715
v -68.151489 775.340454 655.124146
v -126.459503 629.945312 499.097900
v -13.832886 636.756226 607.314331
v 74.961365 696.254822 461.039612
v -53.279297 779.145264 494.585602
v 58.983948 617.308899 595.032654
v -53.279297 779.145264 494.585602
v -69.256989 700.199158 628.578552
v 58.983948 617.308899 595.032654
v 58.737305 617.010315 594.827332
v -69.503357 699.900635 628.373291
v -53.525940 778.846741 494.380310
v 58.737305 617.010315 594.827332
v -53.525940 778.846741 494.380310
v 74.714722 695.956360 460.834290
v -75.369232 871.978394 383.186432
v -132.838165 742.076660 448.491302
v -11.545532 912.532837 520.021240
v -132.838165 742.076660 448.491302
v -69.014740 782.631165 585.326111
v -11.545532 912.532837 520.021240
v 21.722038 566.577576 -491.538757
v 58.683617 673.536865 -335.463562
v -45.692757 596.220276 -376.823792
v 58.683617 673.536865 -335.463562
v 21.722038 566.577576 -491.538757
v 126.098465 643.894165 -450.178467
v 153.806381 673.041199 -467.511292
v 38.084175 649.121826 -315.188782
v 127.933350 743.998779 -354.027466
v 38.084175 649.121826 -315.188782
v 153.806381 673.041199 -467.511292
v 63.957199 578.164246 -428.672607
v 154.084564 672.852173 -467.329590
v 38.362320 648.932739 -315.007141
v 64.235367 577.975220 -428.490906
v 38.362320 648.932739 -315.007141
v 154.084564 672.852173 -467.329590
v 128.211502 743.809692 -353.845825
v -6.326717 633.204468 -484.928833
v 99.506653 547.663147 -476.868958
v 155.339722 625.852722 -380.163025
v 155.339722 625.852722 -380.163025
v 49.506401 711.393982 -388.222839
v -6.326717 633.204468 -484.928833
v 10.282345 850.702881 -52.005066
v 180.846634 855.799622 -194.990906
v 101.030594 742.101013 -120.939514
v 180.846634 855.799622 -194.990906
v 10.282345 850.702881 -52.005066
v 90.098381 964.401367 -126.056519
v 181.129501 855.821289 -194.652710
v 10.565224 850.724609 -51.666870
v 101.313477 742.122803 -120.601318
v 10.565224 850.724609 -51.666870
v 181.129501 855.821289 -194.652710
v 90.381241 964.423096 -125.718262
v 237.801880 790.087219 30.623535
v 84.534508 808.130371 61.689636
v 75.416046 920.262573 -48.423035
v 237.801880 790.087219 30.623535
v 75.416046 920.262573 -48.423035
v 228.683441 902.219482 -79.489136
v 84.631943 808.436035 61.992798
v 237.899323 790.392944 30.926697
v 75.513458 920.568115 -48.119873
v 228.780884 902.525146 -79.185974
v 75.513458 920.568115 -48.119873
v 237.899323 790.392944 30.926697
v 34.198826 907.191895 -109.885620
v 66.534439 779.158081 69.348633
v 37.953438 932.116150 45.505005
v 66.534439 779.158081 69.348633
v 34.198826 907.191895 -109.885620
v 62.779778 754.233643 -86.042114
v 34.632736 907.269287 -109.908630
v 66.968369 779.235596 69.325684
v 63.213753 754.311218 -86.065002
v 66.968369 779.235596 69.325684
v 34.632736 907.269287 -109.908630
v 38.387344 932.193604 45.481995
v 47.010468 771.007568 -45.360229
v -46.625042 965.528442 -99.740234
v -1.884499 897.303894 34.890015
v -46.625042 965.528442 -99.740234
v 47.010468 771.007568 -45.360229
v 2.269878 839.232056 -179.990417
v 46.610046 770.826416 -45.319031
v -47.025440 965.347168 -99.698975
v 1.869503 839.050781 -179.949158
v -47.025440 965.347168 -99.698975
v 46.610046 770.826416 -45.319031
v -2.284864 897.122620 34.931152
v -69.204254 891.886292 471.055847
v -133.050751 725.516907 601.932068
v -204.854919 846.875427 534.417786
v -133.050751 725.516907 601.932068
v -69.204254 891.886292 471.055847
v 2.600189 770.527893 538.570007
v -132.967255 725.762634 602.285217
v -69.120483 892.132324 471.409058
v -204.771698 847.121216 534.770996
v -69.120483 892.132324 471.409058
v -132.967255 725.762634 602.285217
v 2.683411 770.773804 538.923218
v 64.661407 710.331787 625.668945
v -79.566284 748.953247 672.022583
v -96.066650 839.237000 545.458557
v 64.661407 710.331787 625.668945
v -96.066650 839.237000 545.458557
v 48.160767 800.615845 499.104828
v -79.403412 749.294128 672.244690
v 64.824280 710.673035 625.890930
v -95.904327 839.577942 545.680603
v 48.323914 800.956726 499.326965
v -95.904327 839.577942 545.680603
v 64.824280 710.673035 625.890930
v -20.673248 873.277649 324.284119
v 39.286285 736.683716 487.473541
v 87.266876 761.385132 340.743774
v 39.286285 736.683716 487.473541
v -20.673248 873.277649 324.284119
v -68.653290 848.576050 471.013885
v 99.689789 547.864380 -477.137329
v -6.143589 633.405701 -485.197327
v 155.522827 626.054016 -380.431519
v -6.143589 633.405701 -485.197327
v 49.689499 711.595276 -388.491394
v 155.522827 626.054016 -380.431519
v 13.936714 554.544861 -433.029358
v 135.076340 704.512329 -432.062500
v 69.769783 632.734436 -336.323364
v 135.076340 704.512329 -432.062500
v 13.936714 554.544861 -433.029358
v 79.243271 626.322754 -528.768555
v 13.639954 554.784729 -433.051941
v 69.473000 632.974304 -336.346069
v 134.779572 704.752136 -432.085144
v 13.639954 554.784729 -433.051941
v 134.779572 704.752136 -432.085144
v 78.946503 626.562622 -528.791138
v 132.051987 650.247314 -279.648438
v 104.502472 735.577393 -382.326416
v 155.848526 550.223328 -369.157654
v 155.848526 550.223328 -369.157654
v 104.502472 735.577393 -382.326416
v 128.298981 635.553406 -471.835754
v 104.870865 735.678406 -382.341370
v 156.216858 550.324280 -369.172546
v 128.667328 635.654419 -471.850708
v 156.216858 550.324280 -369.172546
v 104.870865 735.678406 -382.341370
v 132.420349 650.348328 -279.663330
v 78.265930 582.228638 -321.743652
v 182.085068 703.572083 -429.740540
v 209.634552 618.242004 -327.062439
v 182.085068 703.572083 -429.740540
v 78.265930 582.228638 -321.743652
v 50.716431 667.558716 -424.421631
v 78.199234 582.509216 -321.492615
v 182.018311 703.852600 -429.489563
v 50.649696 667.839172 -424.170715
v 182.018311 703.852600 -429.489563
v 78.199234 582.509216 -321.492615
v 209.567841 618.522522 -326.811401
v 36.582947 631.560059 -454.086914
v 103.912003 572.776489 -351.158386
v 146.141266 707.603699 -482.323303
v 103.912003 572.776489 -351.158386
v 213.470337 648.820129 -379.394836
v 146.141266 707.603699 -482.323303
v 213.597183 648.549133 -379.632629
v 104.038879 572.505371 -351.396118
v 146.268097 707.332703 -482.561096
v 146.268097 707.332703 -482.561096
v 104.038879 572.505371 -351.396118
v 36.709846 631.289001 -454.324524
v -132.471771 741.860840 448.384399
v -75.002563 871.762512 383.079529
v -11.179138 912.317078 519.914368
v -11.179138 912.317078 519.914368
v -68.648346 782.415161 585.219116
v -132.471771 741.860840 448.384399
v -110.875397 800.669189 464.203339
v -26.542969 597.330139 443.588318
v -53.602844 694.173340 563.300781
v -26.542969 597.330139 443.588318
v -110.875397 800.669189 464.203339
v -83.815796 703.826294 344.490814
v -83.414795 703.997253 344.442932
v -110.474670 800.840332 464.155548
v -26.141968 597.501221 443.540527
v -26.141968 597.501221 443.540527
v -110.474670 800.840332 464.155548
v -53.202118 694.344238 563.253052
v -45.649292 783.097778 450.058014
v 66.555176 725.609253 357.607300
v -40.466492 643.020813 279.074402
v -45.649292 783.097778 450.058014
v -40.466492 643.020813 279.074402
v -152.670685 700.509216 371.525085
v -354.545074 715.934692 -53.532104
v -215.382584 661.100830 85.336853
v -289.467285 781.722534 57.218079
v -215.382584 661.100830 85.336853
v -354.545074 715.934692 -53.532104
v -280.460327 595.313110 -25.413391
v -354.249573 716.058594 -53.779297
v -215.087067 661.224731 85.089661
v -280.164856 595.437012 -25.660645
v -215.087067 661.224731 85.089661
v -354.249573 716.058594 -53.779297
v -289.171753 781.846252 56.970886
v -356.446747 707.948669 161.325317
v -431.495605 595.379395 111.080139
v -421.224304 794.008606 65.271667
v -431.495605 595.379395 111.080139
v -496.273132 681.439331 15.026428
v -421.224304 794.008606 65.271667
v -431.304932 595.167297 111.367310
v -356.256165 707.736633 161.612427
v -421.033630 793.796570 65.558838
v -431.304932 595.167297 111.367310
v -421.033630 793.796570 65.558838
v -496.082550 681.227295 15.313599
v -358.141846 776.156128 22.137329
v -249.016983 676.481323 -118.625610
v -234.187775 702.237671 22.602722
v -249.016983 676.481323 -118.625610
v -358.141846 776.156128 22.137329
v -372.971039 750.399902 -119.091125
v -248.813919 676.821289 -118.708984
v -357.938782 776.496155 22.053955
v -233.984741 702.577698 22.519409
v -357.938782 776.496155 22.053955
v -248.813919 676.821289 -118.708984
v -372.768005 750.739807 -119.174438
v -377.464508 738.889954 28.777222
v -269.425995 623.322021 -100.177368
v -251.752777 668.348816 35.796936
v -269.425995 623.322021 -100.177368
v -377.464508 738.889954 28.777222
v -395.137756 693.863037 -107.197144
v -269.233521 623.651611 -100.311584
v -377.271973 739.219543 28.642944
v -251.560226 668.678528 35.662720
v -377.271973 739.219543 28.642944
v -269.233521 623.651611 -100.311584
v -394.945282 694.192749 -107.331360
v -201.001968 648.978394 -78.180969
v -315.927643 704.526794 -145.525146
v -274.528259 647.405029 45.997070
v -274.528259 647.405029 45.997070
v -315.927643 704.526794 -145.525146
v -389.453918 702.953430 -21.347168
v -314.279785 758.750122 -69.748657
v -466.932922 678.240479 -178.710754
v -328.631226 710.129395 -204.873840
v -466.932922 678.240479 -178.710754
v -314.279785 758.750122 -69.748657
v -452.581482 726.861328 -43.585571
v -467.041382 678.610840 -178.832458
v -314.388275 759.120483 -69.870361
v -328.739685 710.499756 -204.995544
v -314.388275 759.120483 -69.870361
v -467.041382 678.610840 -178.832458
v -452.689941 727.231689 -43.707336
v -413.277008 723.262085 150.682617
v -366.253601 782.019653 27.535889
v -517.474182 654.629517 78.147949
v -366.253601 782.019653 27.535889
v -470.450806 713.387085 -44.998657
v -517.474182 654.629517 78.147949
v -517.227173 654.313965 78.091736
v -470.203796 713.071533 -45.054993
v -366.006561 781.704102 27.479675
v -517.227173 654.313965 78.091736
v -366.006561 781.704102 27.479675
v -413.029938 722.946411 150.626343
v -40.410187 642.685303 279.351044
v -45.593262 782.762207 450.334473
v -152.614655 700.173706 371.801636
v -45.593262 782.762207 450.334473
v -40.410187 642.685303 279.351044
v 66.611206 725.273682 357.883911
v -86.927673 871.909119 426.513489
v -24.116913 676.641602 343.995453
v -26.753082 823.543823 290.566101
v -24.116913 676.641602 343.995453
v -86.927673 871.909119 426.513489
v -84.291229 725.006836 479.943024
v -24.521210 676.577454 343.839233
v -87.332245 871.844971 426.357208
v -27.157928 823.479614 290.409790
v -87.332245 871.844971 426.357208
v -24.521210 676.577454 343.839233
v -84.696075 724.942749 479.786743
v -14.131165 680.208130 292.543732
v -153.175232 831.968140 373.286743
v -42.550049 739.836182 434.243286
v -153.175232 831.968140 373.286743
v -14.131165 680.208130 292.543732
v -124.755798 772.339905 231.587097
v -153.474609 831.655762 373.358002
v -125.055450 772.027771 231.658508
v -14.430542 679.895874 292.615021
v -153.474609 831.655762 373.358002
v -14.430542 679.895874 292.615021
v -42.849701 739.523804 434.314545
v 32.510269 532.860046 -380.531799
v 18.513062 578.339294 -508.276428
v 60.829811 659.431946 -338.573181
v 60.829811 659.431946 -338.573181
v 18.513062 578.339294 -508.276428
v 46.832550 704.911194 -466.317810
v 60.457985 659.494324 -338.510254
v 46.460739 704.973450 -466.254822
v 18.141209 578.401611 -508.213501
v 60.457985 659.494324 -338.510254
v 18.141209 578.401611 -508.213501
v 32.138451 532.922363 -380.468872
v 21.564850 566.881165 -491.709656
v 58.526421 673.840454 -335.634338
v 125.941269 644.197754 -450.349243
v 58.526421 673.840454 -335.634338
v 21.564850 566.881165 -491.709656
v -45.850033 596.523926 -376.994629
v -418.252991 646.408997 124.870178
v -332.449158 816.912415 52.594238
v -407.983093 708.307800 -5.098389
v -332.449158 816.912415 52.594238
v -418.252991 646.408997 124.870178
v -342.718994 755.013489 182.562805
v -417.909363 646.206665 124.801086
v -332.105591 816.710266 52.525085
v -342.375427 754.811340 182.493652
v -332.105591 816.710266 52.525085
v -417.909363 646.206665 124.801086
v -407.639465 708.105591 -5.167542
v -374.696533 726.742554 45.923828
v -300.611847 606.121033 74.042603
v -269.315735 770.914551 -42.237915
v -300.611847 606.121033 74.042603
v -195.231064 650.293091 -14.119141
v -269.315735 770.914551 -42.237915
v -300.794342 605.936523 73.732056
v -374.879028 726.558105 45.613281
v -269.498230 770.730103 -42.548401
v -300.794342 605.936523 73.732056
v -269.498230 770.730103 -42.548401
v -195.413544 650.108643 -14.429626
v 232.626831 672.859131 430.212982
v 51.477097 637.618347 557.575867
v 207.766586 642.474854 583.829346
v 51.477097 637.618347 557.575867
v 232.626831 672.859131 430.212982
v 76.337326 668.002808 403.959564
v 109.364365 703.180176 493.199860
v 162.899673 578.775452 314.493652
v 28.281487 613.252991 390.838196
v 162.899673 578.775452 314.493652
v 109.364365 703.180176 493.199860
v 243.982513 668.702637 416.855316
v 162.958664 578.422241 314.757172
v 109.423370 702.826965 493.463318
v 28.340538 612.899780 391.101776
v 109.423370 702.826965 493.463318
v 162.958664 578.422241 314.757172
v 244.041504 668.349487 417.118774
v 76.883194 674.429810 501.905975
v 189.972961 784.781494 515.036621
v 168.941254 591.898804 402.642792
v 168.941254 591.898804 402.642792
v 189.972961 784.781494 515.036621
v 282.031036 702.250488 415.773407
v 190.147507 784.561584 515.381287
v 169.115799 591.678955 402.987549
v 282.205566 702.030762 416.118164
v 169.115799 591.678955 402.987549
v 190.147507 784.561584 515.381287
v 77.057739 674.209900 502.250671
v 242.549500 647.912109 310.708130
v 121.090271 655.369568 499.044373
v 121.090424 564.427002 369.164825
v 121.090271 655.369568 499.044373
v 242.549500 647.912109 310.708130
v 242.549347 738.854675 440.587708
v 242.263702 648.191101 310.512756
v 120.804504 655.648560 498.848969
v 242.263550 739.133667 440.392365
v 120.804504 655.648560 498.848969
v 242.263702 648.191101 310.512756
v 120.804626 564.706055 368.969482
v 150.866287 675.738953 592.352112
v 258.852905 658.648315 396.583588
v 226.890259 559.400635 516.030396
v 258.852905 658.648315 396.583588
v 150.866287 675.738953 592.352112
v 182.828918 774.986572 472.905365
v 259.232574 658.765808 396.782776
v 151.246002 675.856384 592.551331
v 227.269989 559.518188 516.229614
v 151.246002 675.856384 592.551331
v 259.232574 658.765808 396.782776
v 183.208618 775.104126 473.104614
v 282.924042 742.450439 396.395996
v 156.147476 654.003662 361.124023
v 164.108276 585.632202 503.956879
v 282.924042 742.450439 396.395996
v 164.108276 585.632202 503.956879
v 290.884888 674.078857 539.228760
v 164.374359 585.316956 503.791199
v 283.190125 742.135132 396.230194
v 291.150940 673.763611 539.063049
v 283.190125 742.135132 396.230194
v 164.374359 585.316956 503.791199
v 156.413559 653.688354 360.958435
v 121.262436 730.985718 -326.248779
v 194.620026 779.197998 -207.601807
v 61.597778 780.786194 -134.453064
v 121.262436 730.985718 -326.248779
v 61.597778 780.786194 -134.453064
v -11.759851 732.573975 -253.100159
v -11.827623 732.959534 -253.219116
v 61.529953 781.171692 -134.572083
v 121.194641 731.371277 -326.367737
v 61.529953 781.171692 -134.572083
v 194.552185 779.583252 -207.720825
v 121.194641 731.371277 -326.367737
v -230.050140 644.620850 94.022400
v -355.392426 798.219971 45.503052
v -288.661499 755.132690 165.998840
v -355.392426 798.219971 45.503052
v -230.050140 644.620850 94.022400
v -296.781067 687.708252 -26.473389
v -230.369125 644.390320 94.116638
v -288.980469 754.902100 166.093018
v -355.711365 797.989563 45.597168
v -355.711365 797.989563 45.597168
v -297.100037 687.477661 -26.379211
v -230.369125 644.390320 94.116638
v -351.197296 805.975220 -72.515198
v -288.055969 632.465942 -159.493347
v -329.420929 761.871216 -208.196350
v -288.055969 632.465942 -159.493347
v -351.197296 805.975220 -72.515198
v -309.832336 676.570007 -23.812134
v -288.438843 632.336304 -159.512695
v -351.580109 805.845581 -72.534546
v -329.803772 761.741516 -208.215698
v -351.580109 805.845581 -72.534546
v -288.438843 632.336304 -159.512695
v -310.215179 676.440369 -23.831482
v -390.802551 797.979004 95.433472
v -363.109406 610.856079 172.086060
v -276.831696 722.486816 141.697266
v -363.109406 610.856079 172.086060
v -390.802551 797.979004 95.433472
v -477.080383 686.348267 125.822266
v -444.969269 754.274536 191.231689
v -309.146790 655.019897 75.653503
v -448.754425 636.851562 107.408752
v -309.146790 655.019897 75.653503
v -444.969269 754.274536 191.231689
v -305.361694 772.442871 159.476440
v -403.004547 627.895752 59.045593
v -262.162964 713.866150 -61.080566
v -377.581482 630.040649 -83.003174
v -262.162964 713.866150 -61.080566
v -403.004547 627.895752 59.045593
v -287.585938 711.721313 80.968201
v -402.772247 627.566406 59.082214
v -377.349274 629.711304 -82.966553
v -261.930695 713.536804 -61.043945
v -402.772247 627.566406 59.082214
v -261.930695 713.536804 -61.043945
v -287.353638 711.391846 81.004761
v -316.059570 704.153320 -145.608032
v -274.660217 647.031494 45.914185
v -389.585876 702.579956 -21.429993
v -274.660217 647.031494 45.914185
v -316.059570 704.153320 -145.608032
v -201.133942 648.604919 -78.263855
v 109.269089 539.205261 432.845886
v 173.584656 739.318665 354.764709
v 113.393600 686.421570 491.579163
v 173.584656 739.318665 354.764709
v 109.269089 539.205261 432.845886
v 169.460144 592.102295 296.031555
v 173.173492 739.391113 354.611938
v 108.857971 539.277832 432.693024
v 112.982483 686.494141 491.426270
v 108.857971 539.277832 432.693024
v 173.173492 739.391113 354.611938
v 169.048981 592.174927 295.878662
v 51.504349 637.182251 557.494019
v 232.654144 672.423096 430.131104
v 207.793900 642.038635 583.747498
v 232.654144 672.423096 430.131104
v 51.504349 637.182251 557.494019
v 76.364616 667.566589 403.877625
v 210.338089 800.075562 -303.632446
v 104.586975 632.276001 -368.969666
v 76.322830 775.488281 -370.795044
v 104.586975 632.276001 -368.969666
v 210.338089 800.075562 -303.632446
v 238.602173 656.863159 -301.807129
v 104.390656 632.245850 -368.607117
v 210.141724 800.045349 -303.269958
v 76.126465 775.458252 -370.432617
v 210.141724 800.045349 -303.269958
v 104.390656 632.245850 -368.607117
v 238.405884 656.833069 -301.444519
v 126.559235 794.903687 -206.283264
v 187.875214 807.409790 -339.325317
v 267.206543 684.397949 -318.083618
v 267.206543 684.397949 -318.083618
v 205.890518 671.891785 -185.041687
v 126.559235 794.903687 -206.283264
v 188.202301 807.625916 -339.169739
v 126.886322 795.119751 -206.127747
v 267.533661 684.614075 -317.928040
v 126.886322 795.119751 -206.127747
v 206.217636 672.107910 -184.886169
v 267.533661 684.614075 -317.928040
v 138.009949 666.327332 -380.576233
v -8.883442 611.280212 -522.242004
v 63.911865 735.038757 -488.197327
v -8.883442 611.280212 -522.242004
v 138.009949 666.327332 -380.576233
v 65.214584 542.568726 -414.620911
v 137.691772 666.424194 -380.317871
v -9.201582 611.377014 -521.983582
v 64.896446 542.665588 -414.362610
v -9.201582 611.377014 -521.983582
v 137.691772 666.424194 -380.317871
v 63.593796 735.135681 -487.938904
v 92.185303 705.270386 -380.619995
v -13.207575 628.088318 -217.719971
v 66.544579 749.865723 -244.050415
v -13.207575 628.088318 -217.719971
v 92.185303 705.270386 -380.619995
v 12.433105 583.492920 -354.289551
v 92.547096 705.084167 -380.498108
v -12.845833 627.902100 -217.598267
v 12.794899 583.306641 -354.167664
v -12.845833 627.902100 -217.598267
v 92.547096 705.084167 -380.498108
v 66.906319 749.679504 -243.928650
v 88.965027 785.131714 -430.915680
v 135.962646 603.112305 -521.006836
v 16.645752 691.217529 -515.715576
v 135.962646 603.112305 -521.006836
v 88.965027 785.131714 -430.915680
v 208.281860 697.026489 -436.206940
v 311.313416 707.209473 -255.454468
v 200.538330 687.741821 -156.253967
v 206.809616 697.979309 -361.971375
v 206.809616 697.979309 -361.971375
v 200.538330 687.741821 -156.253967
v 96.034462 678.511658 -262.770996
v 206.748856 698.383362 -361.952942
v 200.477585 688.145874 -156.235535
v 311.252655 707.613525 -255.435974
v 200.477585 688.145874 -156.235535
v 206.748856 698.383362 -361.952942
v 95.973709 678.915771 -262.752563
v 53.667610 686.051147 -260.235107
v 176.537079 850.292969 -216.203369
v 103.179550 802.080872 -334.850281
v 176.537079 850.292969 -216.203369
v 53.667610 686.051147 -260.235107
v 127.025192 734.263184 -141.588074
v 54.020409 685.844238 -260.346680
v 103.532303 801.874023 -334.962036
v 176.889877 850.086182 -216.315063
v 176.889877 850.086182 -216.315063
v 127.378006 734.056396 -141.699646
v 54.020409 685.844238 -260.346680
v 39.500671 712.916504 -217.087341
v 177.953354 757.894958 -369.525208
v 27.201035 730.121948 -361.302734
v 177.953354 757.894958 -369.525208
v 39.500671 712.916504 -217.087341
v 190.252930 740.689392 -225.309814
v 39.579193 712.518372 -217.140808
v 178.031784 757.496826 -369.578857
v 190.331482 740.291260 -225.363281
v 178.031784 757.496826 -369.578857
v 39.579193 712.518372 -217.140808
v 27.279499 729.723816 -361.356384
v 9.138031 624.376587 -304.050354
v 93.077835 767.412720 -178.836365
v 49.946579 764.098938 -318.656799
v 93.077835 767.412720 -178.836365
v 9.138031 624.376587 -304.050354
v 52.269295 627.690308 -164.229980
v 50.344437 763.983398 -318.764160
v 93.475731 767.297180 -178.943787
v 9.535873 624.261108 -304.157776
v 93.475731 767.297180 -178.943787
v 52.667206 627.574951 -164.337341
v 9.535873 624.261108 -304.157776
v 297.065704 796.789673 -189.690735
v 177.608994 643.687866 -268.532471
v 231.512604 770.533875 -318.860657
v 177.608994 643.687866 -268.532471
v 297.065704 796.789673 -189.690735
v 243.162140 669.943604 -139.362549
v 177.249283 643.875000 -268.406738
v 296.705994 796.976746 -189.564941
v 231.152863 770.720947 -318.734863
v 296.705994 796.976746 -189.564941
v 177.249283 643.875000 -268.406738
v 242.802429 670.130676 -139.236755
v 127.585495 744.390137 -307.884888
v 6.355968 608.494568 -203.934265
v 44.926010 748.276978 -185.066833
v 6.355968 608.494568 -203.934265
v 127.585495 744.390137 -307.884888
v 89.015572 604.607788 -326.752258
v 127.932816 744.275330 -307.671448
v 6.703323 608.379822 -203.720886
v 89.362793 604.492981 -326.538940
v 6.703323 608.379822 -203.720886
v 127.932816 744.275330 -307.671448
v 45.273354 748.162170 -184.853455
v 141.355881 726.706421 -450.941162
v -12.225946 628.034790 -343.423279
v 70.735680 749.095032 -323.450378
v -12.225946 628.034790 -343.423279
v 141.355881 726.706421 -450.941162
v 58.394287 605.646179 -470.914124
v -11.921522 627.816284 -343.233704
v 141.660400 726.487915 -450.751465
v 71.040192 748.876404 -323.260559
v 141.660400 726.487915 -450.751465
v -11.921522 627.816284 -343.233704
v 58.698784 605.427734 -470.724365
v 108.322098 782.406677 -272.569153
v 178.338684 793.157104 -401.858521
v 206.602859 649.944946 -400.033081
v 108.322098 782.406677 -272.569153
v 206.602859 649.944946 -400.033081
v 136.586273 639.194397 -270.743713
v 178.714493 793.226135 -401.670105
v 108.697937 782.475586 -272.380737
v 206.978592 650.013855 -399.844788
v 108.697937 782.475586 -272.380737
v 136.962021 639.263306 -270.555481
v 206.978592 650.013855 -399.844788
v 155.184036 713.368530 -355.702515
v 184.667572 748.266785 -217.022827
v 282.750122 632.041992 -359.570679
v 282.750122 632.041992 -359.570679
v 184.667572 748.266785 -217.022827
v 312.233673 666.940247 -220.891113
v 312.007263 666.615723 -220.766296
v 184.441162 747.942139 -216.898010
v 282.523773 631.717407 -359.445801
v 184.441162 747.942139 -216.898010
v 154.957657 713.043945 -355.577637
v 282.523773 631.717407 -359.445801
v 132.163269 796.333923 -357.442322
v 223.481934 830.357727 -173.540405
v 211.381256 715.394592 -262.320984
v 223.481934 830.357727 -173.540405
v 132.163269 796.333923 -357.442322
v 144.263824 911.296875 -268.661865
v 223.113739 830.250488 -173.356567
v 131.795135 796.226685 -357.258423
v 211.013123 715.287476 -262.137085
v 131.795135 796.226685 -357.258423
v 223.113739 830.250488 -173.356567
v 143.895721 911.189697 -268.477966
v 144.853363 743.765869 -288.579468
v 145.017059 691.738770 -152.480164
v 280.107605 808.636963 -263.927002
v 280.107605 808.636963 -263.927002
v 145.017059 691.738770 -152.480164
v 280.271301 756.609802 -127.827637
v 280.476685 756.274292 -127.956116
v 145.222519 691.403198 -152.608643
v 280.312927 808.301514 -264.055481
v 145.222519 691.403198 -152.608643
v 145.058807 743.430359 -288.707947
v 280.312927 808.301514 -264.055481
v 249.275879 664.351990 -163.061951
v 175.848648 836.023682 -253.345337
v 176.012405 783.996521 -117.245972
v 175.848648 836.023682 -253.345337
v 249.275879 664.351990 -163.061951
v 249.112244 716.379272 -299.161133
v 175.469452 835.841858 -253.414368
v 248.896698 664.170166 -163.131042
v 175.633209 783.814575 -117.315063
v 248.896698 664.170166 -163.131042
v 175.469452 835.841858 -253.414368
v 248.732971 716.197266 -299.230347
v 73.956360 620.239014 -539.155762
v 150.266296 767.576782 -412.963318
v 16.622253 717.994263 -443.324066
v 150.266296 767.576782 -412.963318
v 73.956360 620.239014 -539.155762
v 207.600464 669.821594 -508.795044
v 128.937469 745.047363 -180.144043
v 13.118515 606.673645 -286.336609
v 124.040283 599.520264 -185.642029
v 13.118515 606.673645 -286.336609
v 128.937469 745.047363 -180.144043
v 18.015759 752.200745 -280.838562
v 129.235962 745.049561 -180.438965
v 13.417053 606.675842 -286.631470
v 18.314224 752.202942 -281.133484
v 13.417053 606.675842 -286.631470
v 129.235962 745.049561 -180.438965
v 124.338715 599.522461 -185.937012
v 132.557571 732.434326 -169.639282
v 9.932877 619.676514 -297.129517
v 84.059692 594.181702 -172.030579
v 9.932877 619.676514 -297.129517
v 132.557571 732.434326 -169.639282
v 58.430763 757.929138 -294.738220
v 132.910156 732.327026 -169.848694
v 10.285522 619.569092 -297.338867
v 58.783333 757.821777 -294.947510
v 10.285522 619.569092 -297.338867
v 132.910156 732.327026 -169.848694
v 84.412277 594.074341 -172.239990
v 263.162384 766.474304 -298.184875
v 207.090851 597.546326 -403.551697
v 132.738419 716.254639 -356.882690
v 207.090851 597.546326 -403.551697
v 263.162384 766.474304 -298.184875
v 337.514832 647.765930 -344.853943
v 206.996948 597.355835 -403.201416
v 263.068451 766.283691 -297.834595
v 132.644501 716.064087 -356.532349
v 263.068451 766.283691 -297.834595
v 206.996948 597.355835 -403.201416
v 337.420837 647.575439 -344.503723
v 181.197922 707.393127 -265.070923
v 289.055359 656.627502 -436.665710
v 214.702850 775.335754 -389.996643
v 289.055359 656.627502 -436.665710
v 181.197922 707.393127 -265.070923
v 255.550354 588.684814 -311.739929
v 180.832184 707.252319 -265.235535
v 288.689606 656.486572 -436.830322
v 255.184631 588.544067 -311.904602
v 288.689606 656.486572 -436.830322
v 180.832184 707.252319 -265.235535
v 214.337173 775.194946 -390.161255
v 223.558273 519.717651 -511.411987
v 193.702484 693.810791 -404.868408
v 295.506958 584.682129 -400.214905
v 193.702484 693.810791 -404.868408
v 223.558273 519.717651 -511.411987
v 121.753647 628.846252 -516.065613
v 223.305527 519.517456 -511.148315
v 193.449768 693.610474 -404.604736
v 121.500961 628.645996 -515.802002
v 193.449768 693.610474 -404.604736
v 223.305527 519.517456 -511.148315
v 295.254395 584.481995 -399.951172
v 99.307877 640.992859 -659.723450
v 174.865417 661.258545 -534.436279
v 12.197880 539.134827 -596.112122
v 174.865417 661.258545 -534.436279
v 87.755386 559.400513 -470.824951
v 12.197880 539.134827 -596.112122
v 174.579987 661.545105 -534.328186
v 11.912441 539.421387 -596.003906
v 87.469986 559.687073 -470.716858
v 11.912441 539.421387 -596.003906
v 174.579987 661.545105 -534.328186
v 99.022476 641.279480 -659.615295
v 3.493275 563.118347 -609.868713
v 183.232224 637.362427 -520.642700
v 149.906784 580.495239 -651.025024
v 183.232224 637.362427 -520.642700
v 3.493275 563.118347 -609.868713
v 36.818703 619.985474 -479.486450
v 183.325745 636.989441 -520.501526
v 3.586899 562.745361 -609.727417
v 150.000366 580.122314 -650.883789
v 3.586899 562.745361 -609.727417
v 183.325745 636.989441 -520.501526
v 36.912308 619.612488 -479.345032
v 49.309471 696.589294 -251.600220
v 70.012405 796.663635 -147.530762
v 124.702652 889.818115 -246.870972
v 49.309471 696.589294 -251.600220
v 124.702652 889.818115 -246.870972
v 103.999771 789.743774 -350.940308
v 125.101562 889.676880 -246.806396
v 49.708412 696.448120 -251.535645
v 104.398712 789.602600 -350.875549
v 49.708412 696.448120 -251.535645
v 125.101562 889.676880 -246.806396
v 70.411324 796.522461 -147.466187
v 29.838127 681.902649 -410.630066
v 76.331566 677.593018 -271.807190
v -39.282543 586.943115 -239.879639
v -39.282543 586.943115 -239.879639
v -85.775978 591.252808 -378.702515
v 29.838127 681.902649 -410.630066
v -39.535435 587.262756 -239.793762
v 29.585323 682.222290 -410.544067
v -86.028885 591.572388 -378.616638
v 29.585323 682.222290 -410.544067
v -39.535435 587.262756 -239.793762
v 76.078697 677.912720 -271.721313
v 45.985115 646.383423 -231.663940
v -55.465919 603.431396 -408.808411
v 9.019810 722.386475 -350.942505
v -55.465919 603.431396 -408.808411
v 45.985115 646.383423 -231.663940
v -18.500565 527.428345 -289.529724
v 45.607529 646.484619 -231.494385
v -55.843472 603.532654 -408.638794
v -18.878237 527.529602 -289.360291
v -55.843472 603.532654 -408.638794
v 45.607529 646.484619 -231.494385
v 8.642223 722.487732 -350.773010
v 37.127968 792.435974 -416.903625
v 182.031036 652.712402 -480.917358
v 190.620255 782.935120 -416.065491
v 182.031036 652.712402 -480.917358
v 37.127968 792.435974 -416.903625
v 28.538773 662.213379 -481.755371
v 37.142731 792.617371 -417.269470
v 182.045822 652.893677 -481.283081
v 28.553520 662.394714 -482.121155
v 182.045822 652.893677 -481.283081
v 37.142731 792.617371 -417.269470
v 190.635010 783.116394 -416.431335
v 86.583031 705.476440 -309.925537
v -27.982298 658.587891 -478.699707
v 23.141754 583.950867 -363.313049
v -27.982298 658.587891 -478.699707
v 86.583031 705.476440 -309.925537
v 35.458908 780.113403 -425.312256
v 86.948883 705.392639 -310.125061
v -27.616385 658.504272 -478.899170
v 35.824821 780.029663 -425.511841
v -27.616385 658.504272 -478.899170
v 86.948883 705.392639 -310.125061
v 23.507668 583.867249 -363.512512
v -3.441759 734.307739 -228.516052
v 17.625263 644.637573 -341.613037
v 143.038544 777.669678 -238.414429
v 143.038544 777.669678 -238.414429
v 17.625263 644.637573 -341.613037
v 164.105560 687.999512 -351.511353
v 17.507553 644.935730 -341.869202
v 142.920868 777.967896 -238.670532
v 163.987961 688.297729 -351.767334
v 142.920868 777.967896 -238.670532
v 17.507553 644.935730 -341.869202
v -3.559399 734.605835 -228.772156
v 274.847595 682.077026 -367.768799
v 164.882874 690.647095 -266.246582
v 185.523407 755.681458 -460.792297
v 185.523407 755.681458 -460.792297
v 164.882874 690.647095 -266.246582
v 75.558815 764.251648 -359.269836
v 185.691452 756.033325 -460.658569
v 165.050949 690.998840 -266.112915
v 275.015533 682.428772 -367.635315
v 165.050949 690.998840 -266.112915
v 185.691452 756.033325 -460.658569
v 75.726830 764.603333 -359.136169
v 57.243797 768.977966 -494.094788
v 200.679016 615.451172 -473.364746
v 210.736038 759.476990 -493.256775
v 200.679016 615.451172 -473.364746
v 57.243797 768.977966 -494.094788
v 47.186760 624.952148 -474.202881
v 194.914307 842.589355 -323.022095
v 251.363861 862.605225 -188.969360
v 113.199127 832.746460 -132.308533
v 113.199127 832.746460 -132.308533
v 56.749588 812.730591 -266.361328
v 194.914307 842.589355 -323.022095
v 113.094742 833.142212 -132.328247
v 194.809937 842.985291 -323.041809
v 56.645180 813.126587 -266.381042
v 194.809937 842.985291 -323.041809
v 113.094742 833.142212 -132.328247
v 251.259491 863.001160 -188.988953
v 86.633919 757.918945 -214.227295
v 221.157974 917.561890 -241.371338
v 164.088226 847.397827 -125.679504
v 221.157974 917.561890 -241.371338
v 86.633919 757.918945 -214.227295
v 143.703674 828.083008 -329.919189
v 86.297363 758.174561 -214.221375
v 220.821411 917.817261 -241.365479
v 143.367126 828.338440 -329.913269
v 220.821411 917.817261 -241.365479
v 86.297363 758.174561 -214.221375
v 163.751663 847.653259 -125.673584
v 250.683624 695.603271 -509.661621
v 99.198257 549.898499 -484.360291
v 99.198273 695.603271 -484.360229
v 99.198257 549.898499 -484.360291
v 250.683624 695.603271 -509.661621
v 250.683716 549.898499 -509.661438
v 250.425812 683.834778 -454.340729
v 99.605896 695.364929 -480.956085
v 250.425842 550.136841 -512.260864
v 99.605896 695.364929 -480.956085
v 99.605896 561.666992 -538.876221
v 250.425842 550.136841 -512.260864
v 188.296463 695.603271 -425.265259
v 161.585449 549.898499 -568.756287
v 161.585495 695.603149 -568.756470
v 161.585449 549.898499 -568.756287
v 188.296463 695.603271 -425.265259
v 188.296509 549.898499 -425.265137
v 187.871674 695.603271 -425.194458
v 161.160797 695.603149 -568.685425
v 187.871658 549.898499 -425.194397
v 161.160797 695.603149 -568.685425
v 161.160767 549.898499 -568.685486
v 187.871658 549.898499 -425.194397
v 182.351410 577.203064 -512.574280
v 112.146011 469.322754 -584.472656
v 50.483841 652.158264 -509.510071
v 112.146011 469.322754 -584.472656
v -19.721575 544.278015 -581.408508
v 50.483841 652.158264 -509.510071
v 112.043213 469.146027 -584.117432
v 182.248642 577.026367 -512.218994
v 50.381050 651.981506 -509.154846
v 112.043213 469.146027 -584.117432
v 50.381050 651.981506 -509.154846
v -19.824366 544.101257 -581.053284
v 98.091446 583.163086 -447.695557
v 27.885979 475.282806 -519.594116
v 134.743866 646.198181 -574.388489
v 27.885979 475.282806 -519.594116
v 64.538551 538.317993 -646.286987
v 134.743866 646.198181 -574.388489
v 27.516254 475.493073 -519.585571
v 97.721672 583.373291 -447.687012
v 134.374191 646.408447 -574.379883
v 27.516254 475.493073 -519.585571
v 134.374191 646.408447 -574.379883
v 64.168739 538.528137 -646.278503
v -436.526642 704.841736 92.321411
v -389.503235 763.599487 -30.825317
v -285.306000 832.231995 41.709351
v -436.526642 704.841736 92.321411
v -285.306000 832.231995 41.709351
v -332.329346 773.474243 164.856018
v -270.496765 856.503174 -58.285522
v -207.355423 682.993896 -145.263672
v -248.720352 812.399048 -193.966675
v -207.355423 682.993896 -145.263672
v -270.496765 856.503174 -58.285522
v -229.131790 727.097900 -9.582458
v -207.738281 682.864014 -145.282959
v -270.879578 856.373535 -58.304871
v -249.103195 812.269287 -193.986023
v -270.879578 856.373535 -58.304871
v -207.738281 682.864014 -145.282959
v -229.514618 726.968201 -9.601807
v -249.610565 818.862183 -158.454407
v -376.555176 729.295898 -26.089478
v -284.264282 840.082825 -19.971313
v -376.555176 729.295898 -26.089478
v -249.610565 818.862183 -158.454407
v -341.901337 708.075378 -164.572571
v -249.314957 818.609802 -158.341797
v -376.259552 729.043579 -25.976868
v -341.605804 707.822998 -164.459961
v -376.259552 729.043579 -25.976868
v -249.314957 818.609802 -158.341797
v -283.968719 839.830444 -19.858643
v -245.301453 866.046265 -12.363220
v -401.290253 736.708496 -36.791870
v -299.930817 791.874573 -123.462097
v -401.290253 736.708496 -36.791870
v -245.301453 866.046265 -12.363220
v -346.660889 810.880371 74.306946
v -346.904846 811.191040 74.219543
v -245.545410 866.357056 -12.450745
v -401.534241 737.019287 -36.879333
v -401.534241 737.019287 -36.879333
v -245.545410 866.357056 -12.450745
v -300.174805 792.185303 -123.549622
v -300.331390 744.370850 -182.586243
v -231.209076 853.714417 -24.713989
v -359.524170 836.376343 -88.458801
v -231.209076 853.714417 -24.713989
v -300.331390 744.370850 -182.586243
v -172.016327 761.708862 -118.841431
v -171.934097 762.016846 -119.090698
v -300.249146 744.678833 -182.835510
v -231.126816 854.022278 -24.963318
v -231.126816 854.022278 -24.963318
v -300.249146 744.678833 -182.835510
v -359.441956 836.684326 -88.708069
v 168.578110 662.621643 -409.147888
v 22.422134 768.875122 -518.708252
v 175.914444 759.374146 -517.870239
v 22.422134 768.875122 -518.708252
v 168.578110 662.621643 -409.147888
v 15.085793 672.122620 -409.985901
v -23.375731 604.880920 -340.983704
v 83.948540 764.833069 -421.855042
v 40.065506 726.406372 -287.596252
v 83.948540 764.833069 -421.855042
v -23.375731 604.880920 -340.983704
v 20.507233 643.307617 -475.242554
v 83.575363 765.031128 -421.907837
v -23.748888 605.078857 -341.036560
v 39.692352 726.604309 -287.649109
v -23.748888 605.078857 -341.036560
v 83.575363 765.031128 -421.907837
v 20.134060 643.505615 -475.295288
v 150.461975 681.306641 -502.317017
v 12.002460 549.743774 -591.479492
v 147.469498 608.136353 -628.285034
v 12.002460 549.743774 -591.479492
v 150.461975 681.306641 -502.317017
v 14.995136 622.913879 -465.511292
v 57.242355 768.922058 -494.499573
v 200.677628 615.395386 -473.769531
v 47.185249 624.896362 -474.607788
v 200.677628 615.395386 -473.769531
v 57.242355 768.922058 -494.499573
v 210.734695 759.421082 -493.661438
v 122.193512 732.546204 -245.583496
v 267.429291 672.105591 -386.582642
v 272.514160 701.674866 -243.991089
v 267.429291 672.105591 -386.582642
v 122.193512 732.546204 -245.583496
v 117.108826 702.976929 -388.174927
v 117.199219 703.367432 -388.258911
v 122.283875 732.936768 -245.667419
v 267.519745 672.496155 -386.666443
v 267.519745 672.496155 -386.666443
v 122.283875 732.936768 -245.667419
v 272.604431 702.065430 -244.075012
v 98.949997 683.781738 -575.623535
v 170.417145 590.889893 -404.602600
v 106.293121 545.861389 -529.153503
v 170.417145 590.889893 -404.602600
v 98.949997 683.781738 -575.623535
v 163.074158 728.810364 -451.072571
v 98.558472 683.819336 -575.456299
v 170.025681 590.927612 -404.435303
v 162.682571 728.847900 -450.905396
v 170.025681 590.927612 -404.435303
v 98.558472 683.819336 -575.456299
v 105.901520 545.898987 -528.986267
v 57.501511 635.013977 -452.316833
v 108.413742 826.686951 -394.045227
v 93.014435 698.824219 -325.720703
v 108.413742 826.686951 -394.045227
v 57.501511 635.013977 -452.316833
v 72.900894 762.876587 -520.641357
v 57.084167 635.093689 -452.251770
v 107.996277 826.766602 -393.980469
v 72.483452 762.956360 -520.576355
v 107.996277 826.766602 -393.980469
v 57.084167 635.093689 -452.251770
v 92.596977 698.903992 -325.655823
v 22.441414 780.785278 -423.245422
v 168.597473 651.320190 -504.066833
v 175.933823 777.966614 -432.357300
v 168.597473 651.320190 -504.066833
v 22.441414 780.785278 -423.245422
v 15.105186 654.138550 -494.954895
v -210.852875 867.398315 -71.862366
v -363.250519 762.434753 14.249023
v -255.134705 844.344482 63.549744
v -363.250519 762.434753 14.249023
v -210.852875 867.398315 -71.862366
v -318.968689 785.488647 -121.162903
v -410.964539 798.675232 -47.449402
v -283.601318 707.751343 -178.479919
v -411.183380 673.964233 -120.084595
v -283.601318 707.751343 -178.479919
v -410.964539 798.675232 -47.449402
v -283.382507 832.462280 -105.844727
v -410.775391 798.494934 -47.140442
v -283.412201 707.571106 -178.170898
v -283.193359 832.281982 -105.535706
v -283.412201 707.571106 -178.170898
v -410.775391 798.494934 -47.140442
v -410.994202 673.783875 -119.775696
v -332.576416 773.789795 164.912292
v -285.553009 832.547485 41.765564
v -436.773621 705.157288 92.377625
v -285.553009 832.547485 41.765564
v -389.750214 763.915039 -30.768982
v -436.773621 705.157288 92.377625
v -300.182129 801.757690 170.178833
v -242.176041 830.879028 41.275696
v -416.690002 746.587830 105.286743
v -242.176041 830.879028 41.275696
v -358.683838 775.709106 -23.616394
v -416.690002 746.587830 105.286743
v -416.515106 746.222900 105.283020
v -358.509033 775.344238 -23.620117
v -242.001175 830.514038 41.271912
v -416.515106 746.222900 105.283020
v -242.001175 830.514038 41.271912
v -300.007263 801.392822 170.174988
v -256.057312 812.422546 100.760010
v -331.081024 847.406738 -17.461426
v -392.074036 716.606812 -17.461426
v -256.057312 812.422546 100.760010
v -392.074036 716.606812 -17.461426
v -317.050262 681.622620 100.760010
v -330.780640 847.266541 -17.693542
v -255.756821 812.282471 100.527893
v -391.773560 716.466736 -17.693542
v -255.756821 812.282471 100.527893
v -316.749817 681.482544 100.527893
v -391.773560 716.466736 -17.693542
v -239.996658 804.933350 0.259460
v -408.134674 724.096069 83.039062
v -347.141663 854.895996 83.039062
v -408.134674 724.096069 83.039062
v -239.996658 804.933350 0.259460
v -300.989716 674.133545 0.259521
v -300.779327 674.035400 0.591064
v -239.786270 804.835266 0.591003
v -346.931274 854.797791 83.370544
v -300.779327 674.035400 0.591064
v -346.931274 854.797791 83.370544
v -407.924286 723.997986 83.370544
v -318.211090 839.278076 -4.821106
v -232.929077 705.046570 -132.752197
v -189.435379 826.890747 -68.790894
v -232.929077 705.046570 -132.752197
v -318.211090 839.278076 -4.821106
v -361.704742 717.433960 -68.782410
v -233.065109 705.260620 -133.067505
v -318.347107 839.492188 -5.136414
v -189.571426 827.104858 -69.106140
v -318.347107 839.492188 -5.136414
v -233.065109 705.260620 -133.067505
v -361.840759 717.648071 -69.097656
v -228.431686 810.819397 16.990234
v -320.442139 765.325012 -159.423706
v -271.925354 688.975220 -46.971069
v -320.442139 765.325012 -159.423706
v -228.431686 810.819397 16.990234
v -276.948456 887.169312 -95.462402
v -271.564270 688.940491 -47.150452
v -320.081055 765.290405 -159.603088
v -228.070618 810.784668 16.810913
v -228.070618 810.784668 16.810913
v -320.081055 765.290405 -159.603088
v -276.587402 887.134521 -95.641724
v -205.813019 832.586182 -99.488159
v -156.814362 724.055542 -17.946716
v -282.785095 881.781433 12.243103
v -156.814362 724.055542 -17.946716
v -233.786499 773.250793 93.784546
v -282.785095 881.781433 12.243103
v -156.500854 724.283875 -17.831238
v -205.499451 832.814453 -99.372681
v -282.471558 882.009705 12.358582
v -156.500854 724.283875 -17.831238
v -282.471558 882.009705 12.358582
v -233.472961 773.479065 93.899963
v -247.467865 843.383545 35.158875
v -284.821198 699.061768 -104.245178
v -284.821167 843.383545 -104.245300
v -284.821198 699.061768 -104.245178
v -247.467865 843.383545 35.158875
v -247.467865 699.061768 35.158875
v 11.798355 550.056824 -591.657043
v 150.257843 681.619629 -502.494507
v 147.265228 608.449463 -628.462646
v 150.257843 681.619629 -502.494507
v 11.798355 550.056824 -591.657043
v 14.790977 623.226990 -465.688782
v -233.579239 809.278015 -55.518982
v -386.232330 728.768433 -164.481140
v -247.930649 760.657166 -190.644165
v -386.232330 728.768433 -164.481140
v -233.579239 809.278015 -55.518982
v -371.880890 777.389099 -29.355896
v -386.340820 729.138733 -164.602844
v -233.687714 809.648376 -55.640686
v -248.039124 761.027588 -190.765869
v -233.687714 809.648376 -55.640686
v -386.340820 729.138733 -164.602844
v -371.989380 777.759460 -29.477661
v -342.415405 710.466797 -65.017639
v -325.314087 881.172974 45.546936
v -236.410492 804.790527 -38.659119
v -325.314087 881.172974 45.546936
v -342.415405 710.466797 -65.017639
v -431.318970 786.849243 19.188293
v -342.300262 710.247925 -64.697388
v -325.198883 880.954102 45.867126
v -431.203827 786.630371 19.508545
v -325.198883 880.954102 45.867126
v -342.300262 710.247925 -64.697388
v -236.295319 804.571472 -38.338867
v -250.418259 801.421631 40.313843
v -193.875229 819.976746 -91.167603
v -377.598328 767.910889 -19.108582
v -193.875229 819.976746 -91.167603
v -321.055389 786.466064 -150.589905
v -377.598328 767.910889 -19.108582
v -377.491272 767.520752 -19.117615
v -320.948334 786.075806 -150.598938
v -193.768204 819.586609 -91.176636
v -377.491272 767.520752 -19.117615
v -193.768204 819.586609 -91.176636
v -250.311218 801.031494 40.304749
v -318.731079 785.161743 -121.140808
v -210.615326 867.071411 -71.840271
v -363.012878 762.107910 14.271179
v -363.012878 762.107910 14.271179
v -210.615326 867.071411 -71.840271
v -254.897110 844.017578 63.571716
v -161.271164 791.629150 -47.466980
v -337.775696 828.575745 48.129211
v -204.395126 793.024963 90.254272
v -337.775696 828.575745 48.129211
v -161.271164 791.629150 -47.466980
v -294.651794 827.179932 -89.592102
v -337.871948 828.183533 48.103027
v -161.367432 791.236938 -47.493164
v -204.491394 792.632751 90.228088
v -161.367432 791.236938 -47.493164
v -337.871948 828.183533 48.103027
v -294.748016 826.787720 -89.618225
v -346.908142 850.303589 -34.877930
v -388.967529 699.444824 96.004395
v -349.512726 837.671631 108.866272
v -388.967529 699.444824 96.004395
v -346.908142 850.303589 -34.877930
v -386.362854 712.076721 -47.739868
v -346.518951 850.192749 -34.880615
v -388.578308 699.334045 96.001709
v -385.973663 711.965942 -47.742554
v -388.578308 699.334045 96.001709
v -346.518951 850.192749 -34.880615
v -349.123596 837.560791 108.863586
v -247.858765 843.383545 35.263611
v -285.211975 699.061768 -104.140442
v -247.858795 699.061768 35.263672
v -285.211975 699.061768 -104.140442
v -247.858765 843.383545 35.263611
v -285.211975 843.383545 -104.140442
v -335.846558 843.383545 -15.866516
v -196.442520 699.061768 -53.219788
v -196.442474 843.383545 -53.219788
v -196.442520 699.061768 -53.219788
v -335.846558 843.383545 -15.866516
v -335.846558 699.061768 -15.866516
v -335.951263 843.383545 -16.257446
v -196.547226 699.061768 -53.610657
v -335.951263 699.061768 -16.257446
v -196.547226 699.061768 -53.610657
v -335.951263 843.383545 -16.257446
v -196.547195 843.383545 -53.610657
v -280.250916 778.927856 1.433716
v -343.609497 717.817261 -182.709473
v -325.062988 845.688354 -118.414917
v -343.609497 717.817261 -182.709473
v -280.250916 778.927856 1.433716
v -298.797424 651.056885 -62.860840
v -280.632080 778.915100 1.569092
v -343.990662 717.804443 -182.574097
v -299.178558 651.044128 -62.725403
v -343.990662 717.804443 -182.574097
v -280.632080 778.915100 1.569092
v -325.444153 845.675415 -118.279541
v -361.729370 732.371826 -192.522766
v -278.907410 844.565430 -43.490356
v -406.994141 781.499634 -64.591797
v -278.907410 844.565430 -43.490356
v -361.729370 732.371826 -192.522766
v -233.642609 795.437500 -171.421265
v -361.866028 732.708740 -192.700439
v -279.044067 844.902405 -43.668030
v -233.779297 795.774414 -171.598999
v -279.044067 844.902405 -43.668030
v -361.866028 732.708740 -192.700439
v -407.130737 781.836609 -64.769531
v -277.441284 826.684082 36.367004
v -168.316437 727.009216 -104.395935
v -153.487228 752.765564 36.832397
v -168.316437 727.009216 -104.395935
v -277.441284 826.684082 36.367004
v -292.270477 800.927734 -104.861450
v 102.938095 1079.249268 -11.890015
v 149.681076 940.880066 156.134338
v 31.906921 1039.934326 122.982056
v 149.681076 940.880066 156.134338
v 102.938095 1079.249268 -11.890015
v 220.712265 980.195068 21.262207
v 249.318970 815.159851 87.123291
v 160.143906 1018.543762 102.805481
v 200.892334 923.730103 -16.070496
v 160.143906 1018.543762 102.805481
v 249.318970 815.159851 87.123291
v 208.570511 909.973694 205.999207
v 249.723145 815.337402 87.120300
v 160.548065 1018.721252 102.802551
v 208.974701 910.151001 205.996216
v 160.548065 1018.721252 102.802551
v 249.723145 815.337402 87.120300
v 201.296494 923.907471 -16.073486
v 239.481598 1027.478760 -93.343506
v 174.848969 920.961304 91.155212
v 228.379822 1065.472168 59.020630
v 174.848969 920.961304 91.155212
v 239.481598 1027.478760 -93.343506
v 185.950790 882.967896 -61.208923
v 196.702057 1047.564453 34.439026
v 78.949707 1035.692383 -154.125366
v 153.197189 931.413086 -62.502869
v 78.949707 1035.692383 -154.125366
v 196.702057 1047.564453 34.439026
v 122.454559 1151.843750 -57.183472
v -2.427704 1032.817017 -73.625854
v 147.362274 1048.474976 -119.444336
v 128.712097 929.662415 -221.018372
v -2.427704 1032.817017 -73.625854
v 128.712097 929.662415 -221.018372
v -21.077871 914.004578 -175.200012
v 147.487595 1048.188721 -119.132446
v -2.302408 1032.530884 -73.314087
v 128.837402 929.376160 -220.706482
v -2.302408 1032.530884 -73.314087
v -20.952576 913.718262 -174.888184
v 128.837402 929.376160 -220.706482
v 32.972977 1011.206177 -81.358093
v 15.514191 973.926880 70.586060
v 177.616943 1065.624756 -51.386597
v 177.616943 1065.624756 -51.386597
v 15.514191 973.926880 70.586060
v 160.158127 1028.345459 100.557556
v 15.681351 973.526001 70.506958
v 177.784103 1065.223999 -51.465698
v 160.325317 1027.944824 100.478516
v 177.784103 1065.223999 -51.465698
v 15.681351 973.526001 70.506958
v 33.140137 1010.805298 -81.437134
v 222.375488 1062.526489 13.713623
v 70.888611 953.284607 -107.451721
v 104.636627 1104.892578 -81.807251
v 70.888611 953.284607 -107.451721
v 222.375488 1062.526489 13.713623
v 188.627518 910.918579 -11.930847
v 222.098221 1062.530151 14.057007
v 70.611343 953.288330 -107.108276
v 188.350204 910.922119 -11.587463
v 70.611343 953.288330 -107.108276
v 222.098221 1062.530151 14.057007
v 104.359360 1104.896240 -81.463867
v 103.152847 1079.574341 -11.682251
v 149.895798 941.204956 156.342102
v 220.927002 980.519897 21.470093
v 149.895798 941.204956 156.342102
v 103.152847 1079.574341 -11.682251
v 32.121674 1040.259277 123.189819
v 204.195038 867.788086 -181.719055
v 24.585701 831.491882 -55.282410
v 179.467590 840.628052 -28.642456
v 24.585701 831.491882 -55.282410
v 204.195038 867.788086 -181.719055
v 49.313110 858.651794 -208.359070
v 24.623505 831.057861 -55.353394
v 204.232803 867.353943 -181.789978
v 179.505386 840.194092 -28.713318
v 204.232803 867.353943 -181.789978
v 24.623505 831.057861 -55.353394
v 49.350914 858.217712 -208.429993
v 110.295029 1035.941895 -194.593628
v 98.498367 953.635071 11.924072
v 99.996368 891.551880 -132.730652
v 98.498367 953.635071 11.924072
v 110.295029 1035.941895 -194.593628
v 108.796967 1098.025024 -49.938843
v 109.854584 1035.966797 -194.608765
v 99.555954 891.576782 -132.745850
v 98.057938 953.659912 11.908813
v 109.854584 1035.966797 -194.608765
v 98.057938 953.659912 11.908813
v 108.356522 1098.049927 -49.954102
v 239.895508 1027.339844 -93.278687
v 175.262924 920.822327 91.220093
v 186.364700 882.828979 -61.144043
v 175.262924 920.822327 91.220093
v 239.895508 1027.339844 -93.278687
v 228.793762 1065.333252 59.085388
v 236.815979 995.305908 -56.093262
v 117.967850 886.112854 -209.439636
v 122.725433 1034.542603 -157.213867
v 117.967850 886.112854 -209.439636
v 236.815979 995.305908 -56.093262
v 232.058472 846.876160 -108.319031
v 236.512146 995.208252 -55.788330
v 117.664001 886.015320 -209.134705
v 231.754578 846.778503 -108.014038
v 117.664001 886.015320 -209.134705
v 236.512146 995.208252 -55.788330
v 122.421600 1034.445068 -156.908813
v 169.761551 985.101501 -130.964172
v 11.001537 870.645386 -237.068726
v 163.642853 899.285522 -262.796631
v 11.001537 870.645386 -237.068726
v 169.761551 985.101501 -130.964172
v 17.120201 956.461304 -105.236389
v 10.894920 871.006592 -237.298950
v 169.654984 985.462769 -131.194397
v 163.536285 899.646790 -263.026794
v 169.654984 985.462769 -131.194397
v 10.894920 871.006592 -237.298950
v 17.013634 956.822449 -105.466614
v 76.820747 1002.037720 -143.397583
v -15.033915 883.523865 21.163452
v 47.413971 1027.528198 9.137817
v -15.033915 883.523865 21.163452
v 76.820747 1002.037720 -143.397583
v 14.372986 858.033691 -131.371948
v 77.180588 1002.026611 -143.142212
v -14.673975 883.512878 21.418884
v 14.732872 858.022583 -131.116577
v -14.673975 883.512878 21.418884
v 77.180588 1002.026611 -143.142212
v 47.773842 1027.517090 9.393188
v 200.622833 777.921997 101.892700
v 285.868591 909.328247 117.612183
v 154.801331 990.564209 149.292725
v 200.622833 777.921997 101.892700
v 154.801331 990.564209 149.292725
v 69.555527 859.157898 133.573181
v 200.571442 778.006836 101.462585
v 154.749939 990.649170 148.862549
v 285.817139 909.413147 117.182068
v 154.749939 990.649170 148.862549
v 200.571442 778.006836 101.462585
v 69.504150 859.242798 133.143127
v -168.113358 727.349243 -104.479309
v -277.238220 827.024048 36.283630
v -153.284180 753.105530 36.749084
v -277.238220 827.024048 36.283630
v -168.113358 727.349243 -104.479309
v -292.067444 801.267578 -104.944763
v 182.352463 993.810669 -150.349060
v 225.857330 1109.962158 -53.407104
v 50.533661 973.409119 -66.748108
v 225.857330 1109.962158 -53.407104
v 94.038506 1089.560547 30.193848
v 50.533661 973.409119 -66.748108
v 93.830330 1059.745850 40.289764
v 225.649109 1104.887451 -32.974243
v 50.325485 979.068542 -87.694855
v 50.325485 979.068542 -87.694855
v 225.649109 1104.887451 -32.974243
v 182.144241 1024.210083 -160.958862
v 79.319313 1035.749634 -154.359863
v 197.071671 1047.621582 34.204651
v 153.566803 931.470276 -62.737305
v 197.071671 1047.621582 34.204651
v 79.319313 1035.749634 -154.359863
v 122.824173 1151.901123 -57.417847
v 204.789734 914.605347 -170.812744
v 264.916199 1012.258362 -62.968933
v 80.343277 1009.572510 -187.422729
v 264.916199 1012.258362 -62.968933
v 140.469772 1107.225464 -79.579102
v 80.343277 1009.572510 -187.422729
v 84.629692 1004.713867 53.683228
v 137.200607 869.742004 115.331360
v 233.011932 1052.193481 31.100708
v 137.200607 869.742004 115.331360
v 285.582886 917.221619 92.748779
v 233.011932 1052.193481 31.100708
v 296.808289 994.243835 8.169006
v 81.270760 1043.072754 -18.708984
v 202.739410 1018.324768 -115.737000
v 81.270760 1043.072754 -18.708984
v 296.808289 994.243835 8.169006
v 175.339584 1018.991760 105.197205
v 154.750900 992.448608 -10.433716
v 66.634842 931.365967 184.675537
v 74.077072 867.441223 41.009949
v 66.634842 931.365967 184.675537
v 154.750900 992.448608 -10.433716
v 147.308655 1056.373413 133.231750
v 158.852646 995.761963 -29.209961
v 212.191986 926.439697 175.515381
v 211.423553 860.790222 32.438049
v 212.191986 926.439697 175.515381
v 158.852646 995.761963 -29.209961
v 159.621094 1061.411499 113.867371
v 137.198486 869.557983 114.930176
v 84.627563 1004.529663 53.282104
v 233.009766 1052.009399 30.699524
v 233.009766 1052.009399 30.699524
v 285.580688 917.037598 92.347595
v 137.198486 869.557983 114.930176
v 154.372421 992.648132 -10.542236
v 66.256363 931.565735 184.567078
v 146.930176 1056.573120 133.123352
v 66.256363 931.565735 184.567078
v 154.372421 992.648132 -10.542236
v 73.698608 867.640747 40.901550
v 158.436569 995.628845 -29.146667
v 211.775940 926.306702 175.578674
v 159.205063 1061.278442 113.930603
v 211.775940 926.306702 175.578674
v 158.436569 995.628845 -29.146667
v 211.007492 860.656982 32.501404
v 296.904480 994.674500 8.179626
v 81.366974 1043.503418 -18.698242
v 175.435776 1019.422302 105.207825
v 81.366974 1043.503418 -18.698242
v 296.904480 994.674500 8.179626
v 202.835678 1018.755493 -115.726440
v 358.048187 666.008911 442.065582
v 213.272385 710.858521 276.817383
v 367.990112 676.989502 284.205414
v 213.272385 710.858521 276.817383
v 358.048187 666.008911 442.065582
v 203.330521 699.877686 434.677460
v 213.365509 711.291748 276.853363
v 358.141296 666.442139 442.101562
v 368.083191 677.422852 284.241455
v 358.141296 666.442139 442.101562
v 213.365509 711.291748 276.853363
v 203.423630 700.310913 434.713531
v 199.890015 1074.578979 39.036499
v 9.279312 974.851929 96.353088
v 149.310837 995.325806 165.299011
v 9.279312 974.851929 96.353088
v 199.890015 1074.578979 39.036499
v 59.858429 1054.105225 -29.909302
v 220.360901 857.584656 -148.837769
v 290.349762 908.699402 -17.420776
v 122.778168 981.049744 -144.889954
v 192.766953 1032.164307 -13.473022
v 122.778168 981.049744 -144.889954
v 290.349762 908.699402 -17.420776
v 123.063583 981.282959 -145.132690
v 193.052353 1032.397705 -13.715698
v 290.635132 908.932800 -17.663574
v 123.063583 981.282959 -145.132690
v 290.635132 908.932800 -17.663574
v 220.646347 857.817993 -149.080566
v 151.082565 1043.778320 -3.396606
v 39.017365 918.643127 -149.498230
v 165.492401 1012.080688 -156.919067
v 39.017365 918.643127 -149.498230
v 151.082565 1043.778320 -3.396606
v 24.607555 950.341003 4.024353
v 175.663284 748.892212 447.274384
v 228.424469 747.062683 297.768005
v 124.241516 632.895508 262.398590
v 124.241516 632.895508 262.398590
v 71.480324 634.724854 411.904938
v 175.663284 748.892212 447.274384
v 314.773132 662.796631 -285.373352
v 158.846695 774.619080 -304.044373
v 268.718994 748.874573 -380.518372
v 158.846695 774.619080 -304.044373
v 314.773132 662.796631 -285.373352
v 204.900772 688.541138 -208.899414
v 175.738083 680.917847 381.746063
v 289.921692 654.913696 572.964233
v 193.743500 563.230652 486.458801
v 289.921692 654.913696 572.964233
v 175.738083 680.917847 381.746063
v 271.916260 772.600952 468.251465
v 205.086578 688.828613 -208.729248
v 314.958862 663.084045 -285.203308
v 159.032471 774.906616 -303.874268
v 159.032471 774.906616 -303.874268
v 314.958862 663.084045 -285.203308
v 268.904785 749.162048 -380.348206
v 219.572205 688.680786 437.443848
v 370.884674 609.833496 291.958038
v 363.721100 623.801575 449.732605
v 370.884674 609.833496 291.958038
v 219.572205 688.680786 437.443848
v 226.735748 674.712891 279.669250
v 226.919800 675.116699 279.641937
v 219.756271 689.084717 437.416473
v 371.068726 610.237305 291.930664
v 371.068726 610.237305 291.930664
v 219.756271 689.084717 437.416473
v 363.905151 624.205322 449.705231
v -131.468445 853.082825 444.503967
v -197.440521 839.921387 585.629395
v -129.102539 697.338745 431.085114
v -197.440521 839.921387 585.629395
v -195.074615 684.177246 572.210571
v -129.102539 697.338745 431.085114
v -93.992706 844.748657 547.841919
v -235.710846 848.275208 481.921814
v -233.344940 692.531128 468.502960
v -93.992706 844.748657 547.841919
v -233.344940 692.531128 468.502960
v -91.626801 689.004517 534.423096
v -255.448334 780.485779 564.393127
v -149.155609 635.208496 436.017578
v -205.746185 779.587830 416.167542
v -149.155609 635.208496 436.017578
v -255.448334 780.485779 564.393127
v -198.857758 636.106323 584.243042
v -197.837677 839.931213 585.444519
v -131.865875 853.092773 444.319092
v -129.499969 697.348633 430.900269
v -197.837677 839.931213 585.444519
v -129.499969 697.348633 430.900269
v -195.471771 684.187195 572.025696
v -6.482208 867.460632 447.768250
v -98.761322 745.427734 415.606689
v -100.344177 907.195251 566.313538
v -98.761322 745.427734 415.606689
v -192.623291 785.162292 534.151917
v -100.344177 907.195251 566.313538
v -235.525452 848.312134 481.526093
v -93.807587 844.785522 547.446167
v -233.159546 692.568054 468.107239
v -93.807587 844.785522 547.446167
v -91.441681 689.041504 534.027344
v -233.159546 692.568054 468.107239
v -98.524567 745.177307 415.877991
v -6.245178 867.210144 448.039490
v -100.107422 906.944824 566.584717
v -98.524567 745.177307 415.877991
v -100.107422 906.944824 566.584717
v -192.386810 784.911804 534.423157
v 27.547394 741.275513 427.293121
v -96.506378 924.290405 427.353607
v 7.771729 861.390076 525.391663
v -96.506378 924.290405 427.353607
v 27.547394 741.275513 427.293121
v -76.730988 804.175781 329.255035
v -116.635254 737.214294 686.374817
v -203.486572 797.397644 571.150208
v -85.271210 612.434265 597.559631
v -85.271210 612.434265 597.559631
v -203.486572 797.397644 571.150208
v -172.122528 672.617615 482.335022
v -206.321045 777.674622 501.427429
v -107.314178 625.825256 628.010193
v -140.550568 777.827637 643.258789
v -107.314178 625.825256 628.010193
v -206.321045 777.674622 501.427429
v -173.084106 625.672485 486.178741
v -96.502808 853.897095 448.524200
v 70.269653 777.881042 572.186096
v -65.074219 718.871399 520.789246
v 70.269653 777.881042 572.186096
v -96.502808 853.897095 448.524200
v 38.841614 912.906738 499.921112
v -249.506378 787.239563 366.861633
v -150.278961 632.566528 489.800446
v -127.610596 691.432739 346.752197
v -150.278961 632.566528 489.800446
v -249.506378 787.239563 366.861633
v -272.175018 728.373291 509.909882
v -151.510254 707.541443 454.549377
v -91.961060 886.163818 338.654419
v -27.437531 802.659912 454.004852
v -91.961060 886.163818 338.654419
v -151.510254 707.541443 454.549377
v -216.033783 791.045410 339.198761
v -187.608307 809.823730 426.187408
v -10.970673 842.576355 555.067932
v -103.249786 720.543274 522.906433
v -10.970673 842.576355 555.067932
v -187.608307 809.823730 426.187408
v -95.329193 931.856812 458.348999
v -11.233795 842.687683 555.400452
v -187.871704 809.935181 426.519745
v -103.513184 720.654785 523.238770
v -187.871704 809.935181 426.519745
v -11.233795 842.687683 555.400452
v -95.592041 931.968262 458.681396
v 129.653366 477.502045 246.943558
v 126.509949 606.077393 248.576828
v 125.733437 477.426941 249.153381
v 126.509949 606.077393 248.576828
v 129.653366 477.502045 246.943558
v 128.713058 606.077393 247.304916
v 126.491394 606.077393 248.544724
v 129.491531 477.542511 246.728668
v 125.576080 477.466278 248.944321
v 128.694489 606.077393 247.272781
v 129.491531 477.542511 246.728668
v 126.491394 606.077393 248.544724
v 225.192017 438.312592 103.503723
v 222.652740 560.501892 106.721176
v 222.010864 438.406616 108.147705
v 222.652740 560.501892 106.721176
v 225.192017 438.312592 103.503723
v 224.478012 560.501831 104.114365
v 221.446747 438.478790 107.707138
v 224.440002 560.501892 104.087784
v 224.643356 438.382782 103.075111
v 224.440002 560.501892 104.087784
v 221.446747 438.478790 107.707138
v 222.614685 560.501953 106.694504
v -245.266357 439.145660 335.346436
v -242.209381 599.035706 338.638123
v -241.355453 439.052277 339.338440
v -242.209381 599.035706 338.638123
v -245.266357 439.145660 335.346436
v -244.443314 599.035706 336.404175
v -242.241959 599.035645 338.670715
v -245.297882 439.200928 335.439087
v -241.386215 439.106018 339.428467
v -245.297882 439.200928 335.439087
v -242.241959 599.035645 338.670715
v -244.475937 599.035706 336.436768
v -72.520439 374.036682 -177.459473
v -70.954338 433.867065 -180.049606
v -70.767464 374.107239 -181.152573
v -70.954338 433.867065 -180.049606
v -72.520439 374.036682 -177.459473
v -71.931252 433.867065 -177.954514
v -70.291206 374.023468 -180.961136
v -71.900711 433.867065 -177.940353
v -72.057228 373.955200 -177.273178
v -71.900711 433.867065 -177.940353
v -70.291206 374.023468 -180.961136
v -70.923767 433.867065 -180.035324
v -79.826462 585.971313 311.543762
v -81.038551 494.170441 308.274261
v -79.638405 494.098541 312.238464
v -80.639549 585.971313 309.309875
v -81.038551 494.170441 308.274261
v -79.826462 585.971313 311.543762
v -80.944626 494.109802 308.205566
v -79.793915 585.971313 311.531921
v -79.546997 494.039520 312.171753
v -79.793915 585.971313 311.531921
v -80.944626 494.109802 308.205566
v -80.606934 585.971313 309.297974
v 162.411591 362.657288 -296.459259
v 166.235229 519.658386 -298.512817
v 167.227661 362.560944 -299.377045
v 166.235229 519.658386 -298.512817
v 162.411591 362.657288 -296.459259
v 163.477951 519.658386 -296.920959
v 166.258453 519.658386 -298.472656
v 162.578003 362.607239 -296.090637
v 167.426071 362.513184 -298.956543
v 163.501175 519.658386 -296.880737
v 162.578003 362.607239 -296.090637
v 166.258453 519.658386 -298.472656
v -68.650864 459.162781 228.214813
v -65.914093 608.573914 232.054520
v -65.075218 459.068756 232.565994
v -65.914093 608.573914 232.054520
v -68.650864 459.162781 228.214813
v -67.960571 608.573853 229.615585
v -65.949631 608.573914 232.084396
v -68.719589 459.227539 228.329025
v -65.142128 459.131775 232.677017
v -67.996170 608.573975 229.645432
v -68.719589 459.227539 228.329025
v -65.949631 608.573914 232.084396
v -77.592392 614.200928 256.054291
v -77.900002 632.212036 250.768433
v -244.883163 603.257080 339.941742
v -77.900002 632.212036 250.768433
v -84.485107 623.677856 237.553253
v -244.883163 603.257080 339.941742
v -84.485107 623.677856 237.553253
v -77.592392 614.200928 256.054291
v -244.883163 603.257080 339.941742
v 97.077988 544.230042 -62.483948
v 115.776382 557.670654 -68.844238
v 66.092133 662.974792 -252.015930
v 110.988281 538.633118 -77.759583
v 97.077988 544.230042 -62.483948
v 66.092133 662.974792 -252.015930
v 115.776382 557.670654 -68.844238
v 110.988281 538.633118 -77.759583
v 66.092133 662.974792 -252.015930
v -8.582197 490.816711 -153.562988
v 4.070171 486.931824 -158.087036
v -90.785652 589.141785 -226.985718
v -9.181786 476.655670 -162.710968
v -8.582197 490.816711 -153.562988
v -90.785652 589.141785 -226.985718
v 4.070171 486.931824 -158.087036
v -9.181786 476.655670 -162.710968
v -90.785652 589.141785 -226.985718
v 212.538239 551.322266 129.572968
v 223.363174 563.383911 121.505859
v 280.759338 743.186401 199.884949
v 223.363174 563.383911 121.505859
v 209.531631 563.384033 122.807220
v 280.759338 743.186401 199.884949
v 209.531631 563.384033 122.807220
v 212.538239 551.322266 129.572968
v 280.759338 743.186401 199.884949
v -81.966751 488.412811 305.327026
v -77.395706 442.651672 317.886658
v -82.854507 442.651733 302.888062
v -77.395706 442.651672 317.886658
v -81.966751 488.412811 305.327026
v -78.283432 488.412842 315.447754
v -80.831192 491.048492 308.446960
v -78.283432 488.412842 315.447754
v -81.966751 488.412811 305.327026
v -78.283432 488.412842 315.447754
v -80.831192 491.048492 308.446960
v -79.418869 491.048492 312.327881
v -77.578781 442.651703 317.953369
v -82.150345 488.412811 305.393860
v -83.038010 442.651703 302.954895
v -82.150345 488.412811 305.393860
v -77.578781 442.651703 317.953369
v -78.466560 488.412842 315.514404
v -78.466560 488.412842 315.514404
v -81.014740 491.048523 308.513733
v -82.150345 488.412811 305.393860
v -81.014740 491.048523 308.513733
v -78.466560 488.412842 315.514404
v -79.602051 491.048462 312.394531
v -69.128403 368.333038 -183.700638
v -74.621162 323.836151 -171.922043
v -68.061844 323.836151 -185.988022
v -74.621162 323.836151 -171.922043
v -69.128403 368.333038 -183.700638
v -73.554604 368.333038 -174.209305
v -70.492828 370.895935 -180.774704
v -73.554604 368.333038 -174.209305
v -69.128403 368.333038 -183.700638
v -73.554604 368.333038 -174.209305
v -70.492828 370.895935 -180.774704
v -72.190125 370.895935 -177.135239
v 219.304413 431.404694 111.234543
v 229.566925 370.147736 96.578842
v 217.311630 370.147736 114.080643
v 229.566925 370.147736 96.578842
v 219.304413 431.404694 111.234543
v 227.574158 431.404694 99.424850
v 221.853683 434.932861 107.593887
v 227.574158 431.404694 99.424850
v 219.304413 431.404694 111.234543
v 227.574158 431.404694 99.424850
v 221.853683 434.932861 107.593887
v 225.024811 434.932892 103.065414
v -15.162712 516.122437 154.502441
v -19.480991 560.878235 151.969421
v -19.355061 553.142090 169.886139
v -19.480991 560.878235 151.969421
v -36.739586 603.277527 194.054169
v -19.355061 553.142090 169.886139
v -40.142540 572.655884 144.851349
v -36.739586 603.277527 194.054169
v -19.480991 560.878235 151.969421
v -36.739586 603.277527 194.054169
v -40.142540 572.655884 144.851349
v -52.715664 645.614929 207.060730
v -63.520889 634.520691 245.455994
v -36.739586 603.277527 194.054169
v -52.715664 645.614929 207.060730
v -76.082176 647.653320 245.544037
v -63.520889 634.520691 245.455994
v -52.715664 645.614929 207.060730
v -76.082176 647.653320 245.544037
v -52.715664 645.614929 207.060730
v -84.994843 652.063110 211.390625
v -76.082176 647.653320 245.544037
v -75.779037 630.842041 314.095764
v -63.520889 634.520691 245.455994
v -68.642509 608.443970 325.538696
v -63.520889 634.520691 245.455994
v -75.779037 630.842041 314.095764
v -75.779037 630.842041 314.095764
v -117.792870 837.021484 476.272980
v -68.642509 608.443970 325.538696
v -91.751823 622.156616 312.582123
v -75.779037 630.842041 314.095764
v -76.082176 647.653320 245.544037
v -75.779037 630.842041 314.095764
v -91.751823 622.156616 312.582123
v -117.792870 837.021484 476.272980
v -88.984535 626.519043 258.265167
v -76.082176 647.653320 245.544037
v -84.994843 652.063110 211.390625
v -88.984535 626.519043 258.265167
v -91.751823 622.156616 312.582123
v -76.082176 647.653320 245.544037
v -84.994843 652.063110 211.390625
v -83.540298 615.681519 202.916718
v -88.984535 626.519043 258.265167
v -91.751823 622.156616 312.582123
v -94.082451 592.125244 315.883087
v -117.792870 837.021484 476.272980
v -91.751823 622.156616 312.582123
v -88.984535 626.519043 258.265167
v -94.082451 592.125244 315.883087
v -117.792870 837.021484 476.272980
v -94.082451 592.125244 315.883087
v -81.777832 598.256042 334.305176
v -83.540298 615.681519 202.916718
v -78.917046 605.324524 225.481995
v -88.984535 626.519043 258.265167
v -82.195816 604.039368 275.922974
v -94.082451 592.125244 315.883087
v -88.984535 626.519043 258.265167
v -78.917046 605.324524 225.481995
v -82.195816 604.039368 275.922974
v -88.984535 626.519043 258.265167
v -94.082451 592.125244 315.883087
v -79.671997 578.423401 310.471008
v -81.777832 598.256042 334.305176
v -94.082451 592.125244 315.883087
v -82.195816 604.039368 275.922974
v -79.671997 578.423401 310.471008
v -81.777832 598.256042 334.305176
v -68.642509 608.443970 325.538696
v -117.792870 837.021484 476.272980
v -68.642509 608.443970 325.538696
v -81.777832 598.256042 334.305176
v -79.671997 578.423401 310.471008
v -79.671997 578.423401 310.471008
v -63.722763 619.061646 260.437622
v -68.642509 608.443970 325.538696
v -63.722763 619.061646 260.437622
v -79.671997 578.423401 310.471008
v -82.195816 604.039368 275.922974
v -63.722763 619.061646 260.437622
v -63.520889 634.520691 245.455994
v -68.642509 608.443970 325.538696
v -62.343300 607.818665 226.838806
v -63.722763 619.061646 260.437622
v -82.195816 604.039368 275.922974
v -63.520889 634.520691 245.455994
v -63.722763 619.061646 260.437622
v -62.343300 607.818665 226.838806
v -78.917046 605.324524 225.481995
v -62.343300 607.818665 226.838806
v -82.195816 604.039368 275.922974
v -36.739586 603.277527 194.054169
v -63.520889 634.520691 245.455994
v -62.343300 607.818665 226.838806
v -62.343300 607.818665 226.838806
v -19.355061 553.142090 169.886139
v -36.739586 603.277527 194.054169
v -13.454166 501.799316 168.259033
v -15.162712 516.122437 154.502441
v -19.355061 553.142090 169.886139
v -19.355061 553.142090 169.886139
v -22.134155 494.663971 174.940582
v -13.454166 501.799316 168.259033
v -22.134155 494.663971 174.940582
v -19.355061 553.142090 169.886139
v -62.343300 607.818665 226.838806
v -62.343300 607.818665 226.838806
v -52.921776 488.392578 166.718933
v -22.134155 494.663971 174.940582
v -52.921776 488.392578 166.718933
v -62.343300 607.818665 226.838806
v -78.917046 605.324524 225.481995
v -78.917046 605.324524 225.481995
v -83.540298 615.681519 202.916718
v -52.921776 488.392578 166.718933
v -74.380890 601.454956 182.430237
v -52.921776 488.392578 166.718933
v -83.540298 615.681519 202.916718
v -51.510483 466.683716 158.247375
v -52.921776 488.392578 166.718933
v -63.651249 523.865051 150.494263
v -52.921776 488.392578 166.718933
v -74.380890 601.454956 182.430237
v -63.651249 523.865051 150.494263
v -63.651249 523.865051 150.494263
v -74.380890 601.454956 182.430237
v -61.117340 545.252197 149.629181
v -74.380890 601.454956 182.430237
v -40.142540 572.655884 144.851349
v -61.117340 545.252197 149.629181
v 227.787811 431.404694 99.574509
v 217.525818 370.147736 114.230515
v 229.780548 370.147736 96.728439
v 219.518646 431.404663 111.384537
v 217.525818 370.147736 114.230515
v 227.787811 431.404694 99.574509
v 227.787811 431.404694 99.574509
v 222.067810 434.932861 107.743851
v 219.518646 431.404663 111.384537
v 222.067810 434.932861 107.743851
v 227.787811 431.404694 99.574509
v 225.238571 434.932861 103.215103
v 120.154434 420.998047 252.104431
v 132.540588 469.966675 244.953003
v 134.945892 420.998047 243.564346
v 132.540588 469.966675 244.953003
v 120.154434 420.998047 252.104431
v 122.559677 469.966705 250.715683
v 132.540588 469.966675 244.953003
v 122.559677 469.966705 250.715683
v 125.636551 472.787170 248.939285
v 132.540588 469.966675 244.953003
v 125.636551 472.787170 248.939285
v 129.463760 472.787140 246.729477
v -238.373947 432.155090 342.689331
v -250.933899 371.340881 330.129639
v -235.934921 371.340881 345.128235
v -248.494965 432.155060 332.568726
v -250.933899 371.340881 330.129639
v -238.373947 432.155090 342.689331
v -238.373947 432.155090 342.689331
v -245.374954 435.657806 335.688599
v -248.494965 432.155060 332.568726
v -245.374954 435.657806 335.688599
v -238.373947 432.155090 342.689331
v -241.493866 435.657837 339.569336
v 132.645142 469.966736 245.134064
v 120.258682 420.998108 252.284988
v 135.050430 420.998077 243.745285
v 120.258682 420.998108 252.284988
v 132.645142 469.966736 245.134064
v 122.663925 469.966705 250.896286
v 132.645142 469.966736 245.134064
v 125.740860 472.787170 249.119965
v 122.663925 469.966705 250.896286
v 125.740860 472.787170 249.119965
v 132.645142 469.966736 245.134064
v 129.568237 472.787170 246.910477
v -248.311401 432.155121 332.385071
v -235.751831 371.340881 344.945129
v -250.750458 371.340912 329.946106
v -235.751831 371.340881 344.945129
v -248.311401 432.155121 332.385071
v -238.190826 432.155060 342.506226
v -248.311401 432.155121 332.385071
v -241.310669 435.657806 339.386169
v -238.190826 432.155060 342.506226
v -241.310669 435.657806 339.386169
v -248.311401 432.155121 332.385071
v -245.191422 435.657806 335.505127
v -73.726341 368.333038 -174.289444
v -68.233963 323.836151 -186.068222
v -74.792877 323.836151 -172.002090
v -69.300583 368.333038 -183.780899
v -68.233963 323.836151 -186.068222
v -73.726341 368.333038 -174.289444
v -73.726341 368.333038 -174.289444
v -70.664917 370.895935 -180.854965
v -69.300583 368.333038 -183.780899
v -70.664917 370.895935 -180.854965
v -73.726341 368.333038 -174.289444
v -72.361916 370.895935 -177.215317
v 158.556732 356.452484 -294.203979
v 174.059006 295.165771 -303.153809
v 155.546387 295.165771 -292.465881
v 174.059006 295.165771 -303.153809
v 158.556732 356.452484 -294.203979
v 171.048706 356.452484 -301.415710
v 158.556732 356.452484 -294.203979
v 167.197800 359.982391 -299.192566
v 171.048706 356.452484 -301.415710
v 167.197800 359.982391 -299.192566
v 158.556732 356.452484 -294.203979
v 162.407639 359.982391 -296.427246
v -60.184959 389.689148 239.121292
v -71.691254 450.975830 225.409119
v -73.925552 389.689148 222.746292
v -71.691254 450.975830 225.409119
v -60.184959 389.689148 239.121292
v -62.419373 450.975861 236.458542
v -71.691254 450.975830 225.409119
v -62.419373 450.975861 236.458542
v -65.277496 454.505737 233.052261
v -71.691254 450.975830 225.409119
v -65.277496 454.505737 233.052261
v -68.832993 454.505798 228.815338
v -71.490822 450.975830 225.240906
v -59.985077 389.689178 238.953537
v -73.725266 389.689117 222.578110
v -59.985077 389.689178 238.953537
v -71.490822 450.975830 225.240906
v -62.219421 450.975891 236.290802
v -71.490822 450.975830 225.240906
v -65.077515 454.505737 232.884415
v -62.219421 450.975891 236.290802
v -65.077515 454.505737 232.884415
v -71.490822 450.975830 225.240906
v -68.632629 454.505798 228.647247
v 174.189484 295.165771 -302.927795
v 158.687592 356.452484 -293.977356
v 155.677231 295.165771 -292.239380
v 158.687592 356.452484 -293.977356
v 174.189484 295.165771 -302.927795
v 171.179199 356.452484 -301.189697
v 158.687592 356.452484 -293.977356
v 171.179199 356.452484 -301.189697
v 167.328339 359.982391 -298.966431
v 158.687592 356.452484 -293.977356
v 167.328339 359.982391 -298.966431
v 162.538391 359.982391 -296.200684
v 71.488693 494.310455 -52.235382
v 91.641907 484.030853 -34.664520
v 78.595947 473.983246 -47.260162
v 78.595947 473.983246 -47.260162
v 14.798862 476.392395 -150.440002
v 71.488693 494.310455 -52.235382
v 18.028618 504.417419 -164.330231
v 71.488693 494.310455 -52.235382
v 14.798862 476.392395 -150.440002
v 64.974724 510.692230 -19.915741
v 71.488693 494.310455 -52.235382
v 18.028618 504.417419 -164.330231
v 18.028618 504.417419 -164.330231
v 14.798862 476.392395 -150.440002
v -66.980385 448.293091 -186.234894
v -66.980385 448.293091 -186.234894
v 14.798862 476.392395 -150.440002
v -69.595764 431.457672 -180.648529
v -66.980385 448.293091 -186.234894
v -69.595764 431.457672 -180.648529
v -180.073669 477.504700 -318.607788
v 64.974724 510.692230 -19.915741
v 18.028618 504.417419 -164.330231
v 1.421356 497.848511 -144.894684
v 18.028618 504.417419 -164.330231
v -66.980385 448.293091 -186.234894
v 1.421356 497.848511 -144.894684
v 58.704315 501.037964 -18.131470
v 64.974724 510.692230 -19.915741
v 1.421356 497.848511 -144.894684
v -180.073669 477.504700 -318.607788
v -76.720932 448.490387 -176.462799
v -66.980385 448.293091 -186.234894
v -66.980385 448.293091 -186.234894
v -76.720932 448.490387 -176.462799
v 1.421356 497.848511 -144.894684
v -69.595764 431.457672 -180.648529
v -76.720932 448.490387 -176.462799
v -180.073669 477.504700 -318.607788
v 69.946106 462.955139 -22.670471
v 58.704315 501.037964 -18.131470
v 1.421356 497.848511 -144.894684
v 14.798862 476.392395 -150.440002
v -76.720932 448.490387 -176.462799
v -69.595764 431.457672 -180.648529
v -76.720932 448.490387 -176.462799
v 14.798862 476.392395 -150.440002
v 1.421356 497.848511 -144.894684
v 14.798862 476.392395 -150.440002
v 69.946106 462.955139 -22.670471
v 1.421356 497.848511 -144.894684
v 78.595947 473.983246 -47.260162
v 69.946106 462.955139 -22.670471
v 14.798862 476.392395 -150.440002
v 78.595947 473.983246 -47.260162
v 91.641907 484.030853 -34.664520
v 69.946106 462.955139 -22.670471
v -80.798073 501.735443 126.963165
v -62.572048 455.640564 155.817200
v -72.050316 489.440125 138.822815
v -80.798073 501.735443 126.963165
v -78.022720 465.529724 131.414459
v -62.572048 455.640564 155.817200
v -80.798073 501.735443 126.963165
v -76.159164 482.225342 113.566895
v -78.022720 465.529724 131.414459
v -58.148678 455.094757 124.124969
v -78.022720 465.529724 131.414459
v -76.159164 482.225342 113.566895
v -76.159164 482.225342 113.566895
v -80.798073 501.735443 126.963165
v -74.404388 506.200317 114.774414
v -76.159164 482.225342 113.566895
v -57.599449 492.531006 108.270752
v -58.148678 455.094757 124.124969
v -74.404388 506.200317 114.774414
v -96.916077 533.467651 44.389252
v -76.159164 482.225342 113.566895
v -57.599449 492.531006 108.270752
v -76.159164 482.225342 113.566895
v -96.916077 533.467651 44.389252
v -74.404388 506.200317 114.774414
v -65.240730 507.741150 112.062073
v -96.916077 533.467651 44.389252
v -65.240730 507.741150 112.062073
v -57.599449 492.531006 108.270752
v -96.916077 533.467651 44.389252
v -13.454166 501.799316 168.259033
v 18.998177 446.149567 170.931244
v -15.162712 516.122437 154.502441
v 21.003304 428.841858 190.166687
v 18.998177 446.149567 170.931244
v -13.454166 501.799316 168.259033
v 21.003304 428.841858 190.166687
v 35.521133 401.564514 163.185608
v 18.998177 446.149567 170.931244
v -13.454166 501.799316 168.259033
v -22.134155 494.663971 174.940582
v 21.003304 428.841858 190.166687
v 35.521133 401.564514 163.185608
v 21.003304 428.841858 190.166687
v 48.422379 351.491058 155.580353
v 66.566299 283.647156 113.617310
v 35.521133 401.564514 163.185608
v 48.422379 351.491058 155.580353
v 21.003304 428.841858 190.166687
v -22.134155 494.663971 174.940582
v -9.782604 450.507324 182.602783
v -9.782604 450.507324 182.602783
v -22.134155 494.663971 174.940582
v -52.921776 488.392578 166.718933
v 83.035660 226.095062 101.855927
v 66.566299 283.647156 113.617310
v 48.422379 351.491058 155.580353
v 83.035660 226.095062 101.855927
v 78.691376 229.119278 77.955795
v 66.566299 283.647156 113.617310
v -34.110901 422.343811 175.921890
v -9.782604 450.507324 182.602783
v -52.921776 488.392578 166.718933
v -52.921776 488.392578 166.718933
v -51.510483 466.683716 158.247375
v -34.110901 422.343811 175.921890
v 78.746239 183.177185 77.808388
v 78.691376 229.119278 77.955795
v 83.035660 226.095062 101.855927
v 63.389709 195.403503 46.347824
v 78.691376 229.119278 77.955795
v 78.746239 183.177185 77.808388
v 48.380798 121.336006 10.903038
v 63.389709 195.403503 46.347824
v 78.746239 183.177185 77.808388
v 83.035660 226.095062 101.855927
v 48.422379 351.491058 155.580353
v 60.372879 223.198425 126.545555
v 48.422379 351.491058 155.580353
v 21.003304 428.841858 190.166687
v 60.372879 223.198425 126.545555
v 54.473892 127.995895 31.783073
v 48.380798 121.336006 10.903038
v 78.746239 183.177185 77.808388
v 54.473892 127.995895 31.783073
v 72.117897 56.929947 14.499893
v 48.380798 121.336006 10.903038
v 83.035660 226.095062 101.855927
v 66.535645 184.511963 106.099884
v 78.746239 183.177185 77.808388
v 66.535645 184.511963 106.099884
v 83.035660 226.095062 101.855927
v 60.372879 223.198425 126.545555
v 54.473892 127.995895 31.783073
v 78.746239 183.177185 77.808388
v 50.983398 139.089020 74.264862
v 78.746239 183.177185 77.808388
v 66.535645 184.511963 106.099884
v 50.983398 139.089020 74.264862
v 72.117897 56.929947 14.499893
v 54.473892 127.995895 31.783073
v 50.983398 139.089020 74.264862
v 66.535645 184.511963 106.099884
v 60.372879 223.198425 126.545555
v 19.003517 162.803787 109.537521
v 50.983398 139.089020 74.264862
v 66.535645 184.511963 106.099884
v 19.003517 162.803787 109.537521
v 60.372879 223.198425 126.545555
v 21.003304 428.841858 190.166687
v 36.164658 287.179596 148.409180
v 19.003517 162.803787 109.537521
v 60.372879 223.198425 126.545555
v 36.164658 287.179596 148.409180
v -9.782604 450.507324 182.602783
v -2.803402 406.519531 196.134293
v 21.003304 428.841858 190.166687
v 21.003304 428.841858 190.166687
v -2.803402 406.519531 196.134293
v 36.164658 287.179596 148.409180
v -34.110901 422.343811 175.921890
v -2.803402 406.519531 196.134293
v -9.782604 450.507324 182.602783
v -2.803402 406.519531 196.134293
v -19.461525 386.830688 190.336746
v 36.164658 287.179596 148.409180
v -34.110901 422.343811 175.921890
v -35.266594 397.218964 182.053375
v -2.803402 406.519531 196.134293
v -35.266594 397.218964 182.053375
v -19.461525 386.830688 190.336746
v -2.803402 406.519531 196.134293
v -35.266594 397.218964 182.053375
v -34.110901 422.343811 175.921890
v -35.458958 390.238739 165.251007
v -19.461525 386.830688 190.336746
v -35.266594 397.218964 182.053375
v -35.458958 390.238739 165.251007
v -19.461525 386.830688 190.336746
v 2.675789 306.885773 151.143799
v 36.164658 287.179596 148.409180
v -19.461525 386.830688 190.336746
v -35.458958 390.238739 165.251007
v 2.675789 306.885773 151.143799
v 2.675789 306.885773 151.143799
v 15.954826 214.186569 130.896194
v 36.164658 287.179596 148.409180
v 19.003517 162.803787 109.537521
v 36.164658 287.179596 148.409180
v 15.954826 214.186569 130.896194
v -16.895462 337.319366 145.081696
v 2.675789 306.885773 151.143799
v -35.458958 390.238739 165.251007
v 15.954826 214.186569 130.896194
v 2.675789 306.885773 151.143799
v -16.895462 337.319366 145.081696
v -53.912674 435.622375 169.621399
v -35.458958 390.238739 165.251007
v -34.110901 422.343811 175.921890
v -51.510483 466.683716 158.247375
v -53.912674 435.622375 169.621399
v -34.110901 422.343811 175.921890
v -51.510483 466.683716 158.247375
v -62.572048 455.640564 155.817200
v -53.912674 435.622375 169.621399
v -53.912674 435.622375 169.621399
v -46.073502 396.128845 155.624451
v -35.458958 390.238739 165.251007
v -46.073502 396.128845 155.624451
v -53.912674 435.622375 169.621399
v -62.572048 455.640564 155.817200
v -46.073502 396.128845 155.624451
v -16.895462 337.319366 145.081696
v -35.458958 390.238739 165.251007
v -46.073502 396.128845 155.624451
v -62.572048 455.640564 155.817200
v -78.022720 465.529724 131.414459
v -46.073502 396.128845 155.624451
v -78.022720 465.529724 131.414459
v -47.573753 412.719452 133.297333
v -47.573753 412.719452 133.297333
v -78.022720 465.529724 131.414459
v -58.148678 455.094757 124.124969
v -24.391880 363.092163 109.990280
v -46.073502 396.128845 155.624451
v -47.573753 412.719452 133.297333
v -16.895462 337.319366 145.081696
v -46.073502 396.128845 155.624451
v -24.391880 363.092163 109.990280
v -58.148678 455.094757 124.124969
v -39.047417 458.226990 110.257751
v -47.573753 412.719452 133.297333
v -47.573753 412.719452 133.297333
v -39.047417 458.226990 110.257751
v -24.391880 363.092163 109.990280
v -57.599449 492.531006 108.270752
v -39.047417 458.226990 110.257751
v -58.148678 455.094757 124.124969
v -22.295689 321.486206 96.816910
v -16.895462 337.319366 145.081696
v -24.391880 363.092163 109.990280
v -57.599449 492.531006 108.270752
v -41.787857 534.370605 83.669983
v -39.047417 458.226990 110.257751
v -57.599449 492.531006 108.270752
v -65.240730 507.741150 112.062073
v -41.787857 534.370605 83.669983
v -39.047417 458.226990 110.257751
v -20.934311 424.900055 94.802094
v -24.391880 363.092163 109.990280
v -42.862782 606.821960 61.204529
v -41.787857 534.370605 83.669983
v -65.240730 507.741150 112.062073
v -65.240730 507.741150 112.062073
v -68.690697 534.321655 114.798309
v -42.862782 606.821960 61.204529
v -42.862782 606.821960 61.204529
v -32.053539 585.139465 62.270630
v -41.787857 534.370605 83.669983
v -68.690697 534.321655 114.798309
v -55.558754 596.160645 82.265198
v -42.862782 606.821960 61.204529
v -32.053539 585.139465 62.270630
v -13.110569 594.051453 71.789429
v -41.787857 534.370605 83.669983
v -70.824081 560.358459 113.556488
v -55.558754 596.160645 82.265198
v -68.690697 534.321655 114.798309
v -55.558754 596.160645 82.265198
v -23.210661 630.631287 62.219849
v -42.862782 606.821960 61.204529
v -70.824081 560.358459 113.556488
v -55.222736 631.380859 70.490479
v -55.558754 596.160645 82.265198
v -55.558754 596.160645 82.265198
v -55.222736 631.380859 70.490479
v -23.210661 630.631287 62.219849
v -55.222736 631.380859 70.490479
v -70.824081 560.358459 113.556488
v -71.534386 572.284363 131.556885
v -71.534386 572.284363 131.556885
v -63.651249 523.865051 150.494263
v -61.117340 545.252197 149.629181
v -40.142540 572.655884 144.851349
v -71.534386 572.284363 131.556885
v -61.117340 545.252197 149.629181
v -36.080338 790.623474 69.412720
v -71.534386 572.284363 131.556885
v -40.142540 572.655884 144.851349
v -19.480991 560.878235 151.969421
v -36.080338 790.623474 69.412720
v -40.142540 572.655884 144.851349
v -55.222736 631.380859 70.490479
v -71.534386 572.284363 131.556885
v -36.080338 790.623474 69.412720
v -7.544167 755.193359 58.102356
v -23.210661 630.631287 62.219849
v -55.222736 631.380859 70.490479
v -7.544167 755.193359 58.102356
v 6.362869 770.838379 74.589661
v -23.210661 630.631287 62.219849
v 46.527840 849.465698 4.589661
v 6.362869 770.838379 74.589661
v -7.544167 755.193359 58.102356
v -55.222736 631.380859 70.490479
v -36.080338 790.623474 69.412720
v -22.492413 790.637756 48.628296
v -55.222736 631.380859 70.490479
v -22.492413 790.637756 48.628296
v -7.544167 755.193359 58.102356
v 26.742798 864.677979 -9.161621
v 46.527840 849.465698 4.589661
v -7.544167 755.193359 58.102356
v -22.492413 790.637756 48.628296
v 26.742798 864.677979 -9.161621
v -7.544167 755.193359 58.102356
v 84.218437 1030.498779 -1.845093
v 46.527840 849.465698 4.589661
v 26.742798 864.677979 -9.161621
v 26.742798 864.677979 -9.161621
v 29.252510 865.941162 12.787842
v 84.218437 1030.498779 -1.845093
v -22.492413 790.637756 48.628296
v 29.252510 865.941162 12.787842
v 26.742798 864.677979 -9.161621
v -22.492413 790.637756 48.628296
v -36.080338 790.623474 69.412720
v 29.252510 865.941162 12.787842
v -36.080338 790.623474 69.412720
v -20.898331 788.218994 86.387756
v 29.252510 865.941162 12.787842
v -20.898331 788.218994 86.387756
v 46.527840 849.465698 4.589661
v 29.252510 865.941162 12.787842
v 46.527840 849.465698 4.589661
v -20.898331 788.218994 86.387756
v 6.362869 770.838379 74.589661
v 46.527840 849.465698 4.589661
v 84.218437 1030.498779 -1.845093
v 29.252510 865.941162 12.787842
v -13.110569 594.051453 71.789429
v -23.210661 630.631287 62.219849
v 7.213829 632.145264 88.331360
v 7.213829 632.145264 88.331360
v -23.210661 630.631287 62.219849
v 6.362869 770.838379 74.589661
v 7.213829 632.145264 88.331360
v 11.153767 595.008911 75.842285
v -13.110569 594.051453 71.789429
v 6.362869 770.838379 74.589661
v 2.773190 633.142151 108.278137
v 7.213829 632.145264 88.331360
v 2.773190 633.142151 108.278137
v 6.362869 770.838379 74.589661
v -20.898331 788.218994 86.387756
v -36.080338 790.623474 69.412720
v 2.773190 633.142151 108.278137
v -20.898331 788.218994 86.387756
v -36.080338 790.623474 69.412720
v -19.480991 560.878235 151.969421
v 2.773190 633.142151 108.278137
v 2.773190 633.142151 108.278137
v -19.480991 560.878235 151.969421
v 6.061741 601.128052 116.119415
v -13.110569 594.051453 71.789429
v 11.153767 595.008911 75.842285
v -16.508160 528.623047 73.147217
v -41.787857 534.370605 83.669983
v -13.110569 594.051453 71.789429
v -16.508160 528.623047 73.147217
v 11.153767 595.008911 75.842285
v 14.084198 565.354126 84.864624
v -16.508160 528.623047 73.147217
v -11.705950 474.134644 91.351501
v -41.787857 534.370605 83.669983
v -16.508160 528.623047 73.147217
v 14.084198 565.354126 84.864624
v -11.705950 474.134644 91.351501
v -16.508160 528.623047 73.147217
v -39.047417 458.226990 110.257751
v -41.787857 534.370605 83.669983
v -11.705950 474.134644 91.351501
v -11.705950 474.134644 91.351501
v 14.084198 565.354126 84.864624
v 11.826473 578.623901 101.540894
v -39.047417 458.226990 110.257751
v -11.705950 474.134644 91.351501
v -20.934311 424.900055 94.802094
v 6.061741 601.128052 116.119415
v -19.480991 560.878235 151.969421
v 7.013363 519.861511 150.612427
v 6.061741 601.128052 116.119415
v 7.013363 519.861511 150.612427
v 11.826473 578.623901 101.540894
v 7.013363 519.861511 150.612427
v -19.480991 560.878235 151.969421
v -15.162712 516.122437 154.502441
v 7.013363 519.861511 150.612427
v -15.162712 516.122437 154.502441
v 18.998177 446.149567 170.931244
v 20.674931 492.657410 137.785645
v 11.826473 578.623901 101.540894
v 7.013363 519.861511 150.612427
v 35.964912 453.876953 163.420410
v 7.013363 519.861511 150.612427
v 18.998177 446.149567 170.931244
v 7.013363 519.861511 150.612427
v 35.964912 453.876953 163.420410
v 20.674931 492.657410 137.785645
v 11.826473 578.623901 101.540894
v 20.674931 492.657410 137.785645
v 6.124500 499.835144 106.192261
v -11.705950 474.134644 91.351501
v 11.826473 578.623901 101.540894
v 6.124500 499.835144 106.192261
v 58.372971 424.904205 138.892670
v 20.674931 492.657410 137.785645
v 35.964912 453.876953 163.420410
v 20.674931 492.657410 137.785645
v 58.372971 424.904205 138.892670
v 6.124500 499.835144 106.192261
v 35.964912 453.876953 163.420410
v 18.998177 446.149567 170.931244
v 56.040329 399.472107 161.628128
v 56.040329 399.472107 161.628128
v 58.372971 424.904205 138.892670
v 35.964912 453.876953 163.420410
v 18.998177 446.149567 170.931244
v 35.521133 401.564514 163.185608
v 56.040329 399.472107 161.628128
v 35.521133 401.564514 163.185608
v 66.566299 283.647156 113.617310
v 56.040329 399.472107 161.628128
v 78.292114 303.211700 113.376984
v 56.040329 399.472107 161.628128
v 66.566299 283.647156 113.617310
v 78.292114 303.211700 113.376984
v 66.566299 283.647156 113.617310
v 78.691376 229.119278 77.955795
v 82.715378 355.187958 124.970398
v 56.040329 399.472107 161.628128
v 78.292114 303.211700 113.376984
v 56.040329 399.472107 161.628128
v 82.715378 355.187958 124.970398
v 58.372971 424.904205 138.892670
v 78.323700 268.981171 83.880066
v 78.292114 303.211700 113.376984
v 78.691376 229.119278 77.955795
v 91.734947 297.725403 87.098724
v 78.323700 268.981171 83.880066
v 78.691376 229.119278 77.955795
v 67.520462 375.501007 117.768768
v 58.372971 424.904205 138.892670
v 82.715378 355.187958 124.970398
v 82.715378 355.187958 124.970398
v 72.560837 361.902649 99.868347
v 67.520462 375.501007 117.768768
v 91.734947 297.725403 87.098724
v 78.691376 229.119278 77.955795
v 91.334702 231.466019 59.260696
v 91.334702 231.466019 59.260696
v 78.691376 229.119278 77.955795
v 63.389709 195.403503 46.347824
v 88.837677 310.642517 71.275589
v 91.734947 297.725403 87.098724
v 91.334702 231.466019 59.260696
v 72.560837 361.902649 99.868347
v 51.515373 412.962646 107.332458
v 67.520462 375.501007 117.768768
v 58.372971 424.904205 138.892670
v 67.520462 375.501007 117.768768
v 51.515373 412.962646 107.332458
v 58.372971 424.904205 138.892670
v 51.515373 412.962646 107.332458
v 6.124500 499.835144 106.192261
v 51.871811 403.902954 90.339142
v 51.515373 412.962646 107.332458
v 72.560837 361.902649 99.868347
v 22.074005 432.150818 95.036865
v 6.124500 499.835144 106.192261
v 51.515373 412.962646 107.332458
v 51.515373 412.962646 107.332458
v 51.871811 403.902954 90.339142
v 22.074005 432.150818 95.036865
v -11.705950 474.134644 91.351501
v 6.124500 499.835144 106.192261
v 22.074005 432.150818 95.036865
v 22.074005 432.150818 95.036865
v -20.934311 424.900055 94.802094
v -11.705950 474.134644 91.351501
v 15.112965 401.905212 76.661072
v 22.074005 432.150818 95.036865
v 51.871811 403.902954 90.339142
v 22.074005 432.150818 95.036865
v 15.112965 401.905212 76.661072
v -20.934311 424.900055 94.802094
v 19.277092 385.984253 75.699982
v 15.112965 401.905212 76.661072
v 51.871811 403.902954 90.339142
v 1.959583 319.710114 54.408478
v 15.112965 401.905212 76.661072
v 19.277092 385.984253 75.699982
v -20.934311 424.900055 94.802094
v 15.112965 401.905212 76.661072
v -15.923275 293.638672 44.879395
v -15.923275 293.638672 44.879395
v 15.112965 401.905212 76.661072
v 1.959583 319.710114 54.408478
v -24.391880 363.092163 109.990280
v -20.934311 424.900055 94.802094
v -15.923275 293.638672 44.879395
v -22.295689 321.486206 96.816910
v -24.391880 363.092163 109.990280
v -15.923275 293.638672 44.879395
v -15.923275 293.638672 44.879395
v 1.959583 319.710114 54.408478
v 8.726234 301.502533 48.657425
v 8.726234 301.502533 48.657425
v 1.959583 319.710114 54.408478
v 20.233898 329.090759 47.847198
v -53.131271 229.276794 -2.201279
v -22.295689 321.486206 96.816910
v -15.923275 293.638672 44.879395
v 6.322632 211.053787 -58.781082
v 8.726234 301.502533 48.657425
v 20.233898 329.090759 47.847198
v -22.295689 321.486206 96.816910
v -53.131271 229.276794 -2.201279
v -24.152206 244.283752 80.259735
v -22.295689 321.486206 96.816910
v -24.152206 244.283752 80.259735
v -16.895462 337.319366 145.081696
v -15.923275 293.638672 44.879395
v 8.726234 301.502533 48.657425
v 2.149647 244.672516 -46.269272
v 2.149647 244.672516 -46.269272
v 8.726234 301.502533 48.657425
v 6.322632 211.053787 -58.781082
v -16.895462 337.319366 145.081696
v -24.152206 244.283752 80.259735
v -16.772484 239.036713 112.804016
v 15.954826 214.186569 130.896194
v -16.895462 337.319366 145.081696
v -16.772484 239.036713 112.804016
v -43.738289 203.357040 76.996719
v -16.772484 239.036713 112.804016
v -24.152206 244.283752 80.259735
v -43.738289 203.357040 76.996719
v 15.954826 214.186569 130.896194
v -16.772484 239.036713 112.804016
v -53.131271 229.276794 -2.201279
v -54.292477 212.694305 39.699265
v -24.152206 244.283752 80.259735
v -54.292477 212.694305 39.699265
v -43.738289 203.357040 76.996719
v -24.152206 244.283752 80.259735
v 15.954826 214.186569 130.896194
v -43.738289 203.357040 76.996719
v -22.889053 162.561630 96.109116
v -22.889053 162.561630 96.109116
v 19.003517 162.803787 109.537521
v 15.954826 214.186569 130.896194
v -43.738289 203.357040 76.996719
v -54.292477 212.694305 39.699265
v -50.158012 189.008316 39.504257
v -55.572933 175.394455 41.926132
v -22.889053 162.561630 96.109116
v -43.738289 203.357040 76.996719
v -55.572933 175.394455 41.926132
v -43.738289 203.357040 76.996719
v -50.158012 189.008316 39.504257
v -55.572933 175.394455 41.926132
v -37.054123 124.096497 44.302956
v -22.889053 162.561630 96.109116
v 19.003517 162.803787 109.537521
v -22.889053 162.561630 96.109116
v -37.054123 124.096497 44.302956
v -84.803566 165.501343 -38.032547
v -50.158012 189.008316 39.504257
v -54.292477 212.694305 39.699265
v -79.011940 151.722687 10.136292
v -50.158012 189.008316 39.504257
v -84.803566 165.501343 -38.032547
v -53.131271 229.276794 -2.201279
v -84.803566 165.501343 -38.032547
v -54.292477 212.694305 39.699265
v -37.054123 124.096497 44.302956
v -4.275965 114.827454 47.723221
v 19.003517 162.803787 109.537521
v -4.275965 114.827454 47.723221
v -37.054123 124.096497 44.302956
v -46.022999 83.806351 39.998489
v 19.003517 162.803787 109.537521
v -4.275965 114.827454 47.723221
v 18.217220 130.278534 76.461716
v 18.217220 130.278534 76.461716
v 50.983398 139.089020 74.264862
v 19.003517 162.803787 109.537521
v -46.022999 83.806351 39.998489
v 4.241142 84.950668 72.368607
v -4.275965 114.827454 47.723221
v -4.275965 114.827454 47.723221
v 4.241142 84.950668 72.368607
v 18.217220 130.278534 76.461716
v 50.983398 139.089020 74.264862
v 18.217220 130.278534 76.461716
v 49.633789 128.396194 76.491653
v 4.241142 84.950668 72.368607
v -46.022999 83.806351 39.998489
v -39.824306 5.240238 55.153671
v 49.633789 128.396194 76.491653
v 66.609764 96.464775 63.612831
v 50.983398 139.089020 74.264862
v 72.117897 56.929947 14.499893
v 50.983398 139.089020 74.264862
v 66.609764 96.464775 63.612831
v -24.818836 4.994797 82.382355
v 4.241142 84.950668 72.368607
v -39.824306 5.240238 55.153671
v -36.482815 0.000038 85.009491
v -24.818836 4.994797 82.382355
v -39.824306 5.240238 55.153671
v -9.428844 0.000046 108.462692
v -24.818836 4.994797 82.382355
v -36.482815 0.000038 85.009491
v 4.241142 84.950668 72.368607
v -24.818836 4.994797 82.382355
v 16.415100 26.505585 70.792938
v -9.428844 0.000046 108.462692
v 16.415100 26.505585 70.792938
v -24.818836 4.994797 82.382355
v 16.415100 26.505585 70.792938
v 39.396118 73.597466 77.632210
v 4.241142 84.950668 72.368607
v 16.415100 26.505585 70.792938
v -9.428844 0.000046 108.462692
v 21.216606 0.000038 89.908844
v 39.396118 73.597466 77.632210
v 16.415100 26.505585 70.792938
v 61.531471 87.227203 72.884094
v 21.216606 0.000038 89.908844
v 60.951874 0.000038 91.147690
v 16.415100 26.505585 70.792938
v 61.531471 87.227203 72.884094
v 16.415100 26.505585 70.792938
v 63.131889 16.158691 61.286201
v 16.415100 26.505585 70.792938
v 60.951874 0.000038 91.147690
v 63.131889 16.158691 61.286201
v 61.531471 87.227203 72.884094
v 63.131889 16.158691 61.286201
v 66.609764 96.464775 63.612831
v 60.951874 0.000038 91.147690
v 78.147980 0.000042 61.802422
v 63.131889 16.158691 61.286201
v 63.131889 16.158691 61.286201
v 78.147980 0.000042 61.802422
v 113.425049 0.000042 49.153099
v 80.408554 46.923607 41.131508
v 66.609764 96.464775 63.612831
v 63.131889 16.158691 61.286201
v 80.408554 46.923607 41.131508
v 63.131889 16.158691 61.286201
v 113.425049 0.000042 49.153099
v 72.117897 56.929947 14.499893
v 66.609764 96.464775 63.612831
v 80.408554 46.923607 41.131508
v 72.117897 56.929947 14.499893
v 80.408554 46.923607 41.131508
v 94.332924 12.655802 22.316648
v 94.332924 12.655802 22.316648
v 80.408554 46.923607 41.131508
v 113.425049 0.000042 49.153099
v 94.332924 12.655802 22.316648
v 113.425049 0.000042 49.153099
v 106.158951 0.000047 9.903351
v -53.131271 229.276794 -2.201279
v -15.923275 293.638672 44.879395
v -53.939919 223.415161 -39.234894
v -53.939919 223.415161 -39.234894
v -84.803566 165.501343 -38.032547
v -53.131271 229.276794 -2.201279
v -53.939919 223.415161 -39.234894
v -15.923275 293.638672 44.879395
v -26.274696 243.195099 -54.540329
v -26.274696 243.195099 -54.540329
v -15.923275 293.638672 44.879395
v 2.149647 244.672516 -46.269272
v 2.149647 244.672516 -46.269272
v -4.569351 219.154251 -69.420853
v -26.274696 243.195099 -54.540329
v -53.939919 223.415161 -39.234894
v -26.274696 243.195099 -54.540329
v -4.569351 219.154251 -69.420853
v -4.569351 219.154251 -69.420853
v 2.149647 244.672516 -46.269272
v 6.322632 211.053787 -58.781082
v -53.939919 223.415161 -39.234894
v -62.523270 103.903473 -102.912033
v -84.803566 165.501343 -38.032547
v -53.939919 223.415161 -39.234894
v -4.569351 219.154251 -69.420853
v -62.523270 103.903473 -102.912033
v -106.110657 92.758698 -71.028122
v -84.803566 165.501343 -38.032547
v -62.523270 103.903473 -102.912033
v -84.803566 165.501343 -38.032547
v -106.110657 92.758698 -71.028122
v -93.641716 95.637985 -48.963730
v -100.361534 37.037983 -30.108341
v -93.641716 95.637985 -48.963730
v -106.110657 92.758698 -71.028122
v -77.057724 15.219025 -109.685608
v -100.361534 37.037983 -30.108341
v -106.110657 92.758698 -71.028122
v -106.110657 92.758698 -71.028122
v -62.523270 103.903473 -102.912033
v -77.057724 15.219025 -109.685608
v -77.057724 15.219025 -109.685608
v -145.948761 0.160398 -22.969168
v -100.361534 37.037983 -30.108341
v -77.057724 15.219025 -109.685608
v -134.541382 0.000061 -86.625603
v -145.948761 0.160398 -22.969168
v -134.541382 0.000061 -86.625603
v -77.057724 15.219025 -109.685608
v -92.038635 0.000046 -124.613693
v -92.038635 0.000046 -124.613693
v -77.057724 15.219025 -109.685608
v -88.982475 0.000031 -155.355881
v -34.913040 -0.441437 -165.317047
v -88.982475 0.000031 -155.355881
v -77.057724 15.219025 -109.685608
v -34.913040 -0.441437 -165.317047
v -77.057724 15.219025 -109.685608
v -62.523270 103.903473 -102.912033
v -3.474461 159.328522 -93.439407
v -62.523270 103.903473 -102.912033
v -4.569351 219.154251 -69.420853
v -34.913040 -0.441437 -165.317047
v -62.523270 103.903473 -102.912033
v -3.474461 159.328522 -93.439407
v -3.474461 159.328522 -93.439407
v -4.569351 219.154251 -69.420853
v 6.322632 211.053787 -58.781082
v -34.913040 -0.441437 -165.317047
v -3.474461 159.328522 -93.439407
v -7.119501 17.550064 -179.141083
v -7.119501 17.550064 -179.141083
v -22.135323 0.000031 -197.292892
v -34.913040 -0.441437 -165.317047
v 6.322632 211.053787 -58.781082
v 21.008057 200.004440 -79.834213
v -3.474461 159.328522 -93.439407
v -3.474461 159.328522 -93.439407
v 21.008057 200.004440 -79.834213
v -7.119501 17.550064 -179.141083
v 11.107246 6.256500 -187.004608
v -22.135323 0.000031 -197.292892
v -7.119501 17.550064 -179.141083
v 11.107246 6.256500 -187.004608
v -7.119501 17.550064 -179.141083
v 21.008057 200.004440 -79.834213
v 11.107246 6.256500 -187.004608
v 4.378044 0.000031 -208.499908
v -22.135323 0.000031 -197.292892
v 48.502647 0.000031 -148.358871
v 4.378044 0.000031 -208.499908
v 11.107246 6.256500 -187.004608
v 11.107246 6.256500 -187.004608
v 41.543579 19.500938 -109.801056
v 48.502647 0.000031 -148.358871
v 31.883423 88.618683 -99.484940
v 41.543579 19.500938 -109.801056
v 11.107246 6.256500 -187.004608
v 21.008057 200.004440 -79.834213
v 31.883423 88.618683 -99.484940
v 11.107246 6.256500 -187.004608
v 48.502647 0.000031 -148.358871
v 41.543579 19.500938 -109.801056
v 98.885635 20.274147 -118.576668
v 98.885635 20.274147 -118.576668
v 41.543579 19.500938 -109.801056
v 31.883423 88.618683 -99.484940
v 131.715790 0.000046 -151.561661
v 48.502647 0.000031 -148.358871
v 98.885635 20.274147 -118.576668
v 150.244736 0.000038 -124.168007
v 131.715790 0.000046 -151.561661
v 98.885635 20.274147 -118.576668
v 119.936035 28.268982 -100.705765
v 150.244736 0.000038 -124.168007
v 98.885635 20.274147 -118.576668
v 119.936035 28.268982 -100.705765
v 122.864471 0.001343 -78.276627
v 150.244736 0.000038 -124.168007
v 31.883423 88.618683 -99.484940
v 88.617973 64.214798 -113.247482
v 98.885635 20.274147 -118.576668
v 119.936035 28.268982 -100.705765
v 98.885635 20.274147 -118.576668
v 88.617973 64.214798 -113.247482
v 31.883423 88.618683 -99.484940
v 46.675964 97.405212 -100.128555
v 88.617973 64.214798 -113.247482
v 31.883423 88.618683 -99.484940
v 21.008057 200.004440 -79.834213
v 46.675964 97.405212 -100.128555
v 119.936035 28.268982 -100.705765
v 88.617973 64.214798 -113.247482
v 100.529770 63.366863 -88.434647
v 100.529770 63.366863 -88.434647
v 88.617973 64.214798 -113.247482
v 46.675964 97.405212 -100.128555
v 122.864471 0.001343 -78.276627
v 119.936035 28.268982 -100.705765
v 100.529770 63.366863 -88.434647
v 72.143440 88.549423 -53.811478
v 100.529770 63.366863 -88.434647
v 46.675964 97.405212 -100.128555
v 89.639481 34.377277 -63.239811
v 122.864471 0.001343 -78.276627
v 100.529770 63.366863 -88.434647
v 89.639481 34.377277 -63.239811
v 100.529770 63.366863 -88.434647
v 72.143440 88.549423 -53.811478
v 93.574783 4.683647 -40.522213
v 122.864471 0.001343 -78.276627
v 89.639481 34.377277 -63.239811
v 93.574783 4.683647 -40.522213
v 119.944885 0.000694 -43.254135
v 122.864471 0.001343 -78.276627
v 89.639481 34.377277 -63.239811
v 66.466431 44.656681 -36.772854
v 93.574783 4.683647 -40.522213
v 89.639481 34.377277 -63.239811
v 72.143440 88.549423 -53.811478
v 66.466431 44.656681 -36.772854
v 119.944885 0.000694 -43.254135
v 93.574783 4.683647 -40.522213
v 102.110962 41.874107 -25.938324
v 102.110962 41.874107 -25.938324
v 93.574783 4.683647 -40.522213
v 66.466431 44.656681 -36.772854
v 46.675964 97.405212 -100.128555
v 43.965225 129.445496 -85.357010
v 72.143440 88.549423 -53.811478
v 43.965225 129.445496 -85.357010
v 46.675964 97.405212 -100.128555
v 21.008057 200.004440 -79.834213
v 72.143440 88.549423 -53.811478
v 52.949661 167.903229 -37.077469
v 66.466431 44.656681 -36.772854
v 43.965225 129.445496 -85.357010
v 52.949661 167.903229 -37.077469
v 72.143440 88.549423 -53.811478
v 70.113373 78.722275 -19.334633
v 102.110962 41.874107 -25.938324
v 66.466431 44.656681 -36.772854
v 52.949661 167.903229 -37.077469
v 70.113373 78.722275 -19.334633
v 66.466431 44.656681 -36.772854
v 21.008057 200.004440 -79.834213
v 42.320404 187.259903 -70.665146
v 43.965225 129.445496 -85.357010
v 43.965225 129.445496 -85.357010
v 42.320404 187.259903 -70.665146
v 52.949661 167.903229 -37.077469
v 42.320404 187.259903 -70.665146
v 21.008057 200.004440 -79.834213
v 65.752106 215.228088 -36.905411
v 42.320404 187.259903 -70.665146
v 65.752106 215.228088 -36.905411
v 52.949661 167.903229 -37.077469
v 51.308044 249.072296 -31.385742
v 65.752106 215.228088 -36.905411
v 21.008057 200.004440 -79.834213
v 52.949661 167.903229 -37.077469
v 55.605309 157.661011 14.039597
v 70.113373 78.722275 -19.334633
v 65.752106 215.228088 -36.905411
v 80.004585 218.065338 18.800323
v 52.949661 167.903229 -37.077469
v 52.949661 167.903229 -37.077469
v 80.004585 218.065338 18.800323
v 55.605309 157.661011 14.039597
v 65.752106 215.228088 -36.905411
v 51.308044 249.072296 -31.385742
v 73.329102 242.025970 -7.048309
v 73.329102 242.025970 -7.048309
v 80.004585 218.065338 18.800323
v 65.752106 215.228088 -36.905411
v 73.329102 242.025970 -7.048309
v 51.308044 249.072296 -31.385742
v 67.090622 296.206970 37.923248
v 67.090622 296.206970 37.923248
v 72.181717 291.176453 56.476700
v 73.329102 242.025970 -7.048309
v 80.004585 218.065338 18.800323
v 73.329102 242.025970 -7.048309
v 72.181717 291.176453 56.476700
v 51.308044 249.072296 -31.385742
v 50.443039 315.587769 36.193787
v 67.090622 296.206970 37.923248
v 72.181717 291.176453 56.476700
v 88.837677 310.642517 71.275589
v 80.004585 218.065338 18.800323
v 72.181717 291.176453 56.476700
v 74.236336 332.968658 80.883789
v 88.837677 310.642517 71.275589
v 88.837677 310.642517 71.275589
v 91.334702 231.466019 59.260696
v 80.004585 218.065338 18.800323
v 55.605309 157.661011 14.039597
v 80.004585 218.065338 18.800323
v 91.334702 231.466019 59.260696
v 55.605309 157.661011 14.039597
v 91.334702 231.466019 59.260696
v 63.389709 195.403503 46.347824
v 55.605309 157.661011 14.039597
v 63.389709 195.403503 46.347824
v 48.380798 121.336006 10.903038
v 51.308044 249.072296 -31.385742
v 27.258385 250.758606 -28.852097
v 50.443039 315.587769 36.193787
v 51.308044 249.072296 -31.385742
v 21.008057 200.004440 -79.834213
v 27.258385 250.758606 -28.852097
v 27.258385 250.758606 -28.852097
v 32.975807 302.803986 33.583588
v 50.443039 315.587769 36.193787
v 27.258385 250.758606 -28.852097
v 21.008057 200.004440 -79.834213
v 6.322632 211.053787 -58.781082
v 27.258385 250.758606 -28.852097
v 20.233898 329.090759 47.847198
v 32.975807 302.803986 33.583588
v 27.258385 250.758606 -28.852097
v 6.322632 211.053787 -58.781082
v 20.233898 329.090759 47.847198
v 55.605309 157.661011 14.039597
v 48.380798 121.336006 10.903038
v 89.210388 62.710064 6.065449
v 89.210388 62.710064 6.065449
v 70.113373 78.722275 -19.334633
v 55.605309 157.661011 14.039597
v 48.380798 121.336006 10.903038
v 72.117897 56.929947 14.499893
v 89.210388 62.710064 6.065449
v 89.210388 62.710064 6.065449
v 102.110962 41.874107 -25.938324
v 70.113373 78.722275 -19.334633
v 94.332924 12.655802 22.316648
v 89.210388 62.710064 6.065449
v 72.117897 56.929947 14.499893
v 106.610062 37.519115 -5.304817
v 89.210388 62.710064 6.065449
v 94.332924 12.655802 22.316648
v 106.610062 37.519115 -5.304817
v 102.110962 41.874107 -25.938324
v 89.210388 62.710064 6.065449
v 106.610062 37.519115 -5.304817
v 94.332924 12.655802 22.316648
v 106.158951 0.000047 9.903351
v 136.296936 4.347142 -9.298845
v 102.110962 41.874107 -25.938324
v 106.610062 37.519115 -5.304817
v 106.158951 0.000047 9.903351
v 136.296936 4.347142 -9.298845
v 106.610062 37.519115 -5.304817
v 119.944885 0.000694 -43.254135
v 102.110962 41.874107 -25.938324
v 136.296936 4.347142 -9.298845
v 135.807404 0.037111 8.673462
v 136.296936 4.347142 -9.298845
v 106.158951 0.000047 9.903351
v 119.944885 0.000694 -43.254135
v 136.296936 4.347142 -9.298845
v 156.524368 0.000040 -28.760361
v 136.296936 4.347142 -9.298845
v 135.807404 0.037111 8.673462
v 156.524368 0.000040 -28.760361
v 50.443039 315.587769 36.193787
v 32.975807 302.803986 33.583588
v 60.611366 351.110413 45.415710
v 47.016609 360.965485 45.951691
v 60.611366 351.110413 45.415710
v 32.975807 302.803986 33.583588
v 47.016609 360.965485 45.951691
v 32.975807 302.803986 33.583588
v 20.233898 329.090759 47.847198
v 47.016609 360.965485 45.951691
v 87.822716 409.991180 29.608154
v 60.611366 351.110413 45.415710
v 69.946106 462.955139 -22.670471
v 91.641907 484.030853 -34.664520
v 87.822716 409.991180 29.608154
v 69.946106 462.955139 -22.670471
v 87.822716 409.991180 29.608154
v 64.177429 413.405731 30.002472
v 87.822716 409.991180 29.608154
v 47.016609 360.965485 45.951691
v 64.177429 413.405731 30.002472
v 69.946106 462.955139 -22.670471
v 64.177429 413.405731 30.002472
v 58.704315 501.037964 -18.131470
v 47.016609 360.965485 45.951691
v 20.233898 329.090759 47.847198
v 27.224052 382.330994 61.285065
v 20.233898 329.090759 47.847198
v 1.959583 319.710114 54.408478
v 27.224052 382.330994 61.285065
v 19.277092 385.984253 75.699982
v 27.224052 382.330994 61.285065
v 1.959583 319.710114 54.408478
v 64.177429 413.405731 30.002472
v 47.016609 360.965485 45.951691
v 52.796532 418.342346 64.261383
v 47.016609 360.965485 45.951691
v 27.224052 382.330994 61.285065
v 52.796532 418.342346 64.261383
v 52.796532 418.342346 64.261383
v 27.224052 382.330994 61.285065
v 19.277092 385.984253 75.699982
v 58.704315 501.037964 -18.131470
v 64.177429 413.405731 30.002472
v 52.796532 418.342346 64.261383
v 19.277092 385.984253 75.699982
v 51.871811 403.902954 90.339142
v 52.796532 418.342346 64.261383
v 77.261658 461.315674 54.404999
v 58.704315 501.037964 -18.131470
v 52.796532 418.342346 64.261383
v 52.796532 418.342346 64.261383
v 51.871811 403.902954 90.339142
v 77.261658 461.315674 54.404999
v 58.704315 501.037964 -18.131470
v 77.261658 461.315674 54.404999
v 64.974724 510.692230 -19.915741
v 51.871811 403.902954 90.339142
v 72.560837 361.902649 99.868347
v 77.261658 461.315674 54.404999
v 91.501350 430.910034 64.482239
v 77.261658 461.315674 54.404999
v 72.560837 361.902649 99.868347
v 95.258438 405.410858 59.397491
v 91.501350 430.910034 64.482239
v 72.560837 361.902649 99.868347
v 92.929535 469.724548 41.094849
v 77.261658 461.315674 54.404999
v 91.501350 430.910034 64.482239
v 74.236336 332.968658 80.883789
v 95.258438 405.410858 59.397491
v 72.560837 361.902649 99.868347
v 77.261658 461.315674 54.404999
v 92.929535 469.724548 41.094849
v 87.194534 529.504883 -9.307983
v 74.236336 332.968658 80.883789
v 72.068771 352.755859 63.069489
v 95.258438 405.410858 59.397491
v 72.068771 352.755859 63.069489
v 74.236336 332.968658 80.883789
v 72.181717 291.176453 56.476700
v 72.068771 352.755859 63.069489
v 72.181717 291.176453 56.476700
v 67.090622 296.206970 37.923248
v 67.090622 296.206970 37.923248
v 50.443039 315.587769 36.193787
v 72.068771 352.755859 63.069489
v 50.443039 315.587769 36.193787
v 60.611366 351.110413 45.415710
v 72.068771 352.755859 63.069489
v 87.822716 409.991180 29.608154
v 72.068771 352.755859 63.069489
v 60.611366 351.110413 45.415710
v 87.822716 409.991180 29.608154
v 95.258438 405.410858 59.397491
v 72.068771 352.755859 63.069489
v 100.787094 447.435883 17.349426
v 95.258438 405.410858 59.397491
v 87.822716 409.991180 29.608154
v 91.641907 484.030853 -34.664520
v 100.787094 447.435883 17.349426
v 87.822716 409.991180 29.608154
v 101.781570 454.310394 30.779205
v 95.258438 405.410858 59.397491
v 100.787094 447.435883 17.349426
v 91.641907 484.030853 -34.664520
v 103.644897 502.016663 -23.515930
v 100.787094 447.435883 17.349426
v 100.787094 447.435883 17.349426
v 103.644897 502.016663 -23.515930
v 101.781570 454.310394 30.779205
v 103.644897 502.016663 -23.515930
v 92.929535 469.724548 41.094849
v 101.781570 454.310394 30.779205
v 92.929535 469.724548 41.094849
v 103.644897 502.016663 -23.515930
v 87.194534 529.504883 -9.307983
v 113.166046 518.248901 -60.139282
v 103.644897 502.016663 -23.515930
v 91.641907 484.030853 -34.664520
v 87.194534 529.504883 -9.307983
v 103.644897 502.016663 -23.515930
v 99.472824 550.711487 -45.958252
v 113.166046 518.248901 -60.139282
v 120.189728 550.215759 -55.983215
v 103.644897 502.016663 -23.515930
v 103.644897 502.016663 -23.515930
v 120.189728 550.215759 -55.983215
v 99.472824 550.711487 -45.958252
v 65.464783 521.866638 -22.394165
v 87.194534 529.504883 -9.307983
v 99.472824 550.711487 -45.958252
v 87.194534 529.504883 -9.307983
v 65.464783 521.866638 -22.394165
v 77.261658 461.315674 54.404999
v 65.464783 521.866638 -22.394165
v 64.974724 510.692230 -19.915741
v 77.261658 461.315674 54.404999
v 99.472824 550.711487 -45.958252
v 110.835571 564.869751 -83.133911
v 65.464783 521.866638 -22.394165
v 120.189728 550.215759 -55.983215
v 110.835571 564.869751 -83.133911
v 99.472824 550.711487 -45.958252
v 64.974724 510.692230 -19.915741
v 65.464783 521.866638 -22.394165
v 91.726860 525.545410 -61.506775
v 65.464783 521.866638 -22.394165
v 110.835571 564.869751 -83.133911
v 91.726860 525.545410 -61.506775
v 71.488693 494.310455 -52.235382
v 64.974724 510.692230 -19.915741
v 91.726860 525.545410 -61.506775
v 91.726860 525.545410 -61.506775
v 91.641907 484.030853 -34.664520
v 71.488693 494.310455 -52.235382
v 91.726860 525.545410 -61.506775
v 113.166046 518.248901 -60.139282
v 91.641907 484.030853 -34.664520
v 113.166046 518.248901 -60.139282
v 91.726860 525.545410 -61.506775
v 145.016190 537.584167 -118.262817
v 110.835571 564.869751 -83.133911
v 129.990265 556.659729 -122.432434
v 91.726860 525.545410 -61.506775
v 91.726860 525.545410 -61.506775
v 129.990265 556.659729 -122.432434
v 145.016190 537.584167 -118.262817
v 120.189728 550.215759 -55.983215
v 153.545776 581.794434 -114.222961
v 110.835571 564.869751 -83.133911
v 129.990265 556.659729 -122.432434
v 110.835571 564.869751 -83.133911
v 153.545776 581.794434 -114.222961
v 165.196152 560.805542 -101.529053
v 153.545776 581.794434 -114.222961
v 120.189728 550.215759 -55.983215
v 113.166046 518.248901 -60.139282
v 165.196152 560.805542 -101.529053
v 120.189728 550.215759 -55.983215
v 165.196152 560.805542 -101.529053
v 113.166046 518.248901 -60.139282
v 159.992905 542.569336 -112.370605
v 145.016190 537.584167 -118.262817
v 159.992905 542.569336 -112.370605
v 113.166046 518.248901 -60.139282
v 157.246368 509.179230 -206.223785
v 159.992905 542.569336 -112.370605
v 145.016190 537.584167 -118.262817
v 160.192688 557.533813 -121.773071
v 159.992905 542.569336 -112.370605
v 157.246368 509.179230 -206.223785
v 159.984253 529.014526 -210.243713
v 160.192688 557.533813 -121.773071
v 157.246368 509.179230 -206.223785
v 159.984253 529.014526 -210.243713
v 153.545776 581.794434 -114.222961
v 160.192688 557.533813 -121.773071
v 170.291977 523.008179 -302.402527
v 159.984253 529.014526 -210.243713
v 157.246368 509.179230 -206.223785
v 159.984253 529.014526 -210.243713
v 144.374786 524.781372 -221.066833
v 153.545776 581.794434 -114.222961
v 144.374786 524.781372 -221.066833
v 129.990265 556.659729 -122.432434
v 153.545776 581.794434 -114.222961
v 170.291977 523.008179 -302.402527
v 160.509323 534.987305 -299.116333
v 159.984253 529.014526 -210.243713
v 160.509323 534.987305 -299.116333
v 170.291977 523.008179 -302.402527
v 149.957306 608.445068 -404.879578
v 144.374786 524.781372 -221.066833
v 159.984253 529.014526 -210.243713
v 160.509323 534.987305 -299.116333
v 129.990265 556.659729 -122.432434
v 144.374786 524.781372 -221.066833
v 142.820435 511.751495 -191.881561
v 129.990265 556.659729 -122.432434
v 142.820435 511.751495 -191.881561
v 145.016190 537.584167 -118.262817
v 142.820435 511.751495 -191.881561
v 157.246368 509.179230 -206.223785
v 145.016190 537.584167 -118.262817
v 160.509323 534.987305 -299.116333
v 158.940414 519.481934 -301.660645
v 144.374786 524.781372 -221.066833
v 142.820435 511.751495 -191.881561
v 144.374786 524.781372 -221.066833
v 158.940414 519.481934 -301.660645
v 142.820435 511.751495 -191.881561
v 158.940414 519.481934 -301.660645
v 157.246368 509.179230 -206.223785
v 149.957306 608.445068 -404.879578
v 158.940414 519.481934 -301.660645
v 160.509323 534.987305 -299.116333
v 170.291977 523.008179 -302.402527
v 157.246368 509.179230 -206.223785
v 158.940414 519.481934 -301.660645
v 158.940414 519.481934 -301.660645
v 149.957306 608.445068 -404.879578
v 170.291977 523.008179 -302.402527
v 71.225494 -1.391861 137.497726
v 86.410599 3.746277 157.053833
v 106.495911 -0.744888 159.167343
v 106.495911 -0.744888 159.167343
v 86.410599 3.746277 157.053833
v 67.698097 30.154709 174.665802
v 91.493149 -0.587006 190.441711
v 106.495911 -0.744888 159.167343
v 67.698097 30.154709 174.665802
v 67.698097 30.154709 174.665802
v 86.410599 3.746277 157.053833
v 60.844757 15.874008 159.131363
v 47.621307 46.430176 174.919632
v 91.493149 -0.587006 190.441711
v 67.698097 30.154709 174.665802
v 47.621307 46.430176 174.919632
v 58.895203 -2.070114 189.052246
v 91.493149 -0.587006 190.441711
v 55.836021 52.725128 144.167587
v 67.698097 30.154709 174.665802
v 60.844757 15.874008 159.131363
v 60.844757 15.874008 159.131363
v 44.172867 59.701569 128.106216
v 55.836021 52.725128 144.167587
v 44.172867 59.701569 128.106216
v 51.180527 80.596390 105.865494
v 55.836021 52.725128 144.167587
v 47.621307 46.430176 174.919632
v 67.698097 30.154709 174.665802
v 50.686661 63.807571 156.472794
v 67.698097 30.154709 174.665802
v 55.836021 52.725128 144.167587
v 50.686661 63.807571 156.472794
v 47.621307 46.430176 174.919632
v 31.560852 42.536819 168.156189
v 58.895203 -2.070114 189.052246
v 31.560852 42.536819 168.156189
v 47.621307 46.430176 174.919632
v 50.686661 63.807571 156.472794
v 31.560852 42.536819 168.156189
v 40.517853 2.642593 175.150818
v 58.895203 -2.070114 189.052246
v 40.517853 2.642593 175.150818
v 31.560852 42.536819 168.156189
v 22.176994 3.568176 175.903305
v 51.180527 80.596390 105.865494
v 60.078308 98.527344 123.912186
v 55.836021 52.725128 144.167587
v 50.686661 63.807571 156.472794
v 55.836021 52.725128 144.167587
v 60.078308 98.527344 123.912186
v 39.396118 73.597466 77.632210
v 60.078308 98.527344 123.912186
v 51.180527 80.596390 105.865494
v 34.858864 67.814194 154.604889
v 31.560852 42.536819 168.156189
v 50.686661 63.807571 156.472794
v 50.686661 63.807571 156.472794
v 60.078308 98.527344 123.912186
v 34.858864 67.814194 154.604889
v 22.176994 3.568176 175.903305
v 31.560852 42.536819 168.156189
v 22.002079 30.865707 160.194382
v 22.002079 30.865707 160.194382
v 20.114525 1.180527 161.278168
v 22.176994 3.568176 175.903305
v 86.410599 3.746277 157.053833
v 71.225494 -1.391861 137.497726
v 20.114525 1.180527 161.278168
v 86.410599 3.746277 157.053833
v 20.114525 1.180527 161.278168
v 60.844757 15.874008 159.131363
v 60.844757 15.874008 159.131363
v 20.114525 1.180527 161.278168
v 39.797119 24.138916 154.589706
v 39.797119 24.138916 154.589706
v 20.114525 1.180527 161.278168
v 22.002079 30.865707 160.194382
v 39.797119 24.138916 154.589706
v 44.172867 59.701569 128.106216
v 60.844757 15.874008 159.131363
v 31.560852 42.536819 168.156189
v 18.405807 60.872711 141.986053
v 22.002079 30.865707 160.194382
v 22.002079 30.865707 160.194382
v 18.405807 60.872711 141.986053
v 39.797119 24.138916 154.589706
v 44.172867 59.701569 128.106216
v 39.797119 24.138916 154.589706
v 18.405807 60.872711 141.986053
v 18.405807 60.872711 141.986053
v 31.560852 42.536819 168.156189
v 34.858864 67.814194 154.604889
v 18.405807 60.872711 141.986053
v 32.043102 74.531601 127.122253
v 44.172867 59.701569 128.106216
v 44.172867 59.701569 128.106216
v 32.043102 74.531601 127.122253
v 51.180527 80.596390 105.865494
v 33.828724 92.205200 151.698715
v 18.405807 60.872711 141.986053
v 34.858864 67.814194 154.604889
v 34.858864 67.814194 154.604889
v 60.078308 98.527344 123.912186
v 33.828724 92.205200 151.698715
v 33.828724 92.205200 151.698715
v 41.193542 124.643829 128.587387
v 18.405807 60.872711 141.986053
v 18.405807 60.872711 141.986053
v 41.193542 124.643829 128.587387
v 32.043102 74.531601 127.122253
v 54.751122 123.326706 128.795776
v 33.828724 92.205200 151.698715
v 60.078308 98.527344 123.912186
v 54.751122 123.326706 128.795776
v 41.193542 124.643829 128.587387
v 33.828724 92.205200 151.698715
v 54.751122 123.326706 128.795776
v 60.078308 98.527344 123.912186
v 59.035927 111.704071 106.854980
v 59.035927 111.704071 106.854980
v 60.078308 98.527344 123.912186
v 39.396118 73.597466 77.632210
v 61.531471 87.227203 72.884094
v 59.035927 111.704071 106.854980
v 39.396118 73.597466 77.632210
v 66.609764 96.464775 63.612831
v 59.035927 111.704071 106.854980
v 61.531471 87.227203 72.884094
v 59.035927 111.704071 106.854980
v 66.609764 96.464775 63.612831
v 49.633789 128.396194 76.491653
v 54.751122 123.326706 128.795776
v 59.035927 111.704071 106.854980
v 49.633789 128.396194 76.491653
v 54.751122 123.326706 128.795776
v 49.633789 128.396194 76.491653
v 41.193542 124.643829 128.587387
v 49.633789 128.396194 76.491653
v 23.392742 110.907997 112.010887
v 41.193542 124.643829 128.587387
v 41.193542 124.643829 128.587387
v 23.392742 110.907997 112.010887
v 32.043102 74.531601 127.122253
v 23.392742 110.907997 112.010887
v 49.633789 128.396194 76.491653
v 18.217220 130.278534 76.461716
v 4.241142 84.950668 72.368607
v 23.392742 110.907997 112.010887
v 18.217220 130.278534 76.461716
v 23.392742 110.907997 112.010887
v 25.383087 85.092964 109.443810
v 32.043102 74.531601 127.122253
v 4.241142 84.950668 72.368607
v 25.383087 85.092964 109.443810
v 23.392742 110.907997 112.010887
v 51.180527 80.596390 105.865494
v 32.043102 74.531601 127.122253
v 25.383087 85.092964 109.443810
v 4.241142 84.950668 72.368607
v 39.396118 73.597466 77.632210
v 25.383087 85.092964 109.443810
v 39.396118 73.597466 77.632210
v 51.180527 80.596390 105.865494
v 25.383087 85.092964 109.443810
v -84.568962 607.549438 -67.031372
v -91.928482 595.197327 -66.936035
v -168.593597 648.333496 -152.713928
v -99.346497 622.428955 -65.817810
v -84.568962 607.549438 -67.031372
v -168.593597 648.333496 -152.713928
v -84.568962 607.549438 -67.031372
v -99.346497 622.428955 -65.817810
v -57.787159 634.731201 -24.801331
v -168.593597 648.333496 -152.713928
v -96.385338 605.756836 -50.247437
v -99.346497 622.428955 -65.817810
v -99.346497 622.428955 -65.817810
v -46.322582 654.897827 -8.036682
v -57.787159 634.731201 -24.801331
v -46.322582 654.897827 -8.036682
v -19.575783 632.893433 9.676147
v -57.787159 634.731201 -24.801331
v -99.346497 622.428955 -65.817810
v -75.181366 651.368225 -17.293396
v -46.322582 654.897827 -8.036682
v -75.181366 651.368225 -17.293396
v -99.346497 622.428955 -65.817810
v -96.385338 605.756836 -50.247437
v -14.038519 641.809692 36.891418
v -19.575783 632.893433 9.676147
v -46.322582 654.897827 -8.036682
v -14.038519 641.809692 36.891418
v -46.322582 654.897827 -8.036682
v -75.181366 651.368225 -17.293396
v -14.038519 641.809692 36.891418
v -4.168385 611.763733 32.335022
v -19.575783 632.893433 9.676147
v -23.210661 630.631287 62.219849
v -13.110569 594.051453 71.789429
v -4.168385 611.763733 32.335022
v -4.168385 611.763733 32.335022
v -14.038519 641.809692 36.891418
v -23.210661 630.631287 62.219849
v -54.871147 644.105713 6.305725
v -14.038519 641.809692 36.891418
v -75.181366 651.368225 -17.293396
v -75.181366 651.368225 -17.293396
v -96.385338 605.756836 -50.247437
v -54.871147 644.105713 6.305725
v -32.112404 617.929871 37.921631
v -23.210661 630.631287 62.219849
v -14.038519 641.809692 36.891418
v -54.871147 644.105713 6.305725
v -32.112404 617.929871 37.921631
v -14.038519 641.809692 36.891418
v -42.862782 606.821960 61.204529
v -23.210661 630.631287 62.219849
v -32.112404 617.929871 37.921631
v -42.862782 606.821960 61.204529
v -32.112404 617.929871 37.921631
v -32.053539 585.139465 62.270630
v -4.168385 611.763733 32.335022
v -13.110569 594.051453 71.789429
v -32.053539 585.139465 62.270630
v -4.168385 611.763733 32.335022
v -32.053539 585.139465 62.270630
v -20.824688 606.925781 20.851196
v -20.824688 606.925781 20.851196
v -32.053539 585.139465 62.270630
v -32.112404 617.929871 37.921631
v -4.168385 611.763733 32.335022
v -20.824688 606.925781 20.851196
v -19.575783 632.893433 9.676147
v -32.112404 617.929871 37.921631
v -42.933746 627.033752 0.551086
v -20.824688 606.925781 20.851196
v -19.575783 632.893433 9.676147
v -20.824688 606.925781 20.851196
v -42.933746 627.033752 0.551086
v -54.871147 644.105713 6.305725
v -42.933746 627.033752 0.551086
v -32.112404 617.929871 37.921631
v -57.787159 634.731201 -24.801331
v -19.575783 632.893433 9.676147
v -42.933746 627.033752 0.551086
v -61.365936 628.492188 -13.267151
v -42.933746 627.033752 0.551086
v -54.871147 644.105713 6.305725
v -57.787159 634.731201 -24.801331
v -42.933746 627.033752 0.551086
v -61.365936 628.492188 -13.267151
v -96.385338 605.756836 -50.247437
v -61.365936 628.492188 -13.267151
v -54.871147 644.105713 6.305725
v -57.787159 634.731201 -24.801331
v -61.365936 628.492188 -13.267151
v -91.928482 595.197327 -66.936035
v -91.928482 595.197327 -66.936035
v -61.365936 628.492188 -13.267151
v -96.385338 605.756836 -50.247437
v -84.568962 607.549438 -67.031372
v -57.787159 634.731201 -24.801331
v -91.928482 595.197327 -66.936035
v -91.928482 595.197327 -66.936035
v -96.385338 605.756836 -50.247437
v -168.593597 648.333496 -152.713928
v -90.044701 683.736450 189.853180
v -52.715664 645.614929 207.060730
v -40.142540 572.655884 144.851349
v -90.044701 683.736450 189.853180
v -40.142540 572.655884 144.851349
v -101.125885 683.722961 174.656769
v -74.380890 601.454956 182.430237
v -101.125885 683.722961 174.656769
v -40.142540 572.655884 144.851349
v -101.125885 683.722961 174.656769
v -80.733902 767.756592 199.521057
v -90.044701 683.736450 189.853180
v -101.125885 683.722961 174.656769
v -74.380890 601.454956 182.430237
v -124.500389 676.774414 184.678802
v -124.500389 676.774414 184.678802
v -74.380890 601.454956 182.430237
v -83.540298 615.681519 202.916718
v -124.500389 676.774414 184.678802
v -83.540298 615.681519 202.916718
v -84.994843 652.063110 211.390625
v -98.248886 770.080078 190.162537
v -80.733902 767.756592 199.521057
v -101.125885 683.722961 174.656769
v -124.500389 676.774414 184.678802
v -98.248886 770.080078 190.162537
v -101.125885 683.722961 174.656769
v -84.994843 652.063110 211.390625
v -52.715664 645.614929 207.060730
v -90.044701 683.736450 189.853180
v -84.994843 652.063110 211.390625
v -90.044701 683.736450 189.853180
v -111.013107 687.428223 203.195679
v -124.500389 676.774414 184.678802
v -84.994843 652.063110 211.390625
v -111.013107 687.428223 203.195679
v -111.013107 687.428223 203.195679
v -90.044701 683.736450 189.853180
v -80.733902 767.756592 199.521057
v -95.743958 769.561157 215.768982
v -124.500389 676.774414 184.678802
v -111.013107 687.428223 203.195679
v -80.733902 767.756592 199.521057
v -95.743958 769.561157 215.768982
v -111.013107 687.428223 203.195679
v -124.500389 676.774414 184.678802
v -95.743958 769.561157 215.768982
v -98.248886 770.080078 190.162537
v -91.009750 813.980347 241.146606
v -95.743958 769.561157 215.768982
v -80.733902 767.756592 199.521057
v -76.567535 833.069702 246.361511
v -91.009750 813.980347 241.146606
v -80.733902 767.756592 199.521057
v -104.643814 920.212402 243.332397
v -91.009750 813.980347 241.146606
v -76.567535 833.069702 246.361511
v -92.468407 833.050354 229.494934
v -95.743958 769.561157 215.768982
v -91.009750 813.980347 241.146606
v -92.468407 833.050354 229.494934
v -91.009750 813.980347 241.146606
v -104.643814 920.212402 243.332397
v -92.468407 833.050354 229.494934
v -98.248886 770.080078 190.162537
v -95.743958 769.561157 215.768982
v -80.824890 837.370422 230.652527
v -92.468407 833.050354 229.494934
v -104.643814 920.212402 243.332397
v -80.824890 837.370422 230.652527
v -98.248886 770.080078 190.162537
v -92.468407 833.050354 229.494934
v -80.824890 837.370422 230.652527
v -80.733902 767.756592 199.521057
v -98.248886 770.080078 190.162537
v -80.824890 837.370422 230.652527
v -104.643814 920.212402 243.332397
v -76.567535 833.069702 246.361511
v -80.824890 837.370422 230.652527
v -76.567535 833.069702 246.361511
v -80.733902 767.756592 199.521057
v -62.716675 54.892860 16.538200
v -83.277687 92.805954 24.181015
v -93.267365 56.264473 18.567924
v -94.122314 10.389511 28.050362
v -62.716675 54.892860 16.538200
v -93.267365 56.264473 18.567924
v -94.122314 10.389511 28.050362
v -126.575050 3.481941 71.351700
v -120.683388 0.000046 105.766289
v -94.122314 10.389511 28.050362
v -120.683388 0.000046 105.766289
v -93.766998 24.201523 90.255615
v -94.122314 10.389511 28.050362
v -93.766998 24.201523 90.255615
v -62.716675 54.892860 16.538200
v -93.766998 24.201523 90.255615
v -120.683388 0.000046 105.766289
v -79.382645 0.000046 146.164810
v -90.228790 96.436142 75.080017
v -62.716675 54.892860 16.538200
v -93.766998 24.201523 90.255615
v -93.766998 24.201523 90.255615
v -79.382645 0.000046 146.164810
v -86.422012 76.234787 113.292358
v -86.422012 76.234787 113.292358
v -90.228790 96.436142 75.080017
v -93.766998 24.201523 90.255615
v -79.382645 0.000046 146.164810
v -55.374767 0.000046 135.936707
v -86.422012 76.234787 113.292358
v -90.228790 96.436142 75.080017
v -83.277687 92.805954 24.181015
v -62.716675 54.892860 16.538200
v -55.358337 82.851959 105.058029
v -86.422012 76.234787 113.292358
v -55.374767 0.000046 135.936707
v -55.374767 0.000046 135.936707
v -36.482815 0.000038 85.009491
v -55.358337 82.851959 105.058029
v -39.824306 5.240238 55.153671
v -55.358337 82.851959 105.058029
v -36.482815 0.000038 85.009491
v -55.358337 82.851959 105.058029
v -39.824306 5.240238 55.153671
v -46.022999 83.806351 39.998489
v -55.358337 82.851959 105.058029
v -70.114456 106.292023 102.086746
v -86.422012 76.234787 113.292358
v -90.228790 96.436142 75.080017
v -86.422012 76.234787 113.292358
v -70.114456 106.292023 102.086746
v -55.358337 82.851959 105.058029
v -46.022999 83.806351 39.998489
v -57.400646 111.272522 58.201309
v -57.400646 111.272522 58.201309
v -70.114456 106.292023 102.086746
v -55.358337 82.851959 105.058029
v -57.400646 111.272522 58.201309
v -90.228790 96.436142 75.080017
v -70.114456 106.292023 102.086746
v -46.022999 83.806351 39.998489
v -37.054123 124.096497 44.302956
v -57.400646 111.272522 58.201309
v -90.228790 96.436142 75.080017
v -57.400646 111.272522 58.201309
v -81.157188 119.443771 38.309845
v -57.400646 111.272522 58.201309
v -37.054123 124.096497 44.302956
v -81.157188 119.443771 38.309845
v -81.157188 119.443771 38.309845
v -83.277687 92.805954 24.181015
v -90.228790 96.436142 75.080017
v -55.572933 175.394455 41.926132
v -81.157188 119.443771 38.309845
v -37.054123 124.096497 44.302956
v -55.572933 175.394455 41.926132
v -50.158012 189.008316 39.504257
v -81.157188 119.443771 38.309845
v -83.277687 92.805954 24.181015
v -81.157188 119.443771 38.309845
v -68.311012 147.046356 16.527771
v -50.158012 189.008316 39.504257
v -68.311012 147.046356 16.527771
v -81.157188 119.443771 38.309845
v -68.311012 147.046356 16.527771
v -79.011940 151.722687 10.136292
v -83.277687 92.805954 24.181015
v -79.011940 151.722687 10.136292
v -68.311012 147.046356 16.527771
v -50.158012 189.008316 39.504257
v 359.890869 522.735901 260.548218
v 364.801361 518.646973 257.363983
v 362.975616 523.289551 256.590546
v 364.801361 518.646973 257.363983
v 359.890869 522.735901 260.548218
v 361.716583 518.093262 261.321686
v 329.369873 514.560791 194.732178
v 362.975616 523.289551 256.590546
v 364.801361 518.646973 257.363983
v 324.499878 504.295929 202.923615
v 364.801361 518.646973 257.363983
v 361.716583 518.093262 261.321686
v 329.369873 514.560791 194.732178
v 364.801361 518.646973 257.363983
v 329.548401 504.855988 194.798065
v 364.801361 518.646973 257.363983
v 324.499878 504.295929 202.923615
v 329.548401 504.855988 194.798065
v 274.143829 526.514893 140.723175
v 329.369873 514.560791 194.732178
v 329.548401 504.855988 194.798065
v 329.369873 514.560791 194.732178
v 274.143829 526.514893 140.723175
v 273.438293 539.829346 140.139923
v 180.071304 521.190369 117.127808
v 273.438293 539.829346 140.139923
v 274.143829 526.514893 140.723175
v 180.071304 521.190369 117.127808
v 274.143829 526.514893 140.723175
v 180.060593 497.303314 121.339813
v 329.548401 504.855988 194.798065
v 267.915802 525.586304 152.306976
v 274.143829 526.514893 140.723175
v 267.915802 525.586304 152.306976
v 180.060593 497.303314 121.339813
v 274.143829 526.514893 140.723175
v 267.915802 525.586304 152.306976
v 329.548401 504.855988 194.798065
v 324.499878 504.295929 202.923615
v 180.060593 497.303314 121.339813
v 267.915802 525.586304 152.306976
v 178.058578 503.100250 135.101776
v 361.716583 518.093262 261.321686
v 324.321381 514.000732 202.857758
v 324.499878 504.295929 202.923615
v 267.915802 525.586304 152.306976
v 324.499878 504.295929 202.923615
v 324.321381 514.000732 202.857758
v 324.321381 514.000732 202.857758
v 361.716583 518.093262 261.321686
v 359.890869 522.735901 260.548218
v 324.321381 514.000732 202.857758
v 359.890869 522.735901 260.548218
v 362.975616 523.289551 256.590546
v 362.975616 523.289551 256.590546
v 329.369873 514.560791 194.732178
v 324.321381 514.000732 202.857758
v 267.210236 538.900940 151.723694
v 178.058578 503.100250 135.101776
v 267.915802 525.586304 152.306976
v 324.321381 514.000732 202.857758
v 267.210236 538.900940 151.723694
v 267.915802 525.586304 152.306976
v 267.210236 538.900940 151.723694
v 324.321381 514.000732 202.857758
v 329.369873 514.560791 194.732178
v 178.058578 503.100250 135.101776
v 267.210236 538.900940 151.723694
v 169.034302 516.212158 135.707336
v 329.369873 514.560791 194.732178
v 273.438293 539.829346 140.139923
v 267.210236 538.900940 151.723694
v 267.210236 538.900940 151.723694
v 180.071304 521.190369 117.127808
v 169.034302 516.212158 135.707336
v 180.071304 521.190369 117.127808
v 267.210236 538.900940 151.723694
v 273.438293 539.829346 140.139923
v 340.838257 595.587463 -125.384949
v 231.387909 555.169983 -98.677795
v 235.524261 538.968018 -102.695496
v 231.387909 555.169983 -98.677795
v 159.992905 542.569336 -112.370605
v 235.524261 538.968018 -102.695496
v 159.992905 542.569336 -112.370605
v 231.387909 555.169983 -98.677795
v 165.196152 560.805542 -101.529053
v 165.196152 560.805542 -101.529053
v 231.387909 555.169983 -98.677795
v 153.545776 581.794434 -114.222961
v 231.387909 555.169983 -98.677795
v 195.913086 574.749390 -119.865967
v 153.545776 581.794434 -114.222961
v 195.913086 574.749390 -119.865967
v 160.192688 557.533813 -121.773071
v 153.545776 581.794434 -114.222961
v 195.913086 574.749390 -119.865967
v 231.387909 555.169983 -98.677795
v 232.701538 549.495117 -111.044434
v 340.838257 595.587463 -125.384949
v 232.701538 549.495117 -111.044434
v 231.387909 555.169983 -98.677795
v 232.701538 549.495117 -111.044434
v 340.838257 595.587463 -125.384949
v 235.524261 538.968018 -102.695496
v 160.192688 557.533813 -121.773071
v 195.913086 574.749390 -119.865967
v 186.604950 553.391968 -122.101135
v 186.604950 553.391968 -122.101135
v 195.913086 574.749390 -119.865967
v 232.701538 549.495117 -111.044434
v 186.604950 553.391968 -122.101135
v 232.701538 549.495117 -111.044434
v 235.524261 538.968018 -102.695496
v 160.192688 557.533813 -121.773071
v 186.604950 553.391968 -122.101135
v 159.992905 542.569336 -112.370605
v 159.992905 542.569336 -112.370605
v 186.604950 553.391968 -122.101135
v 235.524261 538.968018 -102.695496
v 45.296875 626.321289 105.141235
v 11.826473 578.623901 101.540894
v 14.084198 565.354126 84.864624
v 45.296875 626.321289 105.141235
v 30.017567 625.809937 125.058929
v 11.826473 578.623901 101.540894
v 6.061741 601.128052 116.119415
v 11.826473 578.623901 101.540894
v 30.017567 625.809937 125.058929
v 2.773190 633.142151 108.278137
v 6.061741 601.128052 116.119415
v 30.017567 625.809937 125.058929
v 73.110443 661.892822 131.999390
v 62.614136 639.512024 150.269653
v 45.296875 626.321289 105.141235
v 45.296875 626.321289 105.141235
v 62.614136 639.512024 150.269653
v 30.017567 625.809937 125.058929
v 2.773190 633.142151 108.278137
v 30.017567 625.809937 125.058929
v 42.070564 664.834595 140.847290
v 30.017567 625.809937 125.058929
v 62.614136 639.512024 150.269653
v 44.022629 652.438293 147.774475
v 42.070564 664.834595 140.847290
v 30.017567 625.809937 125.058929
v 44.022629 652.438293 147.774475
v 73.110443 661.892822 131.999390
v 78.665268 688.282471 216.636078
v 62.614136 639.512024 150.269653
v 2.773190 633.142151 108.278137
v 42.070564 664.834595 140.847290
v 47.030655 680.403564 132.239258
v 7.213829 632.145264 88.331360
v 2.773190 633.142151 108.278137
v 47.030655 680.403564 132.239258
v 78.665268 688.282471 216.636078
v 55.996323 665.030884 218.432495
v 62.614136 639.512024 150.269653
v 62.614136 639.512024 150.269653
v 55.996323 665.030884 218.432495
v 44.022629 652.438293 147.774475
v 49.047295 685.702698 202.950134
v 42.070564 664.834595 140.847290
v 44.022629 652.438293 147.774475
v 44.022629 652.438293 147.774475
v 55.996323 665.030884 218.432495
v 49.047295 685.702698 202.950134
v 42.070564 664.834595 140.847290
v 49.047295 685.702698 202.950134
v 47.030655 680.403564 132.239258
v 83.690826 714.146118 240.481842
v 55.996323 665.030884 218.432495
v 78.665268 688.282471 216.636078
v 78.011581 786.408325 231.635193
v 83.690826 714.146118 240.481842
v 78.665268 688.282471 216.636078
v 59.608986 733.073547 243.754333
v 55.996323 665.030884 218.432495
v 83.690826 714.146118 240.481842
v 49.047295 685.702698 202.950134
v 55.996323 665.030884 218.432495
v 59.608986 733.073547 243.754333
v 83.690826 714.146118 240.481842
v 78.011581 786.408325 231.635193
v 63.144615 782.836182 239.924133
v 59.608986 733.073547 243.754333
v 83.690826 714.146118 240.481842
v 63.144615 782.836182 239.924133
v 63.144615 782.836182 239.924133
v 78.011581 786.408325 231.635193
v 86.631714 824.807983 297.471924
v 59.608986 733.073547 243.754333
v 63.144615 782.836182 239.924133
v 59.367378 736.952942 228.870239
v 49.047295 685.702698 202.950134
v 59.608986 733.073547 243.754333
v 59.367378 736.952942 228.870239
v 63.399765 796.326233 230.074646
v 63.144615 782.836182 239.924133
v 86.631714 824.807983 297.471924
v 63.144615 782.836182 239.924133
v 63.399765 796.326233 230.074646
v 59.367378 736.952942 228.870239
v 78.011581 786.408325 231.635193
v 63.399765 796.326233 230.074646
v 86.631714 824.807983 297.471924
v 59.367378 736.952942 228.870239
v 63.399765 796.326233 230.074646
v 67.330566 710.794922 212.769531
v 63.399765 796.326233 230.074646
v 78.011581 786.408325 231.635193
v 67.330566 710.794922 212.769531
v 67.330566 710.794922 212.769531
v 49.047295 685.702698 202.950134
v 59.367378 736.952942 228.870239
v 67.330566 710.794922 212.769531
v 78.011581 786.408325 231.635193
v 78.665268 688.282471 216.636078
v 78.665268 688.282471 216.636078
v 73.110443 661.892822 131.999390
v 67.330566 710.794922 212.769531
v 64.923462 688.056396 145.370789
v 49.047295 685.702698 202.950134
v 67.330566 710.794922 212.769531
v 73.110443 661.892822 131.999390
v 64.923462 688.056396 145.370789
v 67.330566 710.794922 212.769531
v 64.923462 688.056396 145.370789
v 47.030655 680.403564 132.239258
v 49.047295 685.702698 202.950134
v 38.998444 665.898193 101.170898
v 47.030655 680.403564 132.239258
v 64.923462 688.056396 145.370789
v 64.923462 688.056396 145.370789
v 73.110443 661.892822 131.999390
v 38.998444 665.898193 101.170898
v 47.030655 680.403564 132.239258
v 38.998444 665.898193 101.170898
v 7.213829 632.145264 88.331360
v 38.998444 665.898193 101.170898
v 73.110443 661.892822 131.999390
v 38.843231 643.973877 91.234497
v 38.998444 665.898193 101.170898
v 38.843231 643.973877 91.234497
v 7.213829 632.145264 88.331360
v 45.296875 626.321289 105.141235
v 38.843231 643.973877 91.234497
v 73.110443 661.892822 131.999390
v 7.213829 632.145264 88.331360
v 38.843231 643.973877 91.234497
v 11.153767 595.008911 75.842285
v 14.084198 565.354126 84.864624
v 38.843231 643.973877 91.234497
v 45.296875 626.321289 105.141235
v 11.153767 595.008911 75.842285
v 38.843231 643.973877 91.234497
v 14.084198 565.354126 84.864624
v 147.757874 461.748657 138.918945
v 147.824997 489.099548 139.562439
v 147.177658 531.444946 185.855499
v 141.176788 548.302490 179.607391
v 147.177658 531.444946 185.855499
v 147.824997 489.099548 139.562439
v 134.955093 499.229614 133.763092
v 141.176788 548.302490 179.607391
v 147.824997 489.099548 139.562439
v 133.499802 596.089355 207.967590
v 147.177658 531.444946 185.855499
v 141.176788 548.302490 179.607391
v 133.499802 596.089355 207.967590
v 130.199860 587.089478 216.730713
v 147.177658 531.444946 185.855499
v 141.176788 548.302490 179.607391
v 134.955093 499.229614 133.763092
v 124.980637 546.834167 180.749573
v 119.577835 460.732880 118.993683
v 124.980637 546.834167 180.749573
v 134.955093 499.229614 133.763092
v 141.176788 548.302490 179.607391
v 117.816696 611.514404 202.271179
v 133.499802 596.089355 207.967590
v 124.980637 546.834167 180.749573
v 117.816696 611.514404 202.271179
v 141.176788 548.302490 179.607391
v 133.499802 596.089355 207.967590
v 137.267410 623.696777 237.395935
v 130.199860 587.089478 216.730713
v 117.816696 611.514404 202.271179
v 137.267410 623.696777 237.395935
v 133.499802 596.089355 207.967590
v 130.199860 587.089478 216.730713
v 137.267410 623.696777 237.395935
v 145.209152 622.583740 257.913605
v 137.267410 623.696777 237.395935
v 143.654999 664.047058 309.128235
v 145.209152 622.583740 257.913605
v 137.267410 623.696777 237.395935
v 117.816696 611.514404 202.271179
v 130.700668 631.550720 249.956360
v 143.654999 664.047058 309.128235
v 137.267410 623.696777 237.395935
v 130.700668 631.550720 249.956360
v 105.193527 599.216736 211.586517
v 130.700668 631.550720 249.956360
v 117.816696 611.514404 202.271179
v 105.193527 599.216736 211.586517
v 117.816696 611.514404 202.271179
v 124.980637 546.834167 180.749573
v 143.654999 664.047058 309.128235
v 130.700668 631.550720 249.956360
v 130.055191 628.373779 265.225372
v 105.193527 599.216736 211.586517
v 130.055191 628.373779 265.225372
v 130.700668 631.550720 249.956360
v 121.655548 585.241577 223.748840
v 143.654999 664.047058 309.128235
v 130.055191 628.373779 265.225372
v 145.209152 622.583740 257.913605
v 143.654999 664.047058 309.128235
v 121.655548 585.241577 223.748840
v 110.414673 593.018860 222.409729
v 130.055191 628.373779 265.225372
v 105.193527 599.216736 211.586517
v 124.980637 546.834167 180.749573
v 110.414673 593.018860 222.409729
v 105.193527 599.216736 211.586517
v 110.414673 593.018860 222.409729
v 121.655548 585.241577 223.748840
v 130.055191 628.373779 265.225372
v 130.199860 587.089478 216.730713
v 145.209152 622.583740 257.913605
v 121.655548 585.241577 223.748840
v 122.011627 526.723450 178.786865
v 110.414673 593.018860 222.409729
v 124.980637 546.834167 180.749573
v 122.011627 526.723450 178.786865
v 124.980637 546.834167 180.749573
v 119.577835 460.732880 118.993683
v 122.011627 526.723450 178.786865
v 119.577835 460.732880 118.993683
v 120.726074 462.251221 137.467773
v 128.615387 517.405884 183.419037
v 110.414673 593.018860 222.409729
v 122.011627 526.723450 178.786865
v 120.726074 462.251221 137.467773
v 128.615387 517.405884 183.419037
v 122.011627 526.723450 178.786865
v 110.414673 593.018860 222.409729
v 128.615387 517.405884 183.419037
v 121.655548 585.241577 223.748840
v 128.615387 517.405884 183.419037
v 120.726074 462.251221 137.467773
v 131.638351 452.128845 142.682434
v 139.622086 529.397705 193.593170
v 130.199860 587.089478 216.730713
v 121.655548 585.241577 223.748840
v 128.615387 517.405884 183.419037
v 139.622086 529.397705 193.593170
v 121.655548 585.241577 223.748840
v 131.638351 452.128845 142.682434
v 139.622086 529.397705 193.593170
v 128.615387 517.405884 183.419037
v 147.177658 531.444946 185.855499
v 130.199860 587.089478 216.730713
v 139.622086 529.397705 193.593170
v 147.757874 461.748657 138.918945
v 139.622086 529.397705 193.593170
v 131.638351 452.128845 142.682434
v 147.757874 461.748657 138.918945
v 147.177658 531.444946 185.855499
v 139.622086 529.397705 193.593170
v 92.929535 469.724548 41.094849
v 118.279327 473.404510 27.820343
v 101.781570 454.310394 30.779205
v 92.929535 469.724548 41.094849
v 116.735046 483.989471 31.523163
v 118.279327 473.404510 27.820343
v 118.279327 473.404510 27.820343
v 116.735046 483.989471 31.523163
v 158.053558 492.719727 34.195801
v 116.735046 483.989471 31.523163
v 92.929535 469.724548 41.094849
v 117.132904 474.172302 38.614594
v 158.053558 492.719727 34.195801
v 116.735046 483.989471 31.523163
v 117.132904 474.172302 38.614594
v 92.929535 469.724548 41.094849
v 91.501350 430.910034 64.482239
v 117.132904 474.172302 38.614594
v 117.132904 474.172302 38.614594
v 118.279327 473.404510 27.820343
v 158.053558 492.719727 34.195801
v 95.258438 405.410858 59.397491
v 117.132904 474.172302 38.614594
v 91.501350 430.910034 64.482239
v 101.781570 454.310394 30.779205
v 118.279327 473.404510 27.820343
v 117.132904 474.172302 38.614594
v 101.781570 454.310394 30.779205
v 117.132904 474.172302 38.614594
v 95.258438 405.410858 59.397491
v -63.651249 523.865051 150.494263
v -62.572048 455.640564 155.817200
v -51.510483 466.683716 158.247375
v -62.572048 455.640564 155.817200
v -63.651249 523.865051 150.494263
v -83.756950 559.350647 146.458069
v -63.651249 523.865051 150.494263
v -71.534386 572.284363 131.556885
v -83.756950 559.350647 146.458069
v -83.756950 559.350647 146.458069
v -71.534386 572.284363 131.556885
v -95.801826 592.648193 124.171814
v -101.432220 555.269226 134.132874
v -62.572048 455.640564 155.817200
v -83.756950 559.350647 146.458069
v -101.432220 555.269226 134.132874
v -83.756950 559.350647 146.458069
v -95.801826 592.648193 124.171814
v -62.572048 455.640564 155.817200
v -101.432220 555.269226 134.132874
v -72.050316 489.440125 138.822815
v -80.798073 501.735443 126.963165
v -72.050316 489.440125 138.822815
v -101.432220 555.269226 134.132874
v -146.319489 593.003784 94.649384
v -101.432220 555.269226 134.132874
v -95.801826 592.648193 124.171814
v -101.432220 555.269226 134.132874
v -96.975304 551.859802 108.629761
v -80.798073 501.735443 126.963165
v -74.404388 506.200317 114.774414
v -80.798073 501.735443 126.963165
v -96.975304 551.859802 108.629761
v -65.240730 507.741150 112.062073
v -74.404388 506.200317 114.774414
v -96.975304 551.859802 108.629761
v -68.690697 534.321655 114.798309
v -65.240730 507.741150 112.062073
v -96.975304 551.859802 108.629761
v -146.319489 593.003784 94.649384
v -123.576935 568.616089 109.761627
v -101.432220 555.269226 134.132874
v -101.432220 555.269226 134.132874
v -123.576935 568.616089 109.761627
v -96.975304 551.859802 108.629761
v -146.319489 593.003784 94.649384
v -146.168884 566.246887 102.563416
v -123.576935 568.616089 109.761627
v -93.242668 577.042542 100.887299
v -68.690697 534.321655 114.798309
v -96.975304 551.859802 108.629761
v -70.824081 560.358459 113.556488
v -68.690697 534.321655 114.798309
v -93.242668 577.042542 100.887299
v -144.340988 556.174072 87.255219
v -96.975304 551.859802 108.629761
v -123.576935 568.616089 109.761627
v -144.340988 556.174072 87.255219
v -123.576935 568.616089 109.761627
v -146.168884 566.246887 102.563416
v -86.067116 586.618896 111.516418
v -70.824081 560.358459 113.556488
v -93.242668 577.042542 100.887299
v -70.824081 560.358459 113.556488
v -86.067116 586.618896 111.516418
v -71.534386 572.284363 131.556885
v -71.534386 572.284363 131.556885
v -86.067116 586.618896 111.516418
v -95.801826 592.648193 124.171814
v -95.801826 592.648193 124.171814
v -86.067116 586.618896 111.516418
v -119.499100 599.440186 89.759125
v -119.499100 599.440186 89.759125
v -86.067116 586.618896 111.516418
v -93.242668 577.042542 100.887299
v -95.801826 592.648193 124.171814
v -119.499100 599.440186 89.759125
v -146.319489 593.003784 94.649384
v -93.242668 577.042542 100.887299
v -96.975304 551.859802 108.629761
v -131.335373 576.704041 78.557648
v -119.499100 599.440186 89.759125
v -93.242668 577.042542 100.887299
v -131.335373 576.704041 78.557648
v -131.335373 576.704041 78.557648
v -96.975304 551.859802 108.629761
v -144.340988 556.174072 87.255219
v -119.499100 599.440186 89.759125
v -141.384872 593.679016 82.734344
v -146.319489 593.003784 94.649384
v -131.335373 576.704041 78.557648
v -141.384872 593.679016 82.734344
v -119.499100 599.440186 89.759125
v -146.319489 593.003784 94.649384
v -141.384872 593.679016 82.734344
v -228.610687 631.685303 60.589294
v -141.384872 593.679016 82.734344
v -131.335373 576.704041 78.557648
v -230.723236 625.299622 48.415222
v -141.384872 593.679016 82.734344
v -230.723236 625.299622 48.415222
v -228.610687 631.685303 60.589294
v -131.335373 576.704041 78.557648
v -144.340988 556.174072 87.255219
v -230.723236 625.299622 48.415222
v -336.634033 766.538757 42.958252
v -228.610687 631.685303 60.589294
v -230.723236 625.299622 48.415222
v -144.340988 556.174072 87.255219
v -241.783676 614.766602 53.343750
v -230.723236 625.299622 48.415222
v -336.634033 766.538757 42.958252
v -230.723236 625.299622 48.415222
v -241.783676 614.766602 53.343750
v -144.340988 556.174072 87.255219
v -146.168884 566.246887 102.563416
v -241.783676 614.766602 53.343750
v -336.634033 766.538757 42.958252
v -241.783676 614.766602 53.343750
v -238.987411 626.836548 64.191345
v -146.168884 566.246887 102.563416
v -238.987411 626.836548 64.191345
v -241.783676 614.766602 53.343750
v -238.987411 626.836548 64.191345
v -146.168884 566.246887 102.563416
v -146.319489 593.003784 94.649384
v -336.634033 766.538757 42.958252
v -238.987411 626.836548 64.191345
v -228.610687 631.685303 60.589294
v -228.610687 631.685303 60.589294
v -238.987411 626.836548 64.191345
v -146.319489 593.003784 94.649384
v -94.122314 10.389511 28.050362
v -93.267365 56.264473 18.567924
v -126.575050 3.481941 71.351700
v -120.683388 0.000046 105.766289
v -126.575050 3.481941 71.351700
v -180.671844 0.000038 91.257553
v -93.267365 56.264473 18.567924
v -131.652252 89.858902 47.253708
v -126.575050 3.481941 71.351700
v -93.267365 56.264473 18.567924
v -83.277687 92.805954 24.181015
v -131.652252 89.858902 47.253708
v -126.575050 3.481941 71.351700
v -166.011642 5.651474 78.978958
v -180.671844 0.000038 91.257553
v -126.575050 3.481941 71.351700
v -131.652252 89.858902 47.253708
v -166.011642 5.651474 78.978958
v -180.671844 0.000038 91.257553
v -166.011642 5.651474 78.978958
v -172.624939 11.077480 41.145309
v -180.671844 0.000038 91.257553
v -172.624939 11.077480 41.145309
v -184.357620 0.000042 2.130103
v -166.011642 5.651474 78.978958
v -131.652252 89.858902 47.253708
v -151.333771 58.569920 51.377735
v -166.011642 5.651474 78.978958
v -151.333771 58.569920 51.377735
v -172.624939 11.077480 41.145309
v -131.652252 89.858902 47.253708
v -83.277687 92.805954 24.181015
v -101.661095 130.479309 9.023933
v -79.011940 151.722687 10.136292
v -101.661095 130.479309 9.023933
v -83.277687 92.805954 24.181015
v -84.803566 165.501343 -38.032547
v -101.661095 130.479309 9.023933
v -79.011940 151.722687 10.136292
v -142.438004 103.480782 44.591789
v -151.333771 58.569920 51.377735
v -131.652252 89.858902 47.253708
v -142.438004 103.480782 44.591789
v -131.652252 89.858902 47.253708
v -101.661095 130.479309 9.023933
v -158.603134 75.023605 21.233234
v -172.624939 11.077480 41.145309
v -151.333771 58.569920 51.377735
v -151.333771 58.569920 51.377735
v -142.438004 103.480782 44.591789
v -158.603134 75.023605 21.233234
v -172.624939 11.077480 41.145309
v -155.643646 12.570484 7.281618
v -184.357620 0.000042 2.130103
v -172.624939 11.077480 41.145309
v -158.603134 75.023605 21.233234
v -155.643646 12.570484 7.281618
v -155.643646 12.570484 7.281618
v -145.948761 0.160398 -22.969168
v -184.357620 0.000042 2.130103
v -155.643646 12.570484 7.281618
v -100.361534 37.037983 -30.108341
v -145.948761 0.160398 -22.969168
v -101.661095 130.479309 9.023933
v -150.241348 105.217117 22.661911
v -142.438004 103.480782 44.591789
v -150.241348 105.217117 22.661911
v -158.603134 75.023605 21.233234
v -142.438004 103.480782 44.591789
v -101.661095 130.479309 9.023933
v -116.301010 121.857498 -22.297668
v -150.241348 105.217117 22.661911
v -150.241348 105.217117 22.661911
v -116.301010 121.857498 -22.297668
v -158.603134 75.023605 21.233234
v -116.301010 121.857498 -22.297668
v -101.661095 130.479309 9.023933
v -84.803566 165.501343 -38.032547
v -125.781044 63.085453 -14.007465
v -155.643646 12.570484 7.281618
v -158.603134 75.023605 21.233234
v -125.781044 63.085453 -14.007465
v -100.361534 37.037983 -30.108341
v -155.643646 12.570484 7.281618
v -158.603134 75.023605 21.233234
v -116.301010 121.857498 -22.297668
v -111.760880 92.618561 -39.824448
v -125.781044 63.085453 -14.007465
v -158.603134 75.023605 21.233234
v -111.760880 92.618561 -39.824448
v -116.301010 121.857498 -22.297668
v -84.803566 165.501343 -38.032547
v -111.760880 92.618561 -39.824448
v -100.361534 37.037983 -30.108341
v -125.781044 63.085453 -14.007465
v -111.760880 92.618561 -39.824448
v -111.760880 92.618561 -39.824448
v -84.803566 165.501343 -38.032547
v -93.641716 95.637985 -48.963730
v -93.641716 95.637985 -48.963730
v -100.361534 37.037983 -30.108341
v -111.760880 92.618561 -39.824448
v -80.216805 489.615295 310.420532
v -83.018860 491.878632 311.459290
v -81.255524 491.878662 307.618439
v -83.018860 494.354340 311.459290
v -81.255524 491.878662 307.618439
v -83.018860 491.878632 311.459290
v -81.255524 491.878662 307.618439
v -83.018860 494.354340 311.459290
v -81.255524 494.354309 307.618439
v -81.255524 494.354309 307.618439
v -83.018860 494.354340 311.459290
v -80.216805 496.617676 310.420532
v -80.216805 489.615295 310.420532
v -79.178131 491.878662 313.222595
v -83.018860 491.878632 311.459290
v -83.018860 494.354340 311.459290
v -83.018860 491.878632 311.459290
v -79.178131 491.878662 313.222595
v -79.178131 494.354309 313.222595
v -83.018860 494.354340 311.459290
v -79.178131 491.878662 313.222595
v -80.216805 496.617676 310.420532
v -83.018860 494.354340 311.459290
v -79.178131 494.354309 313.222595
v -80.216805 496.617676 310.420532
v -79.178131 494.354309 313.222595
v -77.414734 494.354309 309.381836
v -79.178131 491.878662 313.222595
v -77.414734 494.354309 309.381836
v -79.178131 494.354309 313.222595
v -77.414734 494.354309 309.381836
v -79.178131 491.878662 313.222595
v -77.414734 491.878632 309.381836
v -77.414734 491.878632 309.381836
v -79.178131 491.878662 313.222595
v -80.216805 489.615295 310.420532
v -81.255524 494.354309 307.618439
v -80.216805 496.617676 310.420532
v -77.414734 494.354309 309.381836
v -81.255524 491.878662 307.618439
v -81.255524 494.354309 307.618439
v -77.414734 494.354309 309.381836
v -77.414734 491.878632 309.381836
v -80.216805 489.615295 310.420532
v -81.255524 491.878662 307.618439
v -77.414734 491.878632 309.381836
v -81.255524 491.878662 307.618439
v -77.414734 494.354309 309.381836
v -71.427361 369.502319 -178.995285
v -74.068176 371.703125 -180.207657
v -70.214905 371.703125 -181.636093
v -74.068176 371.703125 -180.207657
v -74.068176 374.110413 -180.207672
v -70.214905 371.703125 -181.636093
v -70.214905 371.703125 -181.636093
v -74.068176 374.110413 -180.207672
v -70.214905 374.110413 -181.636108
v -70.214905 374.110413 -181.636108
v -74.068176 374.110413 -180.207672
v -71.427361 376.311249 -178.995255
v -71.427361 369.502319 -178.995285
v -72.639832 371.703125 -176.354477
v -74.068176 371.703125 -180.207657
v -72.639832 371.703125 -176.354477
v -74.068176 374.110413 -180.207672
v -74.068176 371.703125 -180.207657
v -72.639832 371.703125 -176.354477
v -72.639832 374.110413 -176.354462
v -74.068176 374.110413 -180.207672
v -71.427361 376.311249 -178.995255
v -74.068176 374.110413 -180.207672
v -72.639832 374.110413 -176.354462
v -71.427361 376.311249 -178.995255
v -72.639832 374.110413 -176.354462
v -68.786545 374.110413 -177.782806
v -72.639832 371.703125 -176.354477
v -68.786545 374.110413 -177.782806
v -72.639832 374.110413 -176.354462
v -68.786545 374.110413 -177.782806
v -72.639832 371.703125 -176.354477
v -68.786545 371.703125 -177.782822
v -68.786545 371.703125 -177.782822
v -72.639832 371.703125 -176.354477
v -71.427361 369.502319 -178.995285
v -70.214905 374.110413 -181.636108
v -71.427361 376.311249 -178.995255
v -68.786545 374.110413 -177.782806
v -68.786545 374.110413 -177.782806
v -70.214905 371.703125 -181.636093
v -70.214905 374.110413 -181.636108
v -68.786545 371.703125 -177.782822
v -71.427361 369.502319 -178.995285
v -70.214905 371.703125 -181.636093
v -68.786545 374.110413 -177.782806
v -68.786545 371.703125 -177.782822
v -70.214905 371.703125 -181.636093
v 223.546051 433.014343 105.404861
v 226.836487 436.044189 107.679825
v 221.270966 436.044189 108.695267
v 226.836487 439.358185 107.679825
v 221.270966 436.044189 108.695267
v 226.836487 436.044189 107.679825
v 226.836487 439.358185 107.679825
v 221.270966 439.358185 108.695267
v 221.270966 436.044189 108.695267
v 221.270966 439.358185 108.695267
v 226.836487 439.358185 107.679825
v 223.546051 442.387878 105.404861
v 223.546051 433.014343 105.404861
v 225.821152 436.044220 102.114426
v 226.836487 436.044189 107.679825
v 225.821152 436.044220 102.114426
v 226.836487 439.358185 107.679825
v 226.836487 436.044189 107.679825
v 223.546051 442.387878 105.404861
v 226.836487 439.358185 107.679825
v 225.821152 439.358185 102.114426
v 226.836487 439.358185 107.679825
v 225.821152 436.044220 102.114426
v 225.821152 439.358185 102.114426
v 221.270966 439.358185 108.695267
v 223.546051 442.387878 105.404861
v 220.255615 439.358215 103.129776
v 220.255615 436.044189 103.129776
v 221.270966 439.358185 108.695267
v 220.255615 439.358215 103.129776
v 221.270966 439.358185 108.695267
v 220.255615 436.044189 103.129776
v 221.270966 436.044189 108.695267
v 220.255615 436.044189 103.129776
v 223.546051 433.014343 105.404861
v 221.270966 436.044189 108.695267
v 223.546051 442.387878 105.404861
v 225.821152 439.358185 102.114426
v 220.255615 439.358215 103.129776
v 225.821152 436.044220 102.114426
v 220.255615 439.358215 103.129776
v 225.821152 439.358185 102.114426
v 220.255615 436.044189 103.129776
v 225.821152 436.044220 102.114426
v 223.546051 433.014343 105.404861
v 225.821152 436.044220 102.114426
v 220.255615 436.044189 103.129776
v 220.255615 439.358215 103.129776
v -66.955391 452.586365 230.849579
v -70.005966 455.617584 233.440338
v -69.546143 455.617554 227.798920
v -70.005966 455.617584 233.440338
v -69.546143 458.933228 227.798920
v -69.546143 455.617554 227.798920
v -69.546143 458.933228 227.798920
v -70.005966 455.617584 233.440338
v -70.005966 458.933228 233.440338
v -69.546143 458.933228 227.798920
v -70.005966 458.933228 233.440338
v -66.955391 461.964417 230.849579
v -64.364670 455.617554 233.900238
v -70.005966 455.617584 233.440338
v -66.955391 452.586365 230.849579
v -64.364670 458.933228 233.900238
v -70.005966 455.617584 233.440338
v -64.364670 455.617554 233.900238
v -64.364670 458.933228 233.900238
v -70.005966 458.933228 233.440338
v -70.005966 455.617584 233.440338
v -70.005966 458.933228 233.440338
v -64.364670 458.933228 233.900238
v -66.955391 461.964417 230.849579
v -66.955391 461.964417 230.849579
v -64.364670 458.933228 233.900238
v -63.904720 458.933197 228.258850
v -64.364670 455.617554 233.900238
v -63.904720 458.933197 228.258850
v -64.364670 458.933228 233.900238
v -63.904720 458.933197 228.258850
v -64.364670 455.617554 233.900238
v -63.904720 455.617554 228.258850
v -64.364670 455.617554 233.900238
v -66.955391 452.586365 230.849579
v -63.904720 455.617554 228.258850
v -69.546143 458.933228 227.798920
v -66.955391 461.964417 230.849579
v -63.904720 458.933197 228.258850
v -69.546143 455.617554 227.798920
v -69.546143 458.933228 227.798920
v -63.904720 458.933197 228.258850
v -66.955391 452.586365 230.849579
v -69.546143 455.617554 227.798920
v -63.904720 455.617554 228.258850
v -63.904720 455.617554 228.258850
v -69.546143 455.617554 227.798920
v -63.904720 458.933197 228.258850
v 164.867767 358.062958 -297.696533
v 162.846130 361.094177 -301.150757
v 168.321960 361.094177 -299.718201
v 162.846130 364.409851 -301.150757
v 168.321960 361.094177 -299.718201
v 162.846130 361.094177 -301.150757
v 168.321960 361.094177 -299.718201
v 162.846130 364.409851 -301.150757
v 168.321960 364.409851 -299.718170
v 168.321960 364.409851 -299.718170
v 162.846130 364.409851 -301.150757
v 164.867767 367.441040 -297.696594
v 161.413574 361.094177 -295.674896
v 162.846130 361.094177 -301.150757
v 164.867767 358.062958 -297.696533
v 161.413574 364.409851 -295.674927
v 162.846130 361.094177 -301.150757
v 161.413574 361.094177 -295.674896
v 162.846130 361.094177 -301.150757
v 161.413574 364.409851 -295.674927
v 162.846130 364.409851 -301.150757
v 162.846130 364.409851 -301.150757
v 161.413574 364.409851 -295.674927
v 164.867767 367.441040 -297.696594
v 164.867767 367.441040 -297.696594
v 161.413574 364.409851 -295.674927
v 166.889435 364.409851 -294.242462
v 161.413574 364.409851 -295.674927
v 166.889435 361.094177 -294.242432
v 166.889435 364.409851 -294.242462
v 166.889435 361.094177 -294.242432
v 161.413574 364.409851 -295.674927
v 161.413574 361.094177 -295.674896
v 161.413574 361.094177 -295.674896
v 164.867767 358.062958 -297.696533
v 166.889435 361.094177 -294.242432
v 168.321960 364.409851 -299.718170
v 164.867767 367.441040 -297.696594
v 166.889435 364.409851 -294.242462
v 166.889435 364.409851 -294.242462
v 168.321960 361.094177 -299.718201
v 168.321960 364.409851 -299.718170
v 164.867767 358.062958 -297.696533
v 168.321960 361.094177 -299.718201
v 166.889435 361.094177 -294.242432
v 166.889435 364.409851 -294.242462
v 166.889435 361.094177 -294.242432
v 168.321960 361.094177 -299.718201
v 127.602554 471.253540 247.924652
v 129.217865 473.675476 250.684601
v 124.842636 473.675476 249.539917
v 129.217865 476.324707 250.684601
v 124.842636 473.675476 249.539917
v 129.217865 473.675476 250.684601
v 129.217865 476.324707 250.684601
v 124.842636 476.324707 249.539917
v 124.842636 473.675476 249.539917
v 124.842636 476.324707 249.539917
v 129.217865 476.324707 250.684601
v 127.602554 478.746704 247.924652
v 127.602554 471.253540 247.924652
v 130.362503 473.675507 246.309357
v 129.217865 473.675476 250.684601
v 129.217865 473.675476 250.684601
v 130.362503 473.675507 246.309357
v 129.217865 476.324707 250.684601
v 129.217865 476.324707 250.684601
v 130.362503 473.675507 246.309357
v 130.362503 476.324738 246.309357
v 127.602554 478.746704 247.924652
v 129.217865 476.324707 250.684601
v 130.362503 476.324738 246.309357
v 127.602554 478.746704 247.924652
v 130.362503 476.324738 246.309357
v 125.987236 476.324707 245.164764
v 130.362503 473.675507 246.309357
v 125.987236 476.324707 245.164764
v 130.362503 476.324738 246.309357
v 125.987236 476.324707 245.164764
v 130.362503 473.675507 246.309357
v 125.987236 473.675476 245.164764
v 130.362503 473.675507 246.309357
v 127.602554 471.253540 247.924652
v 125.987236 473.675476 245.164764
v 124.842636 476.324707 249.539917
v 127.602554 478.746704 247.924652
v 125.987236 476.324707 245.164764
v 124.842636 476.324707 249.539917
v 125.987236 476.324707 245.164764
v 124.842636 473.675476 249.539917
v 127.602554 471.253540 247.924652
v 124.842636 473.675476 249.539917
v 125.987236 473.675476 245.164764
v 124.842636 473.675476 249.539917
v 125.987236 476.324707 245.164764
v 125.987236 473.675476 245.164764
v 91.734947 297.725403 87.098724
v 88.837677 310.642517 71.275589
v 106.909119 335.456604 95.643372
v 131.157974 359.812805 121.858047
v 91.734947 297.725403 87.098724
v 106.909119 335.456604 95.643372
v 74.236336 332.968658 80.883789
v 106.909119 335.456604 95.643372
v 88.837677 310.642517 71.275589
v 131.157974 359.812805 121.858047
v 106.909119 335.456604 95.643372
v 142.453415 427.973511 120.055237
v 106.774017 389.347534 103.422760
v 106.909119 335.456604 95.643372
v 74.236336 332.968658 80.883789
v 142.453415 427.973511 120.055237
v 106.909119 335.456604 95.643372
v 106.774017 389.347534 103.422760
v 74.236336 332.968658 80.883789
v 72.560837 361.902649 99.868347
v 106.774017 389.347534 103.422760
v 164.002396 490.901337 116.809418
v 142.453415 427.973511 120.055237
v 106.774017 389.347534 103.422760
v 164.002396 490.901337 116.809418
v 160.767548 479.883728 134.762390
v 142.453415 427.973511 120.055237
v 223.371582 542.752930 132.623962
v 160.767548 479.883728 134.762390
v 164.002396 490.901337 116.809418
v 106.774017 389.347534 103.422760
v 72.560837 361.902649 99.868347
v 106.642212 390.481628 129.612152
v 72.560837 361.902649 99.868347
v 82.715378 355.187958 124.970398
v 106.642212 390.481628 129.612152
v 221.175278 547.725891 111.644287
v 223.371582 542.752930 132.623962
v 164.002396 490.901337 116.809418
v 244.141174 602.359009 79.457581
v 223.371582 542.752930 132.623962
v 221.175278 547.725891 111.644287
v 234.468506 607.041687 63.618225
v 244.141174 602.359009 79.457581
v 221.175278 547.725891 111.644287
v 234.468506 607.041687 63.618225
v 279.853088 728.906982 84.322205
v 244.141174 602.359009 79.457581
v 164.002396 490.901337 116.809418
v 209.607056 560.135071 109.885468
v 221.175278 547.725891 111.644287
v 234.468506 607.041687 63.618225
v 221.175278 547.725891 111.644287
v 209.607056 560.135071 109.885468
v 224.590179 608.450134 74.590149
v 279.853088 728.906982 84.322205
v 234.468506 607.041687 63.618225
v 224.590179 608.450134 74.590149
v 234.468506 607.041687 63.618225
v 209.607056 560.135071 109.885468
v 224.590179 608.450134 74.590149
v 231.914276 612.033691 86.170776
v 279.853088 728.906982 84.322205
v 244.141174 602.359009 79.457581
v 279.853088 728.906982 84.322205
v 231.914276 612.033691 86.170776
v 209.607056 560.135071 109.885468
v 207.848694 562.551147 128.830078
v 224.590179 608.450134 74.590149
v 224.590179 608.450134 74.590149
v 207.848694 562.551147 128.830078
v 231.914276 612.033691 86.170776
v 140.682510 500.508301 113.316986
v 209.607056 560.135071 109.885468
v 164.002396 490.901337 116.809418
v 140.682510 500.508301 113.316986
v 207.848694 562.551147 128.830078
v 209.607056 560.135071 109.885468
v 106.774017 389.347534 103.422760
v 140.682510 500.508301 113.316986
v 164.002396 490.901337 116.809418
v 244.141174 602.359009 79.457581
v 231.914276 612.033691 86.170776
v 217.847870 563.075562 134.557739
v 207.848694 562.551147 128.830078
v 217.847870 563.075562 134.557739
v 231.914276 612.033691 86.170776
v 223.371582 542.752930 132.623962
v 244.141174 602.359009 79.457581
v 217.847870 563.075562 134.557739
v 207.848694 562.551147 128.830078
v 140.682510 500.508301 113.316986
v 137.688934 507.604523 125.373444
v 137.688934 507.604523 125.373444
v 217.847870 563.075562 134.557739
v 207.848694 562.551147 128.830078
v 106.774017 389.347534 103.422760
v 119.577835 460.732880 118.993683
v 140.682510 500.508301 113.316986
v 137.688934 507.604523 125.373444
v 140.682510 500.508301 113.316986
v 119.577835 460.732880 118.993683
v 119.577835 460.732880 118.993683
v 106.774017 389.347534 103.422760
v 106.642212 390.481628 129.612152
v 137.688934 507.604523 125.373444
v 119.577835 460.732880 118.993683
v 134.955093 499.229614 133.763092
v 137.688934 507.604523 125.373444
v 134.955093 499.229614 133.763092
v 217.847870 563.075562 134.557739
v 119.577835 460.732880 118.993683
v 106.642212 390.481628 129.612152
v 120.726074 462.251221 137.467773
v 120.726074 462.251221 137.467773
v 106.642212 390.481628 129.612152
v 131.638351 452.128845 142.682434
v 217.847870 563.075562 134.557739
v 134.955093 499.229614 133.763092
v 189.562195 524.902649 141.896301
v 217.847870 563.075562 134.557739
v 189.562195 524.902649 141.896301
v 223.371582 542.752930 132.623962
v 134.955093 499.229614 133.763092
v 147.824997 489.099548 139.562439
v 189.562195 524.902649 141.896301
v 160.767548 479.883728 134.762390
v 223.371582 542.752930 132.623962
v 189.562195 524.902649 141.896301
v 147.824997 489.099548 139.562439
v 160.767548 479.883728 134.762390
v 189.562195 524.902649 141.896301
v 160.767548 479.883728 134.762390
v 147.824997 489.099548 139.562439
v 147.757874 461.748657 138.918945
v 142.453415 427.973511 120.055237
v 160.767548 479.883728 134.762390
v 147.757874 461.748657 138.918945
v 142.453415 427.973511 120.055237
v 147.757874 461.748657 138.918945
v 126.821533 395.835449 136.813599
v 126.821533 395.835449 136.813599
v 147.757874 461.748657 138.918945
v 131.638351 452.128845 142.682434
v 131.638351 452.128845 142.682434
v 106.642212 390.481628 129.612152
v 126.821533 395.835449 136.813599
v 142.453415 427.973511 120.055237
v 126.821533 395.835449 136.813599
v 131.157974 359.812805 121.858047
v 101.304901 326.823120 125.087143
v 126.821533 395.835449 136.813599
v 106.642212 390.481628 129.612152
v 101.304901 326.823120 125.087143
v 131.157974 359.812805 121.858047
v 126.821533 395.835449 136.813599
v 106.642212 390.481628 129.612152
v 82.715378 355.187958 124.970398
v 101.304901 326.823120 125.087143
v 91.734947 297.725403 87.098724
v 131.157974 359.812805 121.858047
v 101.304901 326.823120 125.087143
v 82.715378 355.187958 124.970398
v 78.292114 303.211700 113.376984
v 101.304901 326.823120 125.087143
v 91.734947 297.725403 87.098724
v 101.304901 326.823120 125.087143
v 78.323700 268.981171 83.880066
v 101.304901 326.823120 125.087143
v 78.292114 303.211700 113.376984
v 78.323700 268.981171 83.880066
v -243.342972 433.753143 337.537109
v -246.134460 436.761017 340.361877
v -246.167786 436.761047 334.745514
v -240.518188 436.761047 340.328644
v -246.134460 436.761017 340.361877
v -243.342972 433.753143 337.537109
v -246.134460 440.051086 340.361877
v -246.167786 436.761047 334.745514
v -246.134460 436.761017 340.361877
v -240.518188 436.761047 340.328644
v -246.134460 440.051086 340.361877
v -246.134460 436.761017 340.361877
v -246.167786 436.761047 334.745514
v -246.134460 440.051086 340.361877
v -246.167786 440.051086 334.745514
v -246.134460 440.051086 340.361877
v -240.518188 436.761047 340.328644
v -240.518188 440.051086 340.328644
v -246.167786 440.051086 334.745514
v -246.134460 440.051086 340.361877
v -243.342972 443.058929 337.537109
v -246.134460 440.051086 340.361877
v -240.518188 440.051086 340.328644
v -243.342972 443.058929 337.537109
v -246.167786 440.051086 334.745514
v -243.342972 443.058929 337.537109
v -240.551407 440.051086 334.712280
v -243.342972 443.058929 337.537109
v -240.518188 440.051086 340.328644
v -240.551407 440.051086 334.712280
v -246.167786 436.761047 334.745514
v -246.167786 440.051086 334.745514
v -240.551407 440.051086 334.712280
v -240.518188 436.761047 340.328644
v -240.551407 440.051086 334.712280
v -240.518188 440.051086 340.328644
v -240.551407 436.760986 334.712280
v -246.167786 436.761047 334.745514
v -240.551407 440.051086 334.712280
v -240.551407 440.051086 334.712280
v -240.518188 436.761047 340.328644
v -240.551407 436.760986 334.712280
v -240.551407 436.760986 334.712280
v -243.342972 433.753143 337.537109
v -246.167786 436.761047 334.745514
v -240.551407 436.760986 334.712280
v -240.518188 436.761047 340.328644
v -243.342972 433.753143 337.537109

vt 0.003296 0.275391
vt 0.274658 0.003906
vt 0.003296 0.003906
vt 0.274658 0.003906
vt 0.003296 0.275391
vt 0.274658 0.275391
vt 0.274658 0.003906
vt 0.274658 0.275391
vt 0.003296 0.003906
vt 0.003296 0.003906
vt 0.274658 0.275391
vt 0.003296 0.275391
vt 0.274658 0.275391
vt 0.003296 0.003906
vt 0.003296 0.275391
vt 0.003296 0.003906
vt 0.274658 0.275391
vt 0.274658 0.003906
vt 0.274658 0.275391
vt 0.003296 0.003906
vt 0.003296 0.275391
vt 0.003296 0.003906
vt 0.274658 0.275391
vt 0.274658 0.003906
vt 0.274658 0.275391
vt 0.003296 0.003906
vt 0.274658 0.003906
vt 0.274658 0.275391
vt 0.003296 0.275391
vt 0.003296 0.003906
vt 0.274658 0.275391
vt 0.003296 0.275391
vt 0.003296 0.003906
vt 0.274658 0.275391
vt 0.003296 0.003906
vt 0.274658 0.003906
vt 0.274658 0.003906
vt 0.003296 0.275391
vt 0.003296 0.003906
vt 0.003296 0.275391
vt 0.274658 0.003906
vt 0.274658 0.275391
vt 0.274658 0.275391
vt 0.003296 0.275391
vt 0.003296 0.003906
vt 0.274658 0.275391
vt 0.003296 0.003906
vt 0.274658 0.003906
vt 0.274658 0.003906
vt 0.003296 0.275391
vt 0.274658 0.275391
vt 0.003296 0.275391
vt 0.274658 0.003906
vt 0.003296 0.003906
vt 0.003296 0.275391
vt 0.003296 0.003906
vt 0.274658 0.275391
vt 0.003296 0.003906
vt 0.274658 0.003906
vt 0.274658 0.275391
vt 0.274658 0.275391
vt 0.003296 0.003906
vt 0.003296 0.275391
vt 0.003296 0.003906
vt 0.274658 0.275391
vt 0.274658 0.003906
vt 0.003296 0.275391
vt 0.274658 0.003906
vt 0.274658 0.275391
vt 0.274658 0.003906
vt 0.003296 0.275391
vt 0.003296 0.003906
vt 0.274658 0.275391
vt 0.274658 0.003906
vt 0.003296 0.003906
vt 0.003296 0.003906
vt 0.003296 0.275391
vt 0.274658 0.275391
vt 0.274658 0.275391
vt 0.003296 0.003906
vt 0.274658 0.003906
vt 0.003296 0.003906
vt 0.274658 0.275391
vt 0.003296 0.275391
vt 0.003296 0.275391
vt 0.274658 0.003906
vt 0.274658 0.275391
vt 0.274658 0.003906
vt 0.003296 0.275391
vt 0.003296 0.003906
vt 0.274658 0.003906
vt 0.003296 0.275391
vt 0.274658 0.275391
vt 0.003296 0.275391
vt 0.274658 0.003906
vt 0.003296 0.003906
vt 0.274658 0.003906
vt 0.003296 0.003906
vt 0.274658 0.275391
vt 0.003296 0.003906
vt 0.003296 0.275391
vt 0.274658 0.275391
vt 0.274658 0.003906
vt 0.003296 0.275391
vt 0.003296 0.003906
vt 0.003296 0.275391
vt 0.274658 0.003906
vt 0.274658 0.275391
vt 0.274658 0.275391
vt 0.003296 0.275391
vt 0.003296 0.003906
vt 0.003296 0.003906
vt 0.274658 0.003906
vt 0.274658 0.275391
vt 0.003296 0.275391
vt 0.274658 0.003906
vt 0.274658 0.275391
vt 0.274658 0.003906
vt 0.003296 0.275391
vt 0.003296 0.003906
vt 0.003296 0.275391
vt 0.274658 0.003906
vt 0.003296 0.003906
vt 0.274658 0.003906
vt 0.003296 0.275391
vt 0.274658 0.275391
vt 0.003296 0.275391
vt 0.003296 0.003906
vt 0.274658 0.275391
vt 0.003296 0.003906
vt 0.274658 0.003906
vt 0.274658 0.275391
vt 0.274658 0.275391
vt 0.274658 0.003906
vt 0.003296 0.003906
vt 0.274658 0.275391
vt 0.003296 0.003906
vt 0.003296 0.275391
vt 0.003296 0.275391
vt 0.003296 0.003906
vt 0.274658 0.275391
vt 0.003296 0.003906
vt 0.274658 0.003906
vt 0.274658 0.275391
vt 0.274658 0.275391
vt 0.274658 0.003906
vt 0.003296 0.003906
vt 0.003296 0.003906
vt 0.003296 0.275391
vt 0.274658 0.275391
vt 0.274658 0.003906
vt 0.003296 0.275391
vt 0.274658 0.275391
vt 0.003296 0.275391
vt 0.274658 0.003906
vt 0.003296 0.003906
vt 0.274658 0.003906
vt 0.003296 0.275391
vt 0.274658 0.275391
vt 0.003296 0.275391
vt 0.274658 0.003906
vt 0.003296 0.003906
vt 0.274658 0.003906
vt 0.003296 0.275391
vt 0.274658 0.275391
vt 0.003296 0.275391
vt 0.274658 0.003906
vt 0.003296 0.003906
vt 0.003296 0.003906
vt 0.274658 0.275391
vt 0.274658 0.003906
vt 0.274658 0.275391
vt 0.003296 0.003906
vt 0.003296 0.275391
vt 0.003296 0.003906
vt 0.274658 0.003906
vt 0.274658 0.275391
vt 0.003296 0.003906
vt 0.274658 0.275391
vt 0.003296 0.275391
vt 0.274658 0.003906
vt 0.003296 0.275391
vt 0.003296 0.003906
vt 0.003296 0.275391
vt 0.274658 0.003906
vt 0.274658 0.275391
vt 0.003296 0.003906
vt 0.274658 0.275391
vt 0.003296 0.275391
vt 0.274658 0.275391
vt 0.003296 0.003906
vt 0.274658 0.003906
vt 0.003296 0.275391
vt 0.274658 0.003906
vt 0.003296 0.003906
vt 0.274658 0.003906
vt 0.003296 0.275391
vt 0.274658 0.275391
vt 0.003296 0.275391
vt 0.274658 0.003906
vt 0.003296 0.003906
vt 0.274658 0.003906
vt 0.003296 0.275391
vt 0.274658 0.275391
vt 0.274658 0.275391
vt 0.003296 0.275391
vt 0.003296 0.003906
vt 0.274658 0.275391
vt 0.003296 0.003906
vt 0.274658 0.003906
vt 0.274658 0.275391
vt 0.274658 0.003906
vt 0.003296 0.003906
vt 0.274658 0.275391
vt 0.003296 0.003906
vt 0.003296 0.275391
vt 0.003296 0.275391
vt 0.274658 0.003906
vt 0.274658 0.275391
vt 0.274658 0.003906
vt 0.003296 0.275391
vt 0.003296 0.003906
vt 0.003296 0.275391
vt 0.274658 0.275391
vt 0.003296 0.003906
vt 0.274658 0.275391
vt 0.274658 0.003906
vt 0.003296 0.003906
vt 0.274658 0.003906
vt 0.274658 0.275391
vt 0.003296 0.003906
vt 0.003296 0.003906
vt 0.274658 0.275391
vt 0.003296 0.275391
vt 0.274658 0.003906
vt 0.003296 0.275391
vt 0.274658 0.275391
vt 0.003296 0.275391
vt 0.274658 0.003906
vt 0.003296 0.003906
vt 0.274658 0.003906
vt 0.003296 0.275391
vt 0.274658 0.275391
vt 0.003296 0.275391
vt 0.274658 0.003906
vt 0.003296 0.003906
vt 0.003296 0.003906
vt 0.274658 0.275391
vt 0.274658 0.003906
vt 0.274658 0.275391
vt 0.003296 0.003906
vt 0.003296 0.275391
vt 0.003296 0.275391
vt 0.274658 0.003906
vt 0.274658 0.275391
vt 0.274658 0.003906
vt 0.003296 0.275391
vt 0.003296 0.003906
vt 0.003296 0.275391
vt 0.274658 0.275391
vt 0.003296 0.003906
vt 0.274658 0.275391
vt 0.274658 0.003906
vt 0.003296 0.003906
vt 0.274658 0.003906
vt 0.003296 0.275391
vt 0.003296 0.003906
vt 0.003296 0.275391
vt 0.274658 0.003906
vt 0.274658 0.275391
vt 0.274658 0.275391
vt 0.003296 0.275391
vt 0.003296 0.003906
vt 0.274658 0.275391
vt 0.003296 0.003906
vt 0.274658 0.003906
vt 0.274658 0.003906
vt 0.003296 0.275391
vt 0.274658 0.275391
vt 0.003296 0.275391
vt 0.274658 0.003906
vt 0.003296 0.003906
vt 0.003296 0.275391
vt 0.274658 0.003906
vt 0.274658 0.275391
vt 0.274658 0.003906
vt 0.003296 0.275391
vt 0.003296 0.003906
vt 0.003296 0.275391
vt 0.274658 0.275391
vt 0.003296 0.003906
vt 0.274658 0.275391
vt 0.274658 0.003906
vt 0.003296 0.003906
vt 0.274658 0.003906
vt 0.274658 0.275391
vt 0.003296 0.003906
vt 0.003296 0.003906
vt 0.274658 0.275391
vt 0.003296 0.275391
vt 0.003296 0.275391
vt 0.274658 0.003906
vt 0.003296 0.003906
vt 0.274658 0.003906
vt 0.003296 0.275391
vt 0.274658 0.275391
vt 0.003296 0.003906
vt 0.274658 0.003906
vt 0.274658 0.275391
vt 0.003296 0.003906
vt 0.274658 0.275391
vt 0.003296 0.275391
vt 0.003296 0.003906
vt 0.003296 0.275391
vt 0.274658 0.275391
vt 0.003296 0.003906
vt 0.274658 0.275391
vt 0.274658 0.003906
vt 0.274658 0.003906
vt 0.003296 0.275391
vt 0.274658 0.275391
vt 0.003296 0.275391
vt 0.274658 0.003906
vt 0.003296 0.003906
vt 0.274658 0.003906
vt 0.003296 0.275391
vt 0.003296 0.003906
vt 0.003296 0.275391
vt 0.274658 0.003906
vt 0.274658 0.275391
vt 0.274658 0.275391
vt 0.003296 0.003906
vt 0.003296 0.275391
vt 0.003296 0.003906
vt 0.274658 0.275391
vt 0.274658 0.003906
vt 0.003296 0.275391
vt 0.003296 0.003906
vt 0.274658 0.275391
vt 0.003296 0.003906
vt 0.274658 0.003906
vt 0.274658 0.275391
vt 0.003296 0.003906
vt 0.003296 0.275391
vt 0.274658 0.275391
vt 0.003296 0.003906
vt 0.274658 0.275391
vt 0.274658 0.003906
vt 0.003296 0.275391
vt 0.003296 0.003906
vt 0.274658 0.275391
vt 0.003296 0.003906
vt 0.274658 0.003906
vt 0.274658 0.275391
vt 0.274658 0.275391
vt 0.003296 0.003906
vt 0.003296 0.275391
vt 0.003296 0.003906
vt 0.274658 0.275391
vt 0.274658 0.003906
vt 0.003296 0.275391
vt 0.274658 0.275391
vt 0.003296 0.003906
vt 0.274658 0.003906
vt 0.003296 0.003906
vt 0.274658 0.275391
vt 0.003296 0.003906
vt 0.274658 0.275391
vt 0.003296 0.275391
vt 0.274658 0.275391
vt 0.003296 0.003906
vt 0.274658 0.003906
vt 0.003296 0.275391
vt 0.274658 0.003906
vt 0.003296 0.003906
vt 0.274658 0.003906
vt 0.003296 0.275391
vt 0.274658 0.275391
vt 0.003296 0.275391
vt 0.274658 0.003906
vt 0.274658 0.275391
vt 0.274658 0.003906
vt 0.003296 0.275391
vt 0.003296 0.003906
vt 0.003296 0.275391
vt 0.274658 0.003906
vt 0.003296 0.003906
vt 0.274658 0.003906
vt 0.003296 0.275391
vt 0.274658 0.275391
vt 0.003296 0.275391
vt 0.274658 0.003906
vt 0.274658 0.275391
vt 0.274658 0.003906
vt 0.003296 0.275391
vt 0.003296 0.003906
vt 0.003296 0.275391
vt 0.003296 0.003906
vt 0.274658 0.275391
vt 0.003296 0.003906
vt 0.274658 0.003906
vt 0.274658 0.275391
vt 0.003296 0.003906
vt 0.003296 0.275391
vt 0.274658 0.275391
vt 0.274658 0.275391
vt 0.274658 0.003906
vt 0.003296 0.003906
vt 0.003296 0.275391
vt 0.274658 0.003906
vt 0.274658 0.275391
vt 0.274658 0.003906
vt 0.003296 0.275391
vt 0.003296 0.003906
vt 0.003296 0.275391
vt 0.274658 0.275391
vt 0.003296 0.003906
vt 0.274658 0.275391
vt 0.274658 0.003906
vt 0.003296 0.003906
vt 0.274658 0.003906
vt 0.003296 0.275391
vt 0.274658 0.275391
vt 0.003296 0.275391
vt 0.274658 0.003906
vt 0.003296 0.003906
vt 0.274658 0.003906
vt 0.003296 0.275391
vt 0.274658 0.275391
vt 0.003296 0.275391
vt 0.274658 0.003906
vt 0.003296 0.003906
vt 0.274658 0.003906
vt 0.003296 0.275391
vt 0.003296 0.003906
vt 0.003296 0.275391
vt 0.274658 0.003906
vt 0.274658 0.275391
vt 0.003296 0.275391
vt 0.274658 0.003906
vt 0.003296 0.003906
vt 0.274658 0.003906
vt 0.003296 0.275391
vt 0.274658 0.275391
vt 0.274658 0.003906
vt 0.274658 0.275391
vt 0.003296 0.003906
vt 0.003296 0.003906
vt 0.274658 0.275391
vt 0.003296 0.275391
vt 0.274658 0.003906
vt 0.003296 0.275391
vt 0.003296 0.003906
vt 0.003296 0.275391
vt 0.274658 0.003906
vt 0.274658 0.275391
vt 0.274658 0.003906
vt 0.003296 0.275391
vt 0.003296 0.003906
vt 0.003296 0.275391
vt 0.274658 0.003906
vt 0.274658 0.275391
vt 0.274658 0.003906
vt 0.003296 0.003906
vt 0.274658 0.275391
vt 0.003296 0.003906
vt 0.003296 0.275391
vt 0.274658 0.275391
vt 0.003296 0.275391
vt 0.274658 0.003906
vt 0.274658 0.275391
vt 0.274658 0.003906
vt 0.003296 0.275391
vt 0.003296 0.003906
vt 0.274658 0.003906
vt 0.003296 0.275391
vt 0.003296 0.003906
vt 0.003296 0.275391
vt 0.274658 0.003906
vt 0.274658 0.275391
vt 0.274658 0.003906
vt 0.003296 0.275391
vt 0.274658 0.275391
vt 0.003296 0.275391
vt 0.274658 0.003906
vt 0.003296 0.003906
vt 0.003296 0.275391
vt 0.274658 0.003906
vt 0.003296 0.003906
vt 0.274658 0.003906
vt 0.003296 0.275391
vt 0.274658 0.275391
vt 0.274658 0.275391
vt 0.003296 0.003906
vt 0.274658 0.003906
vt 0.003296 0.003906
vt 0.274658 0.275391
vt 0.003296 0.275391
vt 0.274658 0.275391
vt 0.274658 0.003906
vt 0.003296 0.003906
vt 0.274658 0.275391
vt 0.003296 0.003906
vt 0.003296 0.275391
vt 0.274658 0.003906
vt 0.003296 0.275391
vt 0.274658 0.275391
vt 0.003296 0.275391
vt 0.274658 0.003906
vt 0.003296 0.003906
vt 0.003296 0.275391
vt 0.274658 0.003906
vt 0.274658 0.275391
vt 0.274658 0.003906
vt 0.003296 0.275391
vt 0.003296 0.003906
vt 0.274658 0.003906
vt 0.003296 0.003906
vt 0.274658 0.275391
vt 0.274658 0.275391
vt 0.003296 0.003906
vt 0.003296 0.275391
vt 0.274658 0.003906
vt 0.003296 0.003906
vt 0.274658 0.275391
vt 0.003296 0.003906
vt 0.003296 0.275391
vt 0.274658 0.275391
vt 0.274658 0.275391
vt 0.003296 0.003906
vt 0.274658 0.003906
vt 0.003296 0.003906
vt 0.274658 0.275391
vt 0.003296 0.275391
vt 0.274658 0.275391
vt 0.003296 0.003906
vt 0.274658 0.003906
vt 0.003296 0.003906
vt 0.274658 0.275391
vt 0.003296 0.275391
vt 0.003296 0.275391
vt 0.274658 0.003906
vt 0.003296 0.003906
vt 0.274658 0.003906
vt 0.003296 0.275391
vt 0.274658 0.275391
vt 0.274658 0.003906
vt 0.003296 0.275391
vt 0.003296 0.003906
vt 0.003296 0.275391
vt 0.274658 0.003906
vt 0.274658 0.275391
vt 0.003296 0.275391
vt 0.274658 0.003906
vt 0.003296 0.003906
vt 0.274658 0.003906
vt 0.003296 0.275391
vt 0.274658 0.275391
vt 0.003296 0.275391
vt 0.003296 0.003906
vt 0.274658 0.275391
vt 0.003296 0.003906
vt 0.274658 0.003906
vt 0.274658 0.275391
vt 0.003296 0.003906
vt 0.003296 0.275391
vt 0.274658 0.275391
vt 0.003296 0.003906
vt 0.274658 0.275391
vt 0.274658 0.003906
vt 0.003296 0.275391
vt 0.274658 0.003906
vt 0.003296 0.003906
vt 0.274658 0.003906
vt 0.003296 0.275391
vt 0.274658 0.275391
vt 0.274658 0.003906
vt 0.003296 0.003906
vt 0.274658 0.275391
vt 0.274658 0.275391
vt 0.003296 0.003906
vt 0.003296 0.275391
vt 0.003296 0.275391
vt 0.274658 0.003906
vt 0.274658 0.275391
vt 0.274658 0.003906
vt 0.003296 0.275391
vt 0.003296 0.003906
vt 0.003296 0.275391
vt 0.274658 0.003906
vt 0.274658 0.275391
vt 0.274658 0.003906
vt 0.003296 0.275391
vt 0.003296 0.003906
vt 0.274658 0.003906
vt 0.003296 0.275391
vt 0.274658 0.275391
vt 0.003296 0.275391
vt 0.274658 0.003906
vt 0.003296 0.003906
vt 0.003296 0.003906
vt 0.274658 0.275391
vt 0.003296 0.275391
vt 0.274658 0.275391
vt 0.003296 0.003906
vt 0.274658 0.003906
vt 0.003296 0.275391
vt 0.274658 0.003906
vt 0.274658 0.275391
vt 0.274658 0.003906
vt 0.003296 0.275391
vt 0.003296 0.003906
vt 0.274658 0.003906
vt 0.274658 0.275391
vt 0.003296 0.003906
vt 0.003296 0.003906
vt 0.274658 0.275391
vt 0.003296 0.275391
vt 0.274658 0.003906
vt 0.003296 0.003906
vt 0.274658 0.275391
vt 0.003296 0.003906
vt 0.003296 0.275391
vt 0.274658 0.275391
vt 0.274658 0.275391
vt 0.003296 0.003906
vt 0.003296 0.275391
vt 0.003296 0.003906
vt 0.274658 0.275391
vt 0.274658 0.003906
vt 0.274658 0.003906
vt 0.274658 0.275391
vt 0.003296 0.003906
vt 0.003296 0.003906
vt 0.274658 0.275391
vt 0.003296 0.275391
vt 0.274658 0.275391
vt 0.003296 0.275391
vt 0.003296 0.003906
vt 0.003296 0.003906
vt 0.274658 0.003906
vt 0.274658 0.275391
vt 0.274658 0.003906
vt 0.003296 0.003906
vt 0.274658 0.275391
vt 0.003296 0.003906
vt 0.003296 0.275391
vt 0.274658 0.275391
vt 0.003296 0.275391
vt 0.274658 0.003906
vt 0.274658 0.275391
vt 0.274658 0.003906
vt 0.003296 0.275391
vt 0.003296 0.003906
vt 0.274658 0.003906
vt 0.003296 0.275391
vt 0.274658 0.275391
vt 0.003296 0.275391
vt 0.274658 0.003906
vt 0.003296 0.003906
vt 0.274658 0.003906
vt 0.003296 0.003906
vt 0.274658 0.275391
vt 0.003296 0.003906
vt 0.003296 0.275391
vt 0.274658 0.275391
vt 0.274658 0.003906
vt 0.003296 0.275391
vt 0.274658 0.275391
vt 0.003296 0.275391
vt 0.274658 0.003906
vt 0.003296 0.003906
vt 0.003296 0.275391
vt 0.274658 0.003906
vt 0.274658 0.275391
vt 0.274658 0.003906
vt 0.003296 0.275391
vt 0.003296 0.003906
vt 0.274658 0.003906
vt 0.003296 0.275391
vt 0.003296 0.003906
vt 0.003296 0.275391
vt 0.274658 0.003906
vt 0.274658 0.275391
vt 0.274658 0.003906
vt 0.003296 0.275391
vt 0.274658 0.275391
vt 0.003296 0.275391
vt 0.274658 0.003906
vt 0.003296 0.003906
vt 0.003296 0.275391
vt 0.274658 0.003906
vt 0.003296 0.003906
vt 0.274658 0.003906
vt 0.003296 0.275391
vt 0.274658 0.275391
vt 0.274658 0.003906
vt 0.003296 0.275391
vt 0.274658 0.275391
vt 0.003296 0.275391
vt 0.274658 0.003906
vt 0.003296 0.003906
vt 0.274658 0.275391
vt 0.003296 0.275391
vt 0.003296 0.003906
vt 0.003296 0.003906
vt 0.274658 0.003906
vt 0.274658 0.275391
vt 0.003296 0.275391
vt 0.003296 0.003906
vt 0.274658 0.275391
vt 0.003296 0.003906
vt 0.274658 0.003906
vt 0.274658 0.275391
vt 0.274658 0.275391
vt 0.003296 0.003906
vt 0.274658 0.003906
vt 0.003296 0.003906
vt 0.274658 0.275391
vt 0.003296 0.275391
vt 0.274658 0.003906
vt 0.003296 0.003906
vt 0.274658 0.275391
vt 0.274658 0.275391
vt 0.003296 0.003906
vt 0.003296 0.275391
vt 0.274658 0.275391
vt 0.003296 0.275391
vt 0.003296 0.003906
vt 0.274658 0.275391
vt 0.003296 0.003906
vt 0.274658 0.003906
vt 0.274658 0.003906
vt 0.003296 0.003906
vt 0.274658 0.275391
vt 0.274658 0.275391
vt 0.003296 0.003906
vt 0.003296 0.275391
vt 0.003296 0.275391
vt 0.274658 0.003906
vt 0.003296 0.003906
vt 0.274658 0.003906
vt 0.003296 0.275391
vt 0.274658 0.275391
vt 0.003296 0.275391
vt 0.274658 0.003906
vt 0.274658 0.275391
vt 0.274658 0.003906
vt 0.003296 0.275391
vt 0.003296 0.003906
vt 0.274658 0.275391
vt 0.003296 0.003906
vt 0.274658 0.003906
vt 0.003296 0.003906
vt 0.274658 0.275391
vt 0.003296 0.275391
vt 0.003296 0.275391
vt 0.274658 0.003906
vt 0.003296 0.003906
vt 0.274658 0.003906
vt 0.003296 0.275391
vt 0.274658 0.275391
vt 0.003296 0.003906
vt 0.003296 0.275391
vt 0.274658 0.275391
vt 0.274658 0.275391
vt 0.274658 0.003906
vt 0.003296 0.003906
vt 0.003296 0.275391
vt 0.274658 0.003906
vt 0.274658 0.275391
vt 0.274658 0.003906
vt 0.003296 0.275391
vt 0.003296 0.003906
vt 0.274658 0.003906
vt 0.003296 0.003906
vt 0.274658 0.275391
vt 0.003296 0.003906
vt 0.003296 0.275391
vt 0.274658 0.275391
vt 0.274658 0.003906
vt 0.003296 0.275391
vt 0.003296 0.003906
vt 0.003296 0.275391
vt 0.274658 0.003906
vt 0.274658 0.275391
vt 0.274658 0.003906
vt 0.003296 0.275391
vt 0.003296 0.003906
vt 0.003296 0.275391
vt 0.274658 0.003906
vt 0.274658 0.275391
vt 0.003296 0.275391
vt 0.274658 0.275391
vt 0.003296 0.003906
vt 0.274658 0.275391
vt 0.274658 0.003906
vt 0.003296 0.003906
vt 0.003296 0.003906
vt 0.274658 0.275391
vt 0.274658 0.003906
vt 0.274658 0.275391
vt 0.003296 0.003906
vt 0.003296 0.275391
vt 0.003296 0.275391
vt 0.274658 0.003906
vt 0.003296 0.003906
vt 0.274658 0.003906
vt 0.003296 0.275391
vt 0.274658 0.275391
vt 0.003296 0.003906
vt 0.274658 0.003906
vt 0.274658 0.275391
vt 0.003296 0.003906
vt 0.274658 0.275391
vt 0.003296 0.275391
vt 0.274658 0.275391
vt 0.003296 0.275391
vt 0.003296 0.003906
vt 0.274658 0.275391
vt 0.003296 0.003906
vt 0.274658 0.003906
vt 0.274658 0.275391
vt 0.003296 0.003906
vt 0.003296 0.275391
vt 0.003296 0.003906
vt 0.274658 0.275391
vt 0.274658 0.003906
vt 0.274658 0.275391
vt 0.003296 0.275391
vt 0.003296 0.003906
vt 0.003296 0.003906
vt 0.274658 0.003906
vt 0.274658 0.275391
vt 0.003296 0.003906
vt 0.274658 0.275391
vt 0.274658 0.003906
vt 0.274658 0.275391
vt 0.003296 0.003906
vt 0.003296 0.275391
vt 0.274658 0.003906
vt 0.274658 0.275391
vt 0.003296 0.003906
vt 0.003296 0.003906
vt 0.274658 0.275391
vt 0.003296 0.275391
vt 0.003296 0.275391
vt 0.274658 0.003906
vt 0.003296 0.003906
vt 0.274658 0.003906
vt 0.003296 0.275391
vt 0.274658 0.275391
vt 0.274658 0.275391
vt 0.003296 0.003906
vt 0.274658 0.003906
vt 0.003296 0.003906
vt 0.274658 0.275391
vt 0.003296 0.275391
vt 0.003296 0.003906
vt 0.274658 0.275391
vt 0.003296 0.275391
vt 0.274658 0.275391
vt 0.003296 0.003906
vt 0.274658 0.003906
vt 0.003296 0.275391
vt 0.274658 0.003906
vt 0.274658 0.275391
vt 0.274658 0.003906
vt 0.003296 0.275391
vt 0.003296 0.003906
vt 0.274658 0.275391
vt 0.003296 0.275391
vt 0.003296 0.003906
vt 0.003296 0.003906
vt 0.274658 0.003906
vt 0.274658 0.275391
vt 0.274658 0.275391
vt 0.003296 0.003906
vt 0.003296 0.275391
vt 0.003296 0.003906
vt 0.274658 0.275391
vt 0.274658 0.003906
vt 0.003296 0.003906
vt 0.003296 0.275391
vt 0.274658 0.275391
vt 0.003296 0.003906
vt 0.274658 0.275391
vt 0.274658 0.003906
vt 0.003296 0.275391
vt 0.003296 0.003906
vt 0.274658 0.275391
vt 0.003296 0.003906
vt 0.274658 0.003906
vt 0.274658 0.275391
vt 0.003296 0.275391
vt 0.274658 0.003906
vt 0.274658 0.275391
vt 0.274658 0.003906
vt 0.003296 0.275391
vt 0.003296 0.003906
vt 0.003296 0.003906
vt 0.003296 0.275391
vt 0.274658 0.275391
vt 0.003296 0.003906
vt 0.274658 0.275391
vt 0.274658 0.003906
vt 0.274658 0.275391
vt 0.003296 0.003906
vt 0.274658 0.003906
vt 0.003296 0.003906
vt 0.274658 0.275391
vt 0.003296 0.275391
vt 0.274658 0.003906
vt 0.003296 0.275391
vt 0.274658 0.275391
vt 0.003296 0.275391
vt 0.274658 0.003906
vt 0.003296 0.003906
vt 0.274658 0.003906
vt 0.003296 0.275391
vt 0.003296 0.003906
vt 0.003296 0.275391
vt 0.274658 0.003906
vt 0.274658 0.275391
vt 0.003296 0.003906
vt 0.003296 0.275391
vt 0.274658 0.275391
vt 0.274658 0.275391
vt 0.274658 0.003906
vt 0.003296 0.003906
vt 0.003296 0.003906
vt 0.274658 0.275391
vt 0.274658 0.003906
vt 0.274658 0.275391
vt 0.003296 0.003906
vt 0.003296 0.275391
vt 0.003296 0.275391
vt 0.274658 0.003906
vt 0.003296 0.003906
vt 0.274658 0.003906
vt 0.003296 0.275391
vt 0.274658 0.275391
vt 0.003296 0.003906
vt 0.274658 0.275391
vt 0.003296 0.275391
vt 0.274658 0.275391
vt 0.003296 0.003906
vt 0.274658 0.003906
vt 0.274658 0.275391
vt 0.003296 0.003906
vt 0.003296 0.275391
vt 0.003296 0.003906
vt 0.274658 0.275391
vt 0.274658 0.003906
vt 0.003296 0.275391
vt 0.274658 0.003906
vt 0.274658 0.275391
vt 0.274658 0.003906
vt 0.003296 0.275391
vt 0.003296 0.003906
vt 0.274658 0.003906
vt 0.003296 0.275391
vt 0.003296 0.003906
vt 0.003296 0.275391
vt 0.274658 0.003906
vt 0.274658 0.275391
vt 0.003296 0.275391
vt 0.003296 0.003906
vt 0.274658 0.275391
vt 0.003296 0.003906
vt 0.274658 0.003906
vt 0.274658 0.275391
vt 0.003296 0.275391
vt 0.274658 0.003906
vt 0.003296 0.003906
vt 0.274658 0.003906
vt 0.003296 0.275391
vt 0.274658 0.275391
vt 0.003296 0.275391
vt 0.274658 0.003906
vt 0.274658 0.275391
vt 0.274658 0.003906
vt 0.003296 0.275391
vt 0.003296 0.003906
vt 0.274658 0.275391
vt 0.003296 0.003906
vt 0.274658 0.003906
vt 0.003296 0.003906
vt 0.274658 0.275391
vt 0.003296 0.275391
vt 0.003296 0.003906
vt 0.003296 0.275391
vt 0.274658 0.275391
vt 0.003296 0.003906
vt 0.274658 0.275391
vt 0.274658 0.003906
vt 0.274658 0.275391
vt 0.003296 0.003906
vt 0.003296 0.275391
vt 0.003296 0.003906
vt 0.274658 0.275391
vt 0.274658 0.003906
vt 0.274658 0.003906
vt 0.003296 0.275391
vt 0.003296 0.003906
vt 0.003296 0.275391
vt 0.274658 0.003906
vt 0.274658 0.275391
vt 0.003296 0.275391
vt 0.274658 0.003906
vt 0.003296 0.003906
vt 0.274658 0.003906
vt 0.003296 0.275391
vt 0.274658 0.275391
vt 0.274658 0.003906
vt 0.274658 0.275391
vt 0.003296 0.003906
vt 0.003296 0.003906
vt 0.274658 0.275391
vt 0.003296 0.275391
vt 0.003296 0.003906
vt 0.274658 0.275391
vt 0.274658 0.003906
vt 0.274658 0.275391
vt 0.003296 0.003906
vt 0.003296 0.275391
vt 0.274658 0.003906
vt 0.003296 0.275391
vt 0.003296 0.003906
vt 0.003296 0.275391
vt 0.274658 0.003906
vt 0.274658 0.275391
vt 0.003296 0.275391
vt 0.274658 0.003906
vt 0.003296 0.003906
vt 0.274658 0.003906
vt 0.003296 0.275391
vt 0.274658 0.275391
vt 0.274658 0.003906
vt 0.003296 0.275391
vt 0.003296 0.003906
vt 0.003296 0.275391
vt 0.274658 0.003906
vt 0.274658 0.275391
vt 0.274658 0.003906
vt 0.003296 0.275391
vt 0.274658 0.275391
vt 0.003296 0.275391
vt 0.274658 0.003906
vt 0.003296 0.003906
vt 0.003296 0.275391
vt 0.003296 0.003906
vt 0.274658 0.275391
vt 0.003296 0.003906
vt 0.274658 0.003906
vt 0.274658 0.275391
vt 0.274658 0.275391
vt 0.274658 0.003906
vt 0.003296 0.003906
vt 0.003296 0.003906
vt 0.003296 0.275391
vt 0.274658 0.275391
vt 0.003296 0.275391
vt 0.274658 0.003906
vt 0.274658 0.275391
vt 0.274658 0.003906
vt 0.003296 0.275391
vt 0.003296 0.003906
vt 0.003296 0.275391
vt 0.274658 0.003906
vt 0.003296 0.003906
vt 0.274658 0.003906
vt 0.003296 0.275391
vt 0.274658 0.275391
vt 0.274658 0.003906
vt 0.274658 0.275391
vt 0.003296 0.003906
vt 0.003296 0.003906
vt 0.274658 0.275391
vt 0.003296 0.275391
vt 0.274658 0.003906
vt 0.003296 0.275391
vt 0.003296 0.003906
vt 0.003296 0.275391
vt 0.274658 0.003906
vt 0.274658 0.275391
vt 0.003296 0.275391
vt 0.274658 0.003906
vt 0.003296 0.003906
vt 0.274658 0.003906
vt 0.003296 0.275391
vt 0.274658 0.275391
vt 0.003296 0.275391
vt 0.274658 0.003906
vt 0.274658 0.275391
vt 0.274658 0.003906
vt 0.003296 0.275391
vt 0.003296 0.003906
vt 0.003296 0.275391
vt 0.274658 0.003906
vt 0.003296 0.003906
vt 0.274658 0.003906
vt 0.003296 0.275391
vt 0.274658 0.275391
vt 0.003296 0.275391
vt 0.274658 0.003906
vt 0.274658 0.275391
vt 0.274658 0.003906
vt 0.003296 0.275391
vt 0.003296 0.003906
vt 0.003296 0.275391
vt 0.274658 0.003906
vt 0.003296 0.003906
vt 0.274658 0.003906
vt 0.003296 0.275391
vt 0.274658 0.275391
vt 0.274658 0.003906
vt 0.003296 0.275391
vt 0.003296 0.003906
vt 0.003296 0.275391
vt 0.274658 0.003906
vt 0.274658 0.275391
vt 0.274658 0.003906
vt 0.003296 0.275391
vt 0.274658 0.275391
vt 0.003296 0.275391
vt 0.274658 0.003906
vt 0.003296 0.003906
vt 0.003296 0.275391
vt 0.274658 0.003906
vt 0.274658 0.275391
vt 0.274658 0.003906
vt 0.003296 0.275391
vt 0.003296 0.003906
vt 0.274658 0.003906
vt 0.003296 0.275391
vt 0.274658 0.275391
vt 0.003296 0.275391
vt 0.274658 0.003906
vt 0.003296 0.003906
vt 0.274658 0.003906
vt 0.274658 0.275391
vt 0.003296 0.003906
vt 0.003296 0.003906
vt 0.274658 0.275391
vt 0.003296 0.275391
vt 0.274658 0.275391
vt 0.003296 0.003906
vt 0.003296 0.275391
vt 0.003296 0.003906
vt 0.274658 0.275391
vt 0.274658 0.003906
vt 0.003296 0.275391
vt 0.274658 0.003906
vt 0.274658 0.275391
vt 0.274658 0.003906
vt 0.003296 0.275391
vt 0.003296 0.003906
vt 0.003296 0.275391
vt 0.274658 0.003906
vt 0.003296 0.003906
vt 0.274658 0.003906
vt 0.003296 0.275391
vt 0.274658 0.275391
vt 0.003296 0.275391
vt 0.274658 0.003906
vt 0.274658 0.275391
vt 0.274658 0.003906
vt 0.003296 0.275391
vt 0.003296 0.003906
vt 0.003296 0.275391
vt 0.274658 0.003906
vt 0.003296 0.003906
vt 0.274658 0.003906
vt 0.003296 0.275391
vt 0.274658 0.275391
vt 0.274658 0.275391
vt 0.003296 0.275391
vt 0.003296 0.003906
vt 0.274658 0.275391
vt 0.003296 0.003906
vt 0.274658 0.003906
vt 0.003296 0.003906
vt 0.274658 0.275391
vt 0.274658 0.003906
vt 0.274658 0.275391
vt 0.003296 0.003906
vt 0.003296 0.275391
vt 0.003296 0.275391
vt 0.274658 0.003906
vt 0.274658 0.275391
vt 0.274658 0.003906
vt 0.003296 0.275391
vt 0.003296 0.003906
vt 0.003296 0.275391
vt 0.274658 0.003906
vt 0.003296 0.003906
vt 0.274658 0.003906
vt 0.003296 0.275391
vt 0.274658 0.275391
vt 0.274658 0.003906
vt 0.003296 0.275391
vt 0.003296 0.003906
vt 0.003296 0.275391
vt 0.274658 0.003906
vt 0.274658 0.275391
vt 0.274658 0.003906
vt 0.003296 0.275391
vt 0.274658 0.275391
vt 0.003296 0.275391
vt 0.274658 0.003906
vt 0.003296 0.003906
vt 0.274658 0.003906
vt 0.003296 0.275391
vt 0.003296 0.003906
vt 0.003296 0.275391
vt 0.274658 0.003906
vt 0.274658 0.275391
vt 0.003296 0.275391
vt 0.274658 0.003906
vt 0.003296 0.003906
vt 0.274658 0.003906
vt 0.003296 0.275391
vt 0.274658 0.275391
vt 0.274658 0.275391
vt 0.003296 0.003906
vt 0.003296 0.275391
vt 0.003296 0.003906
vt 0.274658 0.275391
vt 0.274658 0.003906
vt 0.274658 0.003906
vt 0.003296 0.275391
vt 0.003296 0.003906
vt 0.003296 0.275391
vt 0.274658 0.003906
vt 0.274658 0.275391
vt 0.003296 0.275391
vt 0.274658 0.003906
vt 0.003296 0.003906
vt 0.274658 0.003906
vt 0.003296 0.275391
vt 0.274658 0.275391
vt 0.274658 0.275391
vt 0.003296 0.275391
vt 0.003296 0.003906
vt 0.003296 0.003906
vt 0.274658 0.003906
vt 0.274658 0.275391
vt 0.274658 0.275391
vt 0.003296 0.003906
vt 0.003296 0.275391
vt 0.003296 0.003906
vt 0.274658 0.275391
vt 0.274658 0.003906
vt 0.003296 0.275391
vt 0.003296 0.003906
vt 0.274658 0.275391
vt 0.003296 0.003906
vt 0.274658 0.003906
vt 0.274658 0.275391
vt 0.274658 0.275391
vt 0.274658 0.003906
vt 0.003296 0.003906
vt 0.003296 0.003906
vt 0.003296 0.275391
vt 0.274658 0.275391
vt 0.274658 0.275391
vt 0.003296 0.003906
vt 0.274658 0.003906
vt 0.003296 0.003906
vt 0.274658 0.275391
vt 0.003296 0.275391
vt 0.003296 0.003906
vt 0.003296 0.275391
vt 0.274658 0.275391
vt 0.274658 0.275391
vt 0.274658 0.003906
vt 0.003296 0.003906
vt 0.003296 0.275391
vt 0.274658 0.003906
vt 0.274658 0.275391
vt 0.274658 0.003906
vt 0.003296 0.275391
vt 0.003296 0.003906
vt 0.274658 0.003906
vt 0.003296 0.275391
vt 0.274658 0.275391
vt 0.003296 0.275391
vt 0.274658 0.003906
vt 0.003296 0.003906
vt 0.274658 0.275391
vt 0.003296 0.003906
vt 0.003296 0.275391
vt 0.003296 0.003906
vt 0.274658 0.275391
vt 0.274658 0.003906
vt 0.274658 0.003906
vt 0.274658 0.275391
vt 0.003296 0.003906
vt 0.003296 0.003906
vt 0.274658 0.275391
vt 0.003296 0.275391
vt 0.274658 0.003906
vt 0.003296 0.003906
vt 0.274658 0.275391
vt 0.003296 0.003906
vt 0.003296 0.275391
vt 0.274658 0.275391
vt 0.003296 0.275391
vt 0.274658 0.003906
vt 0.274658 0.275391
vt 0.274658 0.003906
vt 0.003296 0.275391
vt 0.003296 0.003906
vt 0.003296 0.275391
vt 0.274658 0.003906
vt 0.003296 0.003906
vt 0.274658 0.003906
vt 0.003296 0.275391
vt 0.274658 0.275391
vt 0.003296 0.275391
vt 0.274658 0.003906
vt 0.274658 0.275391
vt 0.274658 0.003906
vt 0.003296 0.275391
vt 0.003296 0.003906
vt 0.003296 0.275391
vt 0.274658 0.003906
vt 0.003296 0.003906
vt 0.274658 0.003906
vt 0.003296 0.275391
vt 0.274658 0.275391
vt 0.274658 0.003906
vt 0.003296 0.275391
vt 0.003296 0.003906
vt 0.003296 0.275391
vt 0.274658 0.003906
vt 0.274658 0.275391
vt 0.274658 0.003906
vt 0.274658 0.275391
vt 0.003296 0.003906
vt 0.003296 0.003906
vt 0.274658 0.275391
vt 0.003296 0.275391
vt 0.274658 0.003906
vt 0.003296 0.003906
vt 0.274658 0.275391
vt 0.003296 0.003906
vt 0.003296 0.275391
vt 0.274658 0.275391
vt 0.003296 0.275391
vt 0.274658 0.003906
vt 0.274658 0.275391
vt 0.274658 0.003906
vt 0.003296 0.275391
vt 0.003296 0.003906
vt 0.003296 0.275391
vt 0.274658 0.003906
vt 0.003296 0.003906
vt 0.274658 0.003906
vt 0.003296 0.275391
vt 0.274658 0.275391
vt 0.274658 0.275391
vt 0.003296 0.003906
vt 0.274658 0.003906
vt 0.003296 0.003906
vt 0.274658 0.275391
vt 0.003296 0.275391
vt 0.274658 0.003906
vt 0.003296 0.275391
vt 0.003296 0.003906
vt 0.003296 0.275391
vt 0.274658 0.003906
vt 0.274658 0.275391
vt 0.274658 0.003906
vt 0.003296 0.275391
vt 0.274658 0.275391
vt 0.003296 0.275391
vt 0.274658 0.003906
vt 0.003296 0.003906
vt 0.003296 0.275391
vt 0.274658 0.003906
vt 0.274658 0.275391
vt 0.274658 0.003906
vt 0.003296 0.275391
vt 0.003296 0.003906
vt 0.003296 0.275391
vt 0.274658 0.003906
vt 0.003296 0.003906
vt 0.274658 0.003906
vt 0.003296 0.275391
vt 0.274658 0.275391
vt 0.003296 0.275391
vt 0.274658 0.003906
vt 0.274658 0.275391
vt 0.274658 0.003906
vt 0.003296 0.275391
vt 0.003296 0.003906
vt 0.003296 0.275391
vt 0.274658 0.003906
vt 0.003296 0.003906
vt 0.274658 0.003906
vt 0.003296 0.275391
vt 0.274658 0.275391
vt 0.274658 0.003906
vt 0.003296 0.275391
vt 0.003296 0.003906
vt 0.003296 0.275391
vt 0.274658 0.003906
vt 0.274658 0.275391
vt 0.003296 0.275391
vt 0.274658 0.003906
vt 0.003296 0.003906
vt 0.274658 0.003906
vt 0.003296 0.275391
vt 0.274658 0.275391
vt 0.003296 0.003906
vt 0.274658 0.003906
vt 0.274658 0.275391
vt 0.003296 0.003906
vt 0.274658 0.275391
vt 0.003296 0.275391
vt 0.274658 0.275391
vt 0.003296 0.003906
vt 0.003296 0.275391
vt 0.003296 0.003906
vt 0.274658 0.275391
vt 0.274658 0.003906
vt 0.274658 0.275391
vt 0.003296 0.003906
vt 0.274658 0.003906
vt 0.003296 0.003906
vt 0.274658 0.275391
vt 0.003296 0.275391
vt 0.274658 0.003906
vt 0.003296 0.003906
vt 0.274658 0.275391
vt 0.274658 0.275391
vt 0.003296 0.003906
vt 0.003296 0.275391
vt 0.003296 0.275391
vt 0.003296 0.003906
vt 0.274658 0.275391
vt 0.003296 0.003906
vt 0.274658 0.003906
vt 0.274658 0.275391
vt 0.003296 0.003906
vt 0.003296 0.275391
vt 0.274658 0.275391
vt 0.003296 0.003906
vt 0.274658 0.275391
vt 0.274658 0.003906
vt 0.274658 0.003906
vt 0.274658 0.275391
vt 0.003296 0.003906
vt 0.003296 0.003906
vt 0.274658 0.275391
vt 0.003296 0.275391
vt 0.003296 0.003906
vt 0.274658 0.275391
vt 0.274658 0.003906
vt 0.274658 0.275391
vt 0.003296 0.003906
vt 0.003296 0.275391
vt 0.274658 0.003906
vt 0.274658 0.275391
vt 0.003296 0.003906
vt 0.003296 0.003906
vt 0.274658 0.275391
vt 0.003296 0.275391
vt 0.003296 0.003906
vt 0.274658 0.275391
vt 0.274658 0.003906
vt 0.274658 0.275391
vt 0.003296 0.003906
vt 0.003296 0.275391
vt 0.274658 0.275391
vt 0.003296 0.003906
vt 0.274658 0.003906
vt 0.003296 0.003906
vt 0.274658 0.275391
vt 0.003296 0.275391
vt 0.003296 0.003906
vt 0.274658 0.275391
vt 0.274658 0.003906
vt 0.274658 0.275391
vt 0.003296 0.003906
vt 0.003296 0.275391
vt 0.003296 0.275391
vt 0.274658 0.003906
vt 0.003296 0.003906
vt 0.274658 0.003906
vt 0.003296 0.275391
vt 0.274658 0.275391
vt 0.003296 0.275391
vt 0.003296 0.003906
vt 0.274658 0.275391
vt 0.003296 0.003906
vt 0.274658 0.003906
vt 0.274658 0.275391
vt 0.003296 0.275391
vt 0.274658 0.275391
vt 0.003296 0.003906
vt 0.003296 0.003906
vt 0.274658 0.275391
vt 0.274658 0.003906
vt 0.003296 0.275391
vt 0.274658 0.003906
vt 0.274658 0.275391
vt 0.274658 0.003906
vt 0.003296 0.275391
vt 0.003296 0.003906
vt 0.003296 0.275391
vt 0.274658 0.003906
vt 0.003296 0.003906
vt 0.274658 0.003906
vt 0.003296 0.275391
vt 0.274658 0.275391
vt 0.274658 0.003906
vt 0.003296 0.275391
vt 0.003296 0.003906
vt 0.003296 0.275391
vt 0.274658 0.003906
vt 0.274658 0.275391
vt 0.274658 0.003906
vt 0.003296 0.275391
vt 0.274658 0.275391
vt 0.003296 0.275391
vt 0.274658 0.003906
vt 0.003296 0.003906
vt 0.274658 0.003906
vt 0.003296 0.275391
vt 0.003296 0.003906
vt 0.003296 0.275391
vt 0.274658 0.003906
vt 0.274658 0.275391
vt 0.274658 0.003906
vt 0.003296 0.275391
vt 0.274658 0.275391
vt 0.003296 0.275391
vt 0.274658 0.003906
vt 0.003296 0.003906
vt 0.274658 0.275391
vt 0.003296 0.275391
vt 0.003296 0.003906
vt 0.274658 0.275391
vt 0.003296 0.003906
vt 0.274658 0.003906
vt 0.003296 0.003906
vt 0.274658 0.275391
vt 0.274658 0.003906
vt 0.274658 0.275391
vt 0.003296 0.003906
vt 0.003296 0.275391
vt 0.003296 0.275391
vt 0.274658 0.003906
vt 0.274658 0.275391
vt 0.274658 0.003906
vt 0.003296 0.275391
vt 0.003296 0.003906
vt 0.274658 0.003906
vt 0.003296 0.275391
vt 0.274658 0.275391
vt 0.003296 0.275391
vt 0.274658 0.003906
vt 0.003296 0.003906
vt 0.274658 0.003906
vt 0.003296 0.003906
vt 0.274658 0.275391
vt 0.003296 0.003906
vt 0.003296 0.275391
vt 0.274658 0.275391
vt 0.274658 0.003906
vt 0.003296 0.275391
vt 0.003296 0.003906
vt 0.003296 0.275391
vt 0.274658 0.003906
vt 0.274658 0.275391
vt 0.274658 0.003906
vt 0.003296 0.275391
vt 0.274658 0.275391
vt 0.003296 0.275391
vt 0.274658 0.003906
vt 0.003296 0.003906
vt 0.003296 0.275391
vt 0.274658 0.003906
vt 0.274658 0.275391
vt 0.274658 0.003906
vt 0.003296 0.275391
vt 0.003296 0.003906
vt 0.274658 0.003906
vt 0.003296 0.275391
vt 0.274658 0.275391
vt 0.003296 0.275391
vt 0.274658 0.003906
vt 0.003296 0.003906
vt 0.274658 0.275391
vt 0.003296 0.275391
vt 0.003296 0.003906
vt 0.274658 0.275391
vt 0.003296 0.003906
vt 0.274658 0.003906
vt 0.003296 0.275391
vt 0.274658 0.275391
vt 0.003296 0.003906
vt 0.274658 0.275391
vt 0.274658 0.003906
vt 0.003296 0.003906
vt 0.274658 0.275391
vt 0.003296 0.003906
vt 0.274658 0.003906
vt 0.274658 0.275391
vt 0.003296 0.275391
vt 0.003296 0.003906
vt 0.003296 0.275391
vt 0.274658 0.275391
vt 0.003296 0.003906
vt 0.274658 0.275391
vt 0.274658 0.003906
vt 0.003296 0.003906
vt 0.274658 0.275391
vt 0.003296 0.003906
vt 0.274658 0.003906
vt 0.003296 0.003906
vt 0.274658 0.275391
vt 0.003296 0.275391
vt 0.274658 0.003906
vt 0.003296 0.003906
vt 0.274658 0.275391
vt 0.274658 0.275391
vt 0.003296 0.003906
vt 0.003296 0.275391
vt 0.274658 0.003906
vt 0.003296 0.275391
vt 0.003296 0.003906
vt 0.003296 0.275391
vt 0.274658 0.003906
vt 0.274658 0.275391
vt 0.274658 0.003906
vt 0.003296 0.275391
vt 0.003296 0.003906
vt 0.003296 0.275391
vt 0.274658 0.003906
vt 0.274658 0.275391
vt 0.274658 0.003906
vt 0.003296 0.275391
vt 0.274658 0.275391
vt 0.003296 0.275391
vt 0.274658 0.003906
vt 0.003296 0.003906
vt 0.274658 0.003906
vt 0.003296 0.275391
vt 0.003296 0.003906
vt 0.003296 0.275391
vt 0.274658 0.003906
vt 0.274658 0.275391
vt 0.003296 0.275391
vt 0.274658 0.003906
vt 0.003296 0.003906
vt 0.274658 0.003906
vt 0.003296 0.275391
vt 0.274658 0.275391
vt 0.274658 0.275391
vt 0.003296 0.003906
vt 0.274658 0.003906
vt 0.003296 0.003906
vt 0.274658 0.275391
vt 0.003296 0.275391
vt 0.274658 0.003906
vt 0.003296 0.003906
vt 0.274658 0.275391
vt 0.003296 0.003906
vt 0.003296 0.275391
vt 0.274658 0.275391
vt 0.274658 0.275391
vt 0.003296 0.275391
vt 0.003296 0.003906
vt 0.274658 0.275391
vt 0.003296 0.003906
vt 0.274658 0.003906
vt 0.274658 0.275391
vt 0.003296 0.003906
vt 0.003296 0.275391
vt 0.003296 0.003906
vt 0.274658 0.275391
vt 0.274658 0.003906
vt 0.274658 0.003906
vt 0.274658 0.275391
vt 0.003296 0.003906
vt 0.003296 0.003906
vt 0.274658 0.275391
vt 0.003296 0.275391
vt 0.274658 0.003906
vt 0.003296 0.003906
vt 0.274658 0.275391
vt 0.003296 0.003906
vt 0.003296 0.275391
vt 0.274658 0.275391
vt 0.274658 0.003906
vt 0.003296 0.275391
vt 0.003296 0.003906
vt 0.003296 0.275391
vt 0.274658 0.003906
vt 0.274658 0.275391
vt 0.274658 0.003906
vt 0.003296 0.275391
vt 0.274658 0.275391
vt 0.003296 0.275391
vt 0.274658 0.003906
vt 0.003296 0.003906
vt 0.274658 0.275391
vt 0.003296 0.275391
vt 0.003296 0.003906
vt 0.274658 0.275391
vt 0.003296 0.003906
vt 0.274658 0.003906
vt 0.274658 0.003906
vt 0.003296 0.275391
vt 0.274658 0.275391
vt 0.003296 0.275391
vt 0.274658 0.003906
vt 0.003296 0.003906
vt 0.274658 0.275391
vt 0.003296 0.275391
vt 0.003296 0.003906
vt 0.274658 0.275391
vt 0.003296 0.003906
vt 0.274658 0.003906
vt 0.003296 0.003906
vt 0.274658 0.275391
vt 0.274658 0.003906
vt 0.274658 0.275391
vt 0.003296 0.003906
vt 0.003296 0.275391
vt 0.274658 0.003906
vt 0.003296 0.275391
vt 0.003296 0.003906
vt 0.003296 0.275391
vt 0.274658 0.003906
vt 0.274658 0.275391
vt 0.003296 0.275391
vt 0.274658 0.003906
vt 0.003296 0.003906
vt 0.274658 0.003906
vt 0.003296 0.275391
vt 0.274658 0.275391
vt 0.274658 0.275391
vt 0.003296 0.003906
vt 0.274658 0.003906
vt 0.003296 0.003906
vt 0.274658 0.275391
vt 0.003296 0.275391
vt 0.003296 0.003906
vt 0.003296 0.275391
vt 0.274658 0.275391
vt 0.274658 0.275391
vt 0.274658 0.003906
vt 0.003296 0.003906
vt 0.003296 0.275391
vt 0.003296 0.003906
vt 0.274658 0.275391
vt 0.003296 0.003906
vt 0.274658 0.003906
vt 0.274658 0.275391
vt 0.274658 0.003906
vt 0.003296 0.003906
vt 0.274658 0.275391
vt 0.274658 0.275391
vt 0.003296 0.003906
vt 0.003296 0.275391
vt 0.274658 0.003906
vt 0.003296 0.275391
vt 0.003296 0.003906
vt 0.003296 0.275391
vt 0.274658 0.003906
vt 0.274658 0.275391
vt 0.274658 0.003906
vt 0.003296 0.275391
vt 0.274658 0.275391
vt 0.003296 0.275391
vt 0.274658 0.003906
vt 0.003296 0.003906
vt 0.003296 0.275391
vt 0.274658 0.003906
vt 0.274658 0.275391
vt 0.274658 0.003906
vt 0.003296 0.275391
vt 0.003296 0.003906
vt 0.003296 0.275391
vt 0.274658 0.003906
vt 0.003296 0.003906
vt 0.274658 0.003906
vt 0.003296 0.275391
vt 0.274658 0.275391
vt 0.274658 0.275391
vt 0.003296 0.275391
vt 0.003296 0.003906
vt 0.003296 0.003906
vt 0.274658 0.003906
vt 0.274658 0.275391
vt 0.274658 0.275391
vt 0.003296 0.003906
vt 0.003296 0.275391
vt 0.003296 0.003906
vt 0.274658 0.275391
vt 0.274658 0.003906
vt 0.274658 0.003906
vt 0.003296 0.275391
vt 0.003296 0.003906
vt 0.003296 0.275391
vt 0.274658 0.003906
vt 0.274658 0.275391
vt 0.003296 0.275391
vt 0.274658 0.003906
vt 0.003296 0.003906
vt 0.274658 0.003906
vt 0.003296 0.275391
vt 0.274658 0.275391
vt 0.274658 0.275391
vt 0.003296 0.275391
vt 0.003296 0.003906
vt 0.003296 0.003906
vt 0.274658 0.003906
vt 0.274658 0.275391
vt 0.274658 0.275391
vt 0.003296 0.003906
vt 0.003296 0.275391
vt 0.003296 0.003906
vt 0.274658 0.275391
vt 0.274658 0.003906
vt 0.003296 0.003906
vt 0.274658 0.275391
vt 0.274658 0.003906
vt 0.274658 0.275391
vt 0.003296 0.003906
vt 0.003296 0.275391
vt 0.274658 0.275391
vt 0.003296 0.003906
vt 0.274658 0.003906
vt 0.003296 0.003906
vt 0.274658 0.275391
vt 0.003296 0.275391
vt 0.274658 0.003906
vt 0.003296 0.003906
vt 0.274658 0.275391
vt 0.274658 0.275391
vt 0.003296 0.003906
vt 0.003296 0.275391
vt 0.274658 0.275391
vt 0.003296 0.275391
vt 0.003296 0.003906
vt 0.274658 0.275391
vt 0.003296 0.003906
vt 0.274658 0.003906
vt 0.003296 0.275391
vt 0.274658 0.275391
vt 0.003296 0.003906
vt 0.274658 0.275391
vt 0.274658 0.003906
vt 0.003296 0.003906
vt 0.274658 0.003906
vt 0.274658 0.275391
vt 0.003296 0.003906
vt 0.003296 0.003906
vt 0.274658 0.275391
vt 0.003296 0.275391
vt 0.003296 0.003906
vt 0.274658 0.275391
vt 0.274658 0.003906
vt 0.274658 0.275391
vt 0.003296 0.003906
vt 0.003296 0.275391
vt 0.274658 0.275391
vt 0.003296 0.275391
vt 0.003296 0.003906
vt 0.274658 0.275391
vt 0.003296 0.003906
vt 0.274658 0.003906
vt 0.003296 0.275391
vt 0.274658 0.275391
vt 0.003296 0.003906
vt 0.274658 0.275391
vt 0.274658 0.003906
vt 0.003296 0.003906
vt 0.003296 0.275391
vt 0.274658 0.003906
vt 0.274658 0.275391
vt 0.274658 0.003906
vt 0.003296 0.275391
vt 0.003296 0.003906
vt 0.003296 0.275391
vt 0.274658 0.003906
vt 0.003296 0.003906
vt 0.274658 0.003906
vt 0.003296 0.275391
vt 0.274658 0.275391
vt 0.274658 0.275391
vt 0.003296 0.003906
vt 0.274658 0.003906
vt 0.003296 0.003906
vt 0.274658 0.275391
vt 0.003296 0.275391
vt 0.274658 0.275391
vt 0.003296 0.003906
vt 0.003296 0.275391
vt 0.003296 0.003906
vt 0.274658 0.275391
vt 0.274658 0.003906
vt 0.274658 0.275391
vt 0.003296 0.003906
vt 0.274658 0.003906
vt 0.274658 0.275391
vt 0.003296 0.275391
vt 0.003296 0.003906
vt 0.274658 0.003906
vt 0.003296 0.003906
vt 0.274658 0.275391
vt 0.003296 0.275391
vt 0.274658 0.275391
vt 0.003296 0.003906
vt 0.274658 0.003906
vt 0.274658 0.275391
vt 0.003296 0.003906
vt 0.003296 0.003906
vt 0.274658 0.275391
vt 0.003296 0.275391
vt 0.003296 0.003906
vt 0.274658 0.275391
vt 0.274658 0.003906
vt 0.274658 0.275391
vt 0.003296 0.003906
vt 0.003296 0.275391
vt 0.274658 0.003906
vt 0.003296 0.275391
vt 0.003296 0.003906
vt 0.003296 0.275391
vt 0.274658 0.003906
vt 0.274658 0.275391
vt 0.274658 0.003906
vt 0.003296 0.275391
vt 0.274658 0.275391
vt 0.003296 0.275391
vt 0.274658 0.003906
vt 0.003296 0.003906
vt 0.003296 0.275391
vt 0.274658 0.003906
vt 0.003296 0.003906
vt 0.274658 0.003906
vt 0.003296 0.275391
vt 0.274658 0.275391
vt 0.003296 0.275391
vt 0.274658 0.003906
vt 0.274658 0.275391
vt 0.274658 0.003906
vt 0.003296 0.275391
vt 0.003296 0.003906
vt 0.274658 0.003906
vt 0.003296 0.275391
vt 0.274658 0.275391
vt 0.003296 0.275391
vt 0.274658 0.003906
vt 0.003296 0.003906
vt 0.274658 0.003906
vt 0.274658 0.275391
vt 0.003296 0.003906
vt 0.003296 0.003906
vt 0.274658 0.275391
vt 0.003296 0.275391
vt 0.274658 0.275391
vt 0.003296 0.003906
vt 0.003296 0.275391
vt 0.003296 0.003906
vt 0.274658 0.275391
vt 0.274658 0.003906
vt 0.274658 0.003906
vt 0.003296 0.275391
vt 0.003296 0.003906
vt 0.003296 0.275391
vt 0.274658 0.003906
vt 0.274658 0.275391
vt 0.274658 0.003906
vt 0.274658 0.275391
vt 0.003296 0.003906
vt 0.003296 0.003906
vt 0.274658 0.275391
vt 0.003296 0.275391
vt 0.274658 0.003906
vt 0.003296 0.003906
vt 0.274658 0.275391
vt 0.003296 0.003906
vt 0.003296 0.275391
vt 0.274658 0.275391
vt 0.003296 0.275391
vt 0.274658 0.003906
vt 0.274658 0.275391
vt 0.274658 0.003906
vt 0.003296 0.275391
vt 0.003296 0.003906
vt 0.274658 0.003906
vt 0.003296 0.275391
vt 0.274658 0.275391
vt 0.003296 0.275391
vt 0.274658 0.003906
vt 0.003296 0.003906
vt 0.003296 0.275391
vt 0.274658 0.003906
vt 0.274658 0.275391
vt 0.274658 0.003906
vt 0.003296 0.275391
vt 0.003296 0.003906
vt 0.003296 0.275391
vt 0.274658 0.003906
vt 0.003296 0.003906
vt 0.274658 0.003906
vt 0.003296 0.275391
vt 0.274658 0.275391
vt 0.274658 0.275391
vt 0.003296 0.275391
vt 0.003296 0.003906
vt 0.003296 0.003906
vt 0.274658 0.003906
vt 0.274658 0.275391
vt 0.274658 0.003906
vt 0.274658 0.275391
vt 0.003296 0.003906
vt 0.003296 0.003906
vt 0.274658 0.275391
vt 0.003296 0.275391
vt 0.003296 0.003906
vt 0.274658 0.275391
vt 0.274658 0.003906
vt 0.274658 0.275391
vt 0.003296 0.003906
vt 0.003296 0.275391
vt 0.003296 0.275391
vt 0.274658 0.003906
vt 0.274658 0.275391
vt 0.274658 0.003906
vt 0.003296 0.275391
vt 0.003296 0.003906
vt 0.003296 0.275391
vt 0.274658 0.003906
vt 0.003296 0.003906
vt 0.274658 0.003906
vt 0.003296 0.275391
vt 0.274658 0.275391
vt 0.274658 0.003906
vt 0.274658 0.275391
vt 0.003296 0.003906
vt 0.003296 0.003906
vt 0.274658 0.275391
vt 0.003296 0.275391
vt 0.003296 0.275391
vt 0.003296 0.003906
vt 0.274658 0.275391
vt 0.003296 0.003906
vt 0.274658 0.003906
vt 0.274658 0.275391
vt 0.274658 0.275391
vt 0.003296 0.003906
vt 0.003296 0.275391
vt 0.003296 0.003906
vt 0.274658 0.275391
vt 0.274658 0.003906
vt 0.274658 0.003906
vt 0.003296 0.275391
vt 0.003296 0.003906
vt 0.003296 0.275391
vt 0.274658 0.003906
vt 0.274658 0.275391
vt 0.274658 0.003906
vt 0.003296 0.275391
vt 0.274658 0.275391
vt 0.003296 0.275391
vt 0.274658 0.003906
vt 0.003296 0.003906
vt 0.274658 0.003906
vt 0.003296 0.275391
vt 0.003296 0.003906
vt 0.003296 0.275391
vt 0.274658 0.003906
vt 0.274658 0.275391
vt 0.003296 0.275391
vt 0.274658 0.003906
vt 0.003296 0.003906
vt 0.274658 0.003906
vt 0.003296 0.275391
vt 0.274658 0.275391
vt 0.274658 0.003906
vt 0.003296 0.275391
vt 0.003296 0.003906
vt 0.003296 0.275391
vt 0.274658 0.003906
vt 0.274658 0.275391
vt 0.274658 0.275391
vt 0.003296 0.003906
vt 0.003296 0.275391
vt 0.003296 0.003906
vt 0.274658 0.275391
vt 0.274658 0.003906
vt 0.274658 0.003906
vt 0.003296 0.275391
vt 0.003296 0.003906
vt 0.003296 0.275391
vt 0.274658 0.003906
vt 0.274658 0.275391
vt 0.274658 0.003906
vt 0.003296 0.275391
vt 0.274658 0.275391
vt 0.003296 0.275391
vt 0.274658 0.003906
vt 0.003296 0.003906
vt 0.003296 0.275391
vt 0.274658 0.003906
vt 0.274658 0.275391
vt 0.274658 0.003906
vt 0.003296 0.275391
vt 0.003296 0.003906
vt 0.274658 0.003906
vt 0.003296 0.275391
vt 0.274658 0.275391
vt 0.003296 0.275391
vt 0.274658 0.003906
vt 0.003296 0.003906
vt 0.003296 0.275391
vt 0.274658 0.003906
vt 0.003296 0.003906
vt 0.274658 0.003906
vt 0.003296 0.275391
vt 0.274658 0.275391
vt 0.003296 0.275391
vt 0.274658 0.003906
vt 0.274658 0.275391
vt 0.274658 0.003906
vt 0.003296 0.275391
vt 0.003296 0.003906
vt 0.003296 0.275391
vt 0.274658 0.003906
vt 0.003296 0.003906
vt 0.274658 0.003906
vt 0.003296 0.275391
vt 0.274658 0.275391
vt 0.274658 0.003906
vt 0.003296 0.275391
vt 0.003296 0.003906
vt 0.003296 0.275391
vt 0.274658 0.003906
vt 0.274658 0.275391
vt 0.003296 0.275391
vt 0.274658 0.003906
vt 0.003296 0.003906
vt 0.274658 0.003906
vt 0.003296 0.275391
vt 0.274658 0.275391
vt 0.003296 0.275391
vt 0.274658 0.003906
vt 0.003296 0.003906
vt 0.274658 0.003906
vt 0.003296 0.275391
vt 0.274658 0.275391
vt 0.003296 0.275391
vt 0.274658 0.003906
vt 0.274658 0.275391
vt 0.274658 0.003906
vt 0.003296 0.275391
vt 0.003296 0.003906
vt 0.003296 0.275391
vt 0.274658 0.003906
vt 0.003296 0.003906
vt 0.274658 0.003906
vt 0.003296 0.275391
vt 0.274658 0.275391
vt 0.003296 0.275391
vt 0.274658 0.003906
vt 0.274658 0.275391
vt 0.274658 0.003906
vt 0.003296 0.275391
vt 0.003296 0.003906
vt 0.003296 0.275391
vt 0.274658 0.003906
vt 0.003296 0.003906
vt 0.274658 0.003906
vt 0.003296 0.275391
vt 0.274658 0.275391
vt 0.003296 0.003906
vt 0.003296 0.275391
vt 0.274658 0.275391
vt 0.003296 0.003906
vt 0.274658 0.275391
vt 0.274658 0.003906
vt 0.003296 0.275391
vt 0.003296 0.003906
vt 0.274658 0.275391
vt 0.003296 0.003906
vt 0.274658 0.003906
vt 0.274658 0.275391
vt 0.003296 0.003906
vt 0.003296 0.275391
vt 0.274658 0.275391
vt 0.003296 0.003906
vt 0.274658 0.275391
vt 0.274658 0.003906
vt 0.003296 0.275391
vt 0.003296 0.003906
vt 0.274658 0.275391
vt 0.003296 0.003906
vt 0.274658 0.003906
vt 0.274658 0.275391
vt 0.003296 0.003906
vt 0.003296 0.275391
vt 0.274658 0.275391
vt 0.003296 0.003906
vt 0.274658 0.275391
vt 0.274658 0.003906
vt 0.274658 0.275391
vt 0.003296 0.003906
vt 0.274658 0.003906
vt 0.003296 0.003906
vt 0.274658 0.275391
vt 0.003296 0.275391
vt 0.003296 0.003906
vt 0.274658 0.275391
vt 0.274658 0.003906
vt 0.274658 0.275391
vt 0.003296 0.003906
vt 0.003296 0.275391
vt 0.274658 0.275391
vt 0.003296 0.003906
vt 0.274658 0.003906
vt 0.003296 0.003906
vt 0.274658 0.275391
vt 0.003296 0.275391
vt 0.274658 0.275391
vt 0.003296 0.275391
vt 0.003296 0.003906
vt 0.274658 0.275391
vt 0.003296 0.003906
vt 0.274658 0.003906
vt 0.003296 0.003906
vt 0.274658 0.275391
vt 0.274658 0.003906
vt 0.274658 0.275391
vt 0.003296 0.003906
vt 0.003296 0.275391
vt 0.274658 0.275391
vt 0.003296 0.275391
vt 0.003296 0.003906
vt 0.274658 0.275391
vt 0.003296 0.003906
vt 0.274658 0.003906
vt 0.003296 0.275391
vt 0.274658 0.275391
vt 0.003296 0.003906
vt 0.274658 0.275391
vt 0.274658 0.003906
vt 0.003296 0.003906
vt 0.003296 0.275391
vt 0.003296 0.003906
vt 0.274658 0.275391
vt 0.003296 0.003906
vt 0.274658 0.003906
vt 0.274658 0.275391
vt 0.003296 0.275391
vt 0.274658 0.003906
vt 0.274658 0.275391
vt 0.274658 0.003906
vt 0.003296 0.275391
vt 0.003296 0.003906
vt 0.274658 0.003906
vt 0.003296 0.275391
vt 0.274658 0.275391
vt 0.003296 0.275391
vt 0.274658 0.003906
vt 0.003296 0.003906
vt 0.274658 0.003906
vt 0.003296 0.275391
vt 0.003296 0.003906
vt 0.003296 0.275391
vt 0.274658 0.003906
vt 0.274658 0.275391
vt 0.274658 0.003906
vt 0.003296 0.275391
vt 0.274658 0.275391
vt 0.003296 0.275391
vt 0.274658 0.003906
vt 0.003296 0.003906
vt 0.003296 0.275391
vt 0.274658 0.003906
vt 0.274658 0.275391
vt 0.274658 0.003906
vt 0.003296 0.275391
vt 0.003296 0.003906
vt 0.274658 0.003906
vt 0.003296 0.275391
vt 0.274658 0.275391
vt 0.003296 0.275391
vt 0.274658 0.003906
vt 0.003296 0.003906
vt 0.003296 0.275391
vt 0.003296 0.003906
vt 0.274658 0.275391
vt 0.003296 0.003906
vt 0.274658 0.003906
vt 0.274658 0.275391
vt 0.274658 0.275391
vt 0.003296 0.003906
vt 0.003296 0.275391
vt 0.003296 0.003906
vt 0.274658 0.275391
vt 0.274658 0.003906
vt 0.274658 0.003906
vt 0.003296 0.275391
vt 0.003296 0.003906
vt 0.003296 0.275391
vt 0.274658 0.003906
vt 0.274658 0.275391
vt 0.274658 0.003906
vt 0.003296 0.275391
vt 0.274658 0.275391
vt 0.003296 0.275391
vt 0.274658 0.003906
vt 0.003296 0.003906
vt 0.274658 0.003906
vt 0.003296 0.275391
vt 0.003296 0.003906
vt 0.003296 0.275391
vt 0.274658 0.003906
vt 0.274658 0.275391
vt 0.274658 0.003906
vt 0.003296 0.275391
vt 0.274658 0.275391
vt 0.003296 0.275391
vt 0.274658 0.003906
vt 0.003296 0.003906
vt 0.274658 0.275391
vt 0.003296 0.003906
vt 0.274658 0.003906
vt 0.003296 0.003906
vt 0.274658 0.275391
vt 0.003296 0.275391
vt 0.274658 0.275391
vt 0.274658 0.003906
vt 0.003296 0.003906
vt 0.003296 0.003906
vt 0.003296 0.275391
vt 0.274658 0.275391
vt 0.274658 0.003906
vt 0.003296 0.275391
vt 0.003296 0.003906
vt 0.003296 0.275391
vt 0.274658 0.003906
vt 0.274658 0.275391
vt 0.003296 0.275391
vt 0.274658 0.003906
vt 0.003296 0.003906
vt 0.274658 0.003906
vt 0.003296 0.275391
vt 0.274658 0.275391
vt 0.003296 0.275391
vt 0.003296 0.003906
vt 0.274658 0.275391
vt 0.003296 0.003906
vt 0.274658 0.003906
vt 0.274658 0.275391
vt 0.274658 0.275391
vt 0.274658 0.003906
vt 0.003296 0.003906
vt 0.274658 0.275391
vt 0.003296 0.003906
vt 0.003296 0.275391
vt 0.274658 0.003906
vt 0.003296 0.275391
vt 0.003296 0.003906
vt 0.003296 0.275391
vt 0.274658 0.003906
vt 0.274658 0.275391
vt 0.003296 0.275391
vt 0.274658 0.003906
vt 0.003296 0.003906
vt 0.274658 0.003906
vt 0.003296 0.275391
vt 0.274658 0.275391
vt 0.274658 0.003906
vt 0.003296 0.003906
vt 0.274658 0.275391
vt 0.274658 0.275391
vt 0.003296 0.003906
vt 0.003296 0.275391
vt 0.274658 0.275391
vt 0.003296 0.003906
vt 0.274658 0.003906
vt 0.274658 0.275391
vt 0.003296 0.275391
vt 0.003296 0.003906
vt 0.274658 0.003906
vt 0.003296 0.003906
vt 0.274658 0.275391
vt 0.003296 0.275391
vt 0.274658 0.275391
vt 0.003296 0.003906
vt 0.274658 0.003906
vt 0.274658 0.275391
vt 0.003296 0.003906
vt 0.003296 0.003906
vt 0.274658 0.275391
vt 0.003296 0.275391
vt 0.274658 0.003906
vt 0.003296 0.003906
vt 0.274658 0.275391
vt 0.003296 0.003906
vt 0.003296 0.275391
vt 0.274658 0.275391
vt 0.003296 0.275391
vt 0.003296 0.003906
vt 0.274658 0.275391
vt 0.003296 0.003906
vt 0.274658 0.003906
vt 0.274658 0.275391
vt 0.274658 0.275391
vt 0.003296 0.003906
vt 0.003296 0.275391
vt 0.003296 0.003906
vt 0.274658 0.275391
vt 0.274658 0.003906
vt 0.274658 0.003906
vt 0.003296 0.275391
vt 0.003296 0.003906
vt 0.003296 0.275391
vt 0.274658 0.003906
vt 0.274658 0.275391
vt 0.274658 0.003906
vt 0.003296 0.275391
vt 0.274658 0.275391
vt 0.003296 0.275391
vt 0.274658 0.003906
vt 0.003296 0.003906
vt 0.003296 0.003906
vt 0.274658 0.003906
vt 0.274658 0.275391
vt 0.003296 0.003906
vt 0.274658 0.275391
vt 0.003296 0.275391
vt 0.003296 0.275391
vt 0.274658 0.275391
vt 0.003296 0.003906
vt 0.274658 0.003906
vt 0.003296 0.003906
vt 0.274658 0.275391
vt 0.003296 0.275391
vt 0.274658 0.003906
vt 0.274658 0.275391
vt 0.274658 0.003906
vt 0.003296 0.275391
vt 0.003296 0.003906
vt 0.274658 0.003906
vt 0.003296 0.275391
vt 0.274658 0.275391
vt 0.003296 0.275391
vt 0.274658 0.003906
vt 0.003296 0.003906
vt 0.003296 0.275391
vt 0.274658 0.003906
vt 0.274658 0.275391
vt 0.274658 0.003906
vt 0.003296 0.275391
vt 0.003296 0.003906
vt 0.003296 0.275391
vt 0.274658 0.003906
vt 0.003296 0.003906
vt 0.274658 0.003906
vt 0.003296 0.275391
vt 0.274658 0.275391
vt 0.003296 0.275391
vt 0.274658 0.003906
vt 0.274658 0.275391
vt 0.274658 0.003906
vt 0.003296 0.275391
vt 0.003296 0.003906
vt 0.003296 0.275391
vt 0.274658 0.003906
vt 0.003296 0.003906
vt 0.274658 0.003906
vt 0.003296 0.275391
vt 0.274658 0.275391
vt 0.274658 0.003906
vt 0.003296 0.275391
vt 0.003296 0.003906
vt 0.003296 0.275391
vt 0.274658 0.003906
vt 0.274658 0.275391
vt 0.003296 0.275391
vt 0.274658 0.003906
vt 0.003296 0.003906
vt 0.274658 0.003906
vt 0.003296 0.275391
vt 0.274658 0.275391
vt 0.003296 0.275391
vt 0.274658 0.003906
vt 0.274658 0.275391
vt 0.274658 0.003906
vt 0.003296 0.275391
vt 0.003296 0.003906
vt 0.274658 0.003906
vt 0.003296 0.275391
vt 0.274658 0.275391
vt 0.003296 0.275391
vt 0.274658 0.003906
vt 0.003296 0.003906
vt 0.003296 0.275391
vt 0.274658 0.003906
vt 0.274658 0.275391
vt 0.274658 0.003906
vt 0.003296 0.275391
vt 0.003296 0.003906
vt 0.003296 0.275391
vt 0.274658 0.003906
vt 0.003296 0.003906
vt 0.274658 0.003906
vt 0.003296 0.275391
vt 0.274658 0.275391
vt 0.003296 0.003906
vt 0.274658 0.275391
vt 0.003296 0.275391
vt 0.274658 0.275391
vt 0.003296 0.003906
vt 0.274658 0.003906
vt 0.003296 0.275391
vt 0.274658 0.275391
vt 0.003296 0.003906
vt 0.003296 0.003906
vt 0.274658 0.275391
vt 0.274658 0.003906
vt 0.274658 0.275391
vt 0.003296 0.275391
vt 0.003296 0.003906
vt 0.274658 0.275391
vt 0.003296 0.003906
vt 0.274658 0.003906
vt 0.003296 0.275391
vt 0.274658 0.275391
vt 0.003296 0.003906
vt 0.274658 0.275391
vt 0.274658 0.003906
vt 0.003296 0.003906
vt 0.003296 0.275391
vt 0.274658 0.003906
vt 0.274658 0.275391
vt 0.274658 0.003906
vt 0.003296 0.275391
vt 0.003296 0.003906
vt 0.274658 0.003906
vt 0.003296 0.275391
vt 0.274658 0.275391
vt 0.003296 0.275391
vt 0.274658 0.003906
vt 0.003296 0.003906
vt 0.003296 0.003906
vt 0.274658 0.003906
vt 0.274658 0.275391
vt 0.003296 0.003906
vt 0.274658 0.275391
vt 0.003296 0.275391
vt 0.274658 0.275391
vt 0.003296 0.003906
vt 0.003296 0.275391
vt 0.003296 0.003906
vt 0.274658 0.275391
vt 0.274658 0.003906
vt 0.003296 0.275391
vt 0.274658 0.003906
vt 0.003296 0.003906
vt 0.274658 0.003906
vt 0.003296 0.275391
vt 0.274658 0.275391
vt 0.274658 0.275391
vt 0.003296 0.275391
vt 0.003296 0.003906
vt 0.274658 0.275391
vt 0.003296 0.003906
vt 0.274658 0.003906
vt 0.003296 0.275391
vt 0.274658 0.275391
vt 0.003296 0.003906
vt 0.274658 0.275391
vt 0.274658 0.003906
vt 0.003296 0.003906
vt 0.003296 0.275391
vt 0.003296 0.003906
vt 0.274658 0.275391
vt 0.003296 0.003906
vt 0.274658 0.003906
vt 0.274658 0.275391
vt 0.003296 0.003906
vt 0.003296 0.275391
vt 0.274658 0.275391
vt 0.274658 0.275391
vt 0.274658 0.003906
vt 0.003296 0.003906
vt 0.274658 0.003906
vt 0.003296 0.275391
vt 0.003296 0.003906
vt 0.003296 0.275391
vt 0.274658 0.003906
vt 0.274658 0.275391
vt 0.274658 0.003906
vt 0.003296 0.275391
vt 0.274658 0.275391
vt 0.003296 0.275391
vt 0.274658 0.003906
vt 0.003296 0.003906
vt 0.274658 0.003906
vt 0.003296 0.275391
vt 0.003296 0.003906
vt 0.003296 0.275391
vt 0.274658 0.003906
vt 0.274658 0.275391
vt 0.274658 0.275391
vt 0.003296 0.003906
vt 0.003296 0.275391
vt 0.003296 0.003906
vt 0.274658 0.275391
vt 0.274658 0.003906
vt 0.274658 0.003906
vt 0.003296 0.275391
vt 0.003296 0.003906
vt 0.003296 0.275391
vt 0.274658 0.003906
vt 0.274658 0.275391
vt 0.274658 0.003906
vt 0.003296 0.275391
vt 0.274658 0.275391
vt 0.003296 0.275391
vt 0.274658 0.003906
vt 0.003296 0.003906
vt 0.274658 0.003906
vt 0.274658 0.275391
vt 0.003296 0.003906
vt 0.003296 0.003906
vt 0.274658 0.275391
vt 0.003296 0.275391
vt 0.003296 0.275391
vt 0.274658 0.275391
vt 0.003296 0.003906
vt 0.274658 0.275391
vt 0.274658 0.003906
vt 0.003296 0.003906
vt 0.274658 0.003906
vt 0.003296 0.275391
vt 0.003296 0.003906
vt 0.003296 0.275391
vt 0.274658 0.003906
vt 0.274658 0.275391
vt 0.274658 0.003906
vt 0.003296 0.275391
vt 0.274658 0.275391
vt 0.003296 0.275391
vt 0.274658 0.003906
vt 0.003296 0.003906
vt 0.003296 0.275391
vt 0.274658 0.003906
vt 0.274658 0.275391
vt 0.274658 0.003906
vt 0.003296 0.275391
vt 0.003296 0.003906
vt 0.003296 0.275391
vt 0.274658 0.003906
vt 0.003296 0.003906
vt 0.274658 0.003906
vt 0.003296 0.275391
vt 0.274658 0.275391
vt 0.003296 0.275391
vt 0.274658 0.003906
vt 0.274658 0.275391
vt 0.274658 0.003906
vt 0.003296 0.275391
vt 0.003296 0.003906
vt 0.274658 0.003906
vt 0.003296 0.275391
vt 0.274658 0.275391
vt 0.003296 0.275391
vt 0.274658 0.003906
vt 0.003296 0.003906
vt 0.274658 0.275391
vt 0.003296 0.275391
vt 0.003296 0.003906
vt 0.274658 0.275391
vt 0.003296 0.003906
vt 0.274658 0.003906
vt 0.003296 0.275391
vt 0.274658 0.003906
vt 0.003296 0.003906
vt 0.274658 0.003906
vt 0.003296 0.275391
vt 0.274658 0.275391
vt 0.003296 0.275391
vt 0.003296 0.003906
vt 0.274658 0.275391
vt 0.003296 0.003906
vt 0.274658 0.003906
vt 0.274658 0.275391
vt 0.003296 0.003906
vt 0.003296 0.275391
vt 0.274658 0.275391
vt 0.274658 0.275391
vt 0.274658 0.003906
vt 0.003296 0.003906
vt 0.274658 0.003906
vt 0.003296 0.275391
vt 0.003296 0.003906
vt 0.003296 0.275391
vt 0.274658 0.003906
vt 0.274658 0.275391
vt 0.274658 0.003906
vt 0.003296 0.275391
vt 0.003296 0.003906
vt 0.003296 0.275391
vt 0.274658 0.003906
vt 0.274658 0.275391
vt 0.274658 0.003906
vt 0.003296 0.275391
vt 0.274658 0.275391
vt 0.003296 0.275391
vt 0.274658 0.003906
vt 0.003296 0.003906
vt 0.003296 0.275391
vt 0.003296 0.003906
vt 0.274658 0.275391
vt 0.003296 0.003906
vt 0.274658 0.003906
vt 0.274658 0.275391
vt 0.274658 0.003906
vt 0.003296 0.003906
vt 0.274658 0.275391
vt 0.274658 0.275391
vt 0.003296 0.003906
vt 0.003296 0.275391
vt 0.003296 0.275391
vt 0.274658 0.003906
vt 0.274658 0.275391
vt 0.274658 0.003906
vt 0.003296 0.275391
vt 0.003296 0.003906
vt 0.003296 0.275391
vt 0.274658 0.003906
vt 0.003296 0.003906
vt 0.274658 0.003906
vt 0.003296 0.275391
vt 0.274658 0.275391
vt 0.274658 0.275391
vt 0.003296 0.275391
vt 0.003296 0.003906
vt 0.274658 0.275391
vt 0.003296 0.003906
vt 0.274658 0.003906
vt 0.003296 0.275391
vt 0.274658 0.275391
vt 0.003296 0.003906
vt 0.274658 0.275391
vt 0.274658 0.003906
vt 0.003296 0.003906
vt 0.003296 0.275391
vt 0.274658 0.003906
vt 0.274658 0.275391
vt 0.274658 0.003906
vt 0.003296 0.275391
vt 0.003296 0.003906
vt 0.274658 0.003906
vt 0.003296 0.275391
vt 0.274658 0.275391
vt 0.003296 0.275391
vt 0.274658 0.003906
vt 0.003296 0.003906
vt 0.274658 0.275391
vt 0.003296 0.275391
vt 0.003296 0.003906
vt 0.274658 0.275391
vt 0.003296 0.003906
vt 0.274658 0.003906
vt 0.003296 0.275391
vt 0.274658 0.275391
vt 0.003296 0.003906
vt 0.274658 0.275391
vt 0.274658 0.003906
vt 0.003296 0.003906
vt 0.274658 0.003906
vt 0.003296 0.275391
vt 0.003296 0.003906
vt 0.003296 0.275391
vt 0.274658 0.003906
vt 0.274658 0.275391
vt 0.274658 0.003906
vt 0.003296 0.275391
vt 0.274658 0.275391
vt 0.003296 0.275391
vt 0.274658 0.003906
vt 0.003296 0.003906
vt 0.274658 0.275391
vt 0.003296 0.003906
vt 0.274658 0.003906
vt 0.003296 0.003906
vt 0.274658 0.275391
vt 0.003296 0.275391
vt 0.274658 0.003906
vt 0.003296 0.003906
vt 0.274658 0.275391
vt 0.274658 0.275391
vt 0.003296 0.003906
vt 0.003296 0.275391
vt 0.003296 0.275391
vt 0.274658 0.003906
vt 0.274658 0.275391
vt 0.274658 0.003906
vt 0.003296 0.275391
vt 0.003296 0.003906
vt 0.003296 0.275391
vt 0.274658 0.003906
vt 0.003296 0.003906
vt 0.274658 0.003906
vt 0.003296 0.275391
vt 0.274658 0.275391
vt 0.274658 0.275391
vt 0.003296 0.003906
vt 0.274658 0.003906
vt 0.003296 0.003906
vt 0.274658 0.275391
vt 0.003296 0.275391
vt 0.003296 0.003906
vt 0.274658 0.275391
vt 0.274658 0.003906
vt 0.274658 0.275391
vt 0.003296 0.003906
vt 0.003296 0.275391
vt 0.274658 0.003906
vt 0.003296 0.275391
vt 0.003296 0.003906
vt 0.003296 0.275391
vt 0.274658 0.003906
vt 0.274658 0.275391
vt 0.274658 0.003906
vt 0.003296 0.275391
vt 0.274658 0.275391
vt 0.003296 0.275391
vt 0.274658 0.003906
vt 0.003296 0.003906
vt 0.274658 0.275391
vt 0.003296 0.003906
vt 0.274658 0.003906
vt 0.003296 0.003906
vt 0.274658 0.275391
vt 0.003296 0.275391
vt 0.274658 0.003906
vt 0.003296 0.003906
vt 0.274658 0.275391
vt 0.274658 0.275391
vt 0.003296 0.003906
vt 0.003296 0.275391
vt 0.003296 0.275391
vt 0.274658 0.003906
vt 0.274658 0.275391
vt 0.274658 0.003906
vt 0.003296 0.275391
vt 0.003296 0.003906
vt 0.003296 0.275391
vt 0.274658 0.003906
vt 0.003296 0.003906
vt 0.274658 0.003906
vt 0.003296 0.275391
vt 0.274658 0.275391
vt 0.274658 0.003906
vt 0.003296 0.275391
vt 0.003296 0.003906
vt 0.003296 0.275391
vt 0.274658 0.003906
vt 0.274658 0.275391
vt 0.274658 0.003906
vt 0.003296 0.275391
vt 0.274658 0.275391
vt 0.003296 0.275391
vt 0.274658 0.003906
vt 0.003296 0.003906
vt 0.274658 0.003906
vt 0.274658 0.275391
vt 0.003296 0.003906
vt 0.003296 0.003906
vt 0.274658 0.275391
vt 0.003296 0.275391
vt 0.274658 0.275391
vt 0.003296 0.003906
vt 0.003296 0.275391
vt 0.003296 0.003906
vt 0.274658 0.275391
vt 0.274658 0.003906
vt 0.274658 0.003906
vt 0.003296 0.275391
vt 0.274658 0.275391
vt 0.003296 0.275391
vt 0.274658 0.003906
vt 0.003296 0.003906
vt 0.003296 0.275391
vt 0.274658 0.003906
vt 0.274658 0.275391
vt 0.274658 0.003906
vt 0.003296 0.275391
vt 0.003296 0.003906
vt 0.003296 0.275391
vt 0.274658 0.003906
vt 0.003296 0.003906
vt 0.274658 0.003906
vt 0.003296 0.275391
vt 0.274658 0.275391
vt 0.274658 0.275391
vt 0.003296 0.275391
vt 0.003296 0.003906
vt 0.274658 0.275391
vt 0.003296 0.003906
vt 0.274658 0.003906
vt 0.274658 0.275391
vt 0.003296 0.003906
vt 0.003296 0.275391
vt 0.003296 0.003906
vt 0.274658 0.275391
vt 0.274658 0.003906
vt 0.274658 0.275391
vt 0.003296 0.003906
vt 0.274658 0.003906
vt 0.003296 0.003906
vt 0.274658 0.275391
vt 0.003296 0.275391
vt 0.274658 0.275391
vt 0.274658 0.003906
vt 0.003296 0.003906
vt 0.003296 0.003906
vt 0.003296 0.275391
vt 0.274658 0.275391
vt 0.003296 0.275391
vt 0.274658 0.003906
vt 0.003296 0.003906
vt 0.274658 0.003906
vt 0.003296 0.275391
vt 0.274658 0.275391
vt 0.003296 0.275391
vt 0.274658 0.003906
vt 0.274658 0.275391
vt 0.274658 0.003906
vt 0.003296 0.275391
vt 0.003296 0.003906
vt 0.003296 0.275391
vt 0.274658 0.003906
vt 0.003296 0.003906
vt 0.274658 0.003906
vt 0.003296 0.275391
vt 0.274658 0.275391
vt 0.274658 0.275391
vt 0.003296 0.003906
vt 0.274658 0.003906
vt 0.003296 0.003906
vt 0.274658 0.275391
vt 0.003296 0.275391
vt 0.274658 0.003906
vt 0.003296 0.003906
vt 0.274658 0.275391
vt 0.274658 0.275391
vt 0.003296 0.003906
vt 0.003296 0.275391
vt 0.274658 0.003906
vt 0.003296 0.275391
vt 0.003296 0.003906
vt 0.003296 0.275391
vt 0.274658 0.003906
vt 0.274658 0.275391
vt 0.274658 0.003906
vt 0.003296 0.275391
vt 0.274658 0.275391
vt 0.003296 0.275391
vt 0.274658 0.003906
vt 0.003296 0.003906
vt 0.274658 0.275391
vt 0.003296 0.003906
vt 0.274658 0.003906
vt 0.003296 0.003906
vt 0.274658 0.275391
vt 0.003296 0.275391
vt 0.003296 0.003906
vt 0.274658 0.003906
vt 0.274658 0.275391
vt 0.003296 0.003906
vt 0.274658 0.275391
vt 0.003296 0.275391
vt 0.003296 0.275391
vt 0.274658 0.275391
vt 0.003296 0.003906
vt 0.274658 0.003906
vt 0.003296 0.003906
vt 0.274658 0.275391
vt 0.274658 0.003906
vt 0.003296 0.275391
vt 0.003296 0.003906
vt 0.003296 0.275391
vt 0.274658 0.003906
vt 0.274658 0.275391
vt 0.274658 0.003906
vt 0.003296 0.275391
vt 0.274658 0.275391
vt 0.003296 0.275391
vt 0.274658 0.003906
vt 0.003296 0.003906
vt 0.274658 0.003906
vt 0.003296 0.275391
vt 0.003296 0.003906
vt 0.003296 0.275391
vt 0.274658 0.003906
vt 0.274658 0.275391
vt 0.003296 0.003906
vt 0.274658 0.003906
vt 0.274658 0.275391
vt 0.003296 0.003906
vt 0.274658 0.275391
vt 0.003296 0.275391
vt 0.003296 0.003906
vt 0.274658 0.275391
vt 0.274658 0.003906
vt 0.274658 0.275391
vt 0.003296 0.003906
vt 0.003296 0.275391
vt 0.274658 0.275391
vt 0.003296 0.275391
vt 0.003296 0.003906
vt 0.274658 0.275391
vt 0.003296 0.003906
vt 0.274658 0.003906
vt 0.003296 0.275391
vt 0.274658 0.275391
vt 0.003296 0.003906
vt 0.274658 0.275391
vt 0.274658 0.003906
vt 0.003296 0.003906
vt 0.274658 0.003906
vt 0.003296 0.275391
vt 0.003296 0.003906
vt 0.003296 0.275391
vt 0.274658 0.003906
vt 0.274658 0.275391
vt 0.274658 0.003906
vt 0.003296 0.275391
vt 0.274658 0.275391
vt 0.003296 0.275391
vt 0.274658 0.003906
vt 0.003296 0.003906
vt 0.274658 0.003906
vt 0.274658 0.275391
vt 0.003296 0.003906
vt 0.003296 0.003906
vt 0.274658 0.275391
vt 0.003296 0.275391
vt 0.274658 0.275391
vt 0.003296 0.003906
vt 0.003296 0.275391
vt 0.003296 0.003906
vt 0.274658 0.275391
vt 0.274658 0.003906
vt 0.274658 0.003906
vt 0.003296 0.003906
vt 0.274658 0.275391
vt 0.274658 0.275391
vt 0.003296 0.003906
vt 0.003296 0.275391
vt 0.274658 0.003906
vt 0.274658 0.275391
vt 0.003296 0.003906
vt 0.003296 0.275391
vt 0.003296 0.003906
vt 0.274658 0.275391
vt 0.274658 0.275391
vt 0.274658 0.003906
vt 0.003296 0.003906
vt 0.274658 0.275391
vt 0.003296 0.003906
vt 0.003296 0.275391
vt 0.003296 0.275391
vt 0.274658 0.003906
vt 0.274658 0.275391
vt 0.274658 0.003906
vt 0.003296 0.275391
vt 0.003296 0.003906
vt 0.274658 0.003906
vt 0.003296 0.275391
vt 0.274658 0.275391
vt 0.003296 0.275391
vt 0.274658 0.003906
vt 0.003296 0.003906
vt 0.274658 0.003906
vt 0.003296 0.275391
vt 0.003296 0.003906
vt 0.003296 0.275391
vt 0.274658 0.003906
vt 0.274658 0.275391
vt 0.003296 0.275391
vt 0.274658 0.003906
vt 0.003296 0.003906
vt 0.274658 0.003906
vt 0.003296 0.275391
vt 0.274658 0.275391
vt 0.274658 0.003906
vt 0.003296 0.275391
vt 0.003296 0.003906
vt 0.003296 0.275391
vt 0.274658 0.003906
vt 0.274658 0.275391
vt 0.003296 0.275391
vt 0.274658 0.003906
vt 0.003296 0.003906
vt 0.274658 0.003906
vt 0.003296 0.275391
vt 0.274658 0.275391
vt 0.274658 0.003906
vt 0.003296 0.275391
vt 0.003296 0.003906
vt 0.003296 0.275391
vt 0.274658 0.003906
vt 0.274658 0.275391
vt 0.274658 0.003906
vt 0.003296 0.275391
vt 0.274658 0.275391
vt 0.003296 0.275391
vt 0.274658 0.003906
vt 0.003296 0.003906
vt 0.274658 0.003906
vt 0.003296 0.275391
vt 0.003296 0.003906
vt 0.003296 0.275391
vt 0.274658 0.003906
vt 0.274658 0.275391
vt 0.274658 0.003906
vt 0.003296 0.275391
vt 0.274658 0.275391
vt 0.003296 0.275391
vt 0.274658 0.003906
vt 0.003296 0.003906
vt 0.274658 0.003906
vt 0.003296 0.003906
vt 0.274658 0.275391
vt 0.274658 0.275391
vt 0.003296 0.003906
vt 0.003296 0.275391
vt 0.003296 0.275391
vt 0.003296 0.003906
vt 0.274658 0.275391
vt 0.003296 0.003906
vt 0.274658 0.003906
vt 0.274658 0.275391
vt 0.003296 0.003906
vt 0.003296 0.275391
vt 0.274658 0.275391
vt 0.003296 0.003906
vt 0.274658 0.275391
vt 0.274658 0.003906
vt 0.274658 0.275391
vt 0.003296 0.003906
vt 0.274658 0.003906
vt 0.003296 0.003906
vt 0.274658 0.275391
vt 0.003296 0.275391
vt 0.003296 0.003906
vt 0.003296 0.275391
vt 0.274658 0.275391
vt 0.003296 0.003906
vt 0.274658 0.275391
vt 0.274658 0.003906
vt 0.003296 0.275391
vt 0.003296 0.003906
vt 0.274658 0.275391
vt 0.003296 0.003906
vt 0.274658 0.003906
vt 0.274658 0.275391
vt 0.003296 0.003906
vt 0.003296 0.275391
vt 0.274658 0.275391
vt 0.003296 0.003906
vt 0.274658 0.275391
vt 0.274658 0.003906
vt 0.274658 0.275391
vt 0.003296 0.275391
vt 0.003296 0.003906
vt 0.274658 0.275391
vt 0.003296 0.003906
vt 0.274658 0.003906
vt 0.003296 0.275391
vt 0.274658 0.275391
vt 0.003296 0.003906
vt 0.274658 0.275391
vt 0.274658 0.003906
vt 0.003296 0.003906
vt 0.003296 0.275391
vt 0.274658 0.003906
vt 0.274658 0.275391
vt 0.274658 0.003906
vt 0.003296 0.275391
vt 0.003296 0.003906
vt 0.003296 0.275391
vt 0.274658 0.003906
vt 0.003296 0.003906
vt 0.274658 0.003906
vt 0.003296 0.275391
vt 0.274658 0.275391
vt 0.003296 0.275391
vt 0.274658 0.003906
vt 0.274658 0.275391
vt 0.274658 0.003906
vt 0.003296 0.275391
vt 0.003296 0.003906
vt 0.003296 0.275391
vt 0.274658 0.003906
vt 0.003296 0.003906
vt 0.274658 0.003906
vt 0.003296 0.275391
vt 0.274658 0.275391
vt 0.274658 0.275391
vt 0.003296 0.003906
vt 0.274658 0.003906
vt 0.003296 0.003906
vt 0.274658 0.275391
vt 0.003296 0.275391
vt 0.003296 0.275391
vt 0.274658 0.275391
vt 0.003296 0.003906
vt 0.003296 0.003906
vt 0.274658 0.275391
vt 0.274658 0.003906
vt 0.274658 0.275391
vt 0.003296 0.003906
vt 0.274658 0.003906
vt 0.003296 0.003906
vt 0.274658 0.275391
vt 0.003296 0.275391
vt 0.003296 0.275391
vt 0.274658 0.275391
vt 0.003296 0.003906
vt 0.003296 0.003906
vt 0.274658 0.275391
vt 0.274658 0.003906
vt 0.274658 0.003906
vt 0.003296 0.275391
vt 0.274658 0.275391
vt 0.003296 0.275391
vt 0.274658 0.003906
vt 0.003296 0.003906
vt 0.274658 0.003906
vt 0.274658 0.275391
vt 0.003296 0.003906
vt 0.003296 0.003906
vt 0.274658 0.275391
vt 0.003296 0.275391
vt 0.274658 0.275391
vt 0.003296 0.003906
vt 0.003296 0.275391
vt 0.003296 0.003906
vt 0.274658 0.275391
vt 0.274658 0.003906
vt 0.003296 0.275391
vt 0.274658 0.003906
vt 0.274658 0.275391
vt 0.274658 0.003906
vt 0.003296 0.275391
vt 0.003296 0.003906
vt 0.274658 0.003906
vt 0.003296 0.275391
vt 0.274658 0.275391
vt 0.003296 0.275391
vt 0.274658 0.003906
vt 0.003296 0.003906
vt 0.274658 0.275391
vt 0.003296 0.003906
vt 0.274658 0.003906
vt 0.003296 0.003906
vt 0.274658 0.275391
vt 0.003296 0.275391
vt 0.274658 0.003906
vt 0.003296 0.003906
vt 0.274658 0.275391
vt 0.274658 0.275391
vt 0.003296 0.003906
vt 0.003296 0.275391
vt 0.274658 0.275391
vt 0.003296 0.003906
vt 0.274658 0.003906
vt 0.003296 0.003906
vt 0.274658 0.275391
vt 0.003296 0.275391
vt 0.003296 0.275391
vt 0.274658 0.003906
vt 0.274658 0.275391
vt 0.274658 0.003906
vt 0.003296 0.275391
vt 0.003296 0.003906
vt 0.003296 0.275391
vt 0.274658 0.003906
vt 0.003296 0.003906
vt 0.274658 0.003906
vt 0.003296 0.275391
vt 0.274658 0.275391
vt 0.274658 0.275391
vt 0.003296 0.003906
vt 0.274658 0.003906
vt 0.003296 0.003906
vt 0.274658 0.275391
vt 0.003296 0.275391
vt 0.274658 0.275391
vt 0.274658 0.003906
vt 0.003296 0.003906
vt 0.274658 0.275391
vt 0.003296 0.003906
vt 0.003296 0.275391
vt 0.274658 0.003906
vt 0.003296 0.275391
vt 0.003296 0.003906
vt 0.003296 0.275391
vt 0.274658 0.003906
vt 0.274658 0.275391
vt 0.003296 0.275391
vt 0.274658 0.003906
vt 0.003296 0.003906
vt 0.274658 0.003906
vt 0.003296 0.275391
vt 0.274658 0.275391
vt 0.274658 0.003906
vt 0.003296 0.275391
vt 0.003296 0.003906
vt 0.003296 0.275391
vt 0.274658 0.003906
vt 0.274658 0.275391
vt 0.003296 0.275391
vt 0.274658 0.003906
vt 0.003296 0.003906
vt 0.274658 0.003906
vt 0.003296 0.275391
vt 0.274658 0.275391
vt 0.003296 0.275391
vt 0.274658 0.003906
vt 0.274658 0.275391
vt 0.274658 0.003906
vt 0.003296 0.275391
vt 0.003296 0.003906
vt 0.003296 0.275391
vt 0.274658 0.003906
vt 0.003296 0.003906
vt 0.274658 0.003906
vt 0.003296 0.275391
vt 0.274658 0.275391
vt 0.003296 0.275391
vt 0.003296 0.003906
vt 0.274658 0.275391
vt 0.003296 0.003906
vt 0.274658 0.003906
vt 0.274658 0.275391
vt 0.003296 0.275391
vt 0.274658 0.275391
vt 0.003296 0.003906
vt 0.003296 0.003906
vt 0.274658 0.275391
vt 0.274658 0.003906
vt 0.003296 0.275391
vt 0.274658 0.003906
vt 0.003296 0.003906
vt 0.274658 0.003906
vt 0.003296 0.275391
vt 0.274658 0.275391
vt 0.003296 0.275391
vt 0.003296 0.003906
vt 0.274658 0.275391
vt 0.003296 0.003906
vt 0.274658 0.003906
vt 0.274658 0.275391
vt 0.274658 0.275391
vt 0.003296 0.003906
vt 0.003296 0.275391
vt 0.003296 0.003906
vt 0.274658 0.275391
vt 0.274658 0.003906
vt 0.274658 0.003906
vt 0.003296 0.275391
vt 0.003296 0.003906
vt 0.003296 0.275391
vt 0.274658 0.003906
vt 0.274658 0.275391
vt 0.003296 0.275391
vt 0.274658 0.003906
vt 0.003296 0.003906
vt 0.274658 0.003906
vt 0.003296 0.275391
vt 0.274658 0.275391
vt 0.003296 0.275391
vt 0.003296 0.003906
vt 0.274658 0.275391
vt 0.003296 0.003906
vt 0.274658 0.003906
vt 0.274658 0.275391
vt 0.274658 0.275391
vt 0.274658 0.003906
vt 0.003296 0.003906
vt 0.274658 0.275391
vt 0.003296 0.003906
vt 0.003296 0.275391
vt 0.003296 0.275391
vt 0.003296 0.003906
vt 0.274658 0.275391
vt 0.003296 0.003906
vt 0.274658 0.003906
vt 0.274658 0.275391
vt 0.274658 0.003906
vt 0.003296 0.275391
vt 0.274658 0.275391
vt 0.003296 0.275391
vt 0.274658 0.003906
vt 0.003296 0.003906
vt 0.003296 0.275391
vt 0.274658 0.003906
vt 0.274658 0.275391
vt 0.274658 0.003906
vt 0.003296 0.275391
vt 0.003296 0.003906
vt 0.003296 0.275391
vt 0.274658 0.003906
vt 0.003296 0.003906
vt 0.274658 0.003906
vt 0.003296 0.275391
vt 0.274658 0.275391
vt 0.274658 0.275391
vt 0.003296 0.275391
vt 0.003296 0.003906
vt 0.003296 0.003906
vt 0.274658 0.003906
vt 0.274658 0.275391
vt 0.003296 0.275391
vt 0.274658 0.003906
vt 0.274658 0.275391
vt 0.274658 0.003906
vt 0.003296 0.275391
vt 0.003296 0.003906
vt 0.274658 0.003906
vt 0.003296 0.275391
vt 0.274658 0.275391
vt 0.003296 0.275391
vt 0.274658 0.003906
vt 0.003296 0.003906
vt 0.274658 0.275391
vt 0.003296 0.275391
vt 0.003296 0.003906
vt 0.274658 0.275391
vt 0.003296 0.003906
vt 0.274658 0.003906
vt 0.003296 0.275391
vt 0.274658 0.275391
vt 0.003296 0.003906
vt 0.274658 0.003906
vt 0.003296 0.003906
vt 0.274658 0.275391
vt 0.003296 0.275391
vt 0.274658 0.003906
vt 0.274658 0.275391
vt 0.274658 0.003906
vt 0.003296 0.275391
vt 0.003296 0.003906
vt 0.003296 0.275391
vt 0.274658 0.003906
vt 0.003296 0.003906
vt 0.274658 0.003906
vt 0.003296 0.275391
vt 0.274658 0.275391
vt 0.274658 0.003906
vt 0.003296 0.275391
vt 0.003296 0.003906
vt 0.003296 0.275391
vt 0.274658 0.003906
vt 0.274658 0.275391
vt 0.274658 0.003906
vt 0.003296 0.275391
vt 0.274658 0.275391
vt 0.003296 0.275391
vt 0.274658 0.003906
vt 0.003296 0.003906
vt 0.003296 0.275391
vt 0.274658 0.003906
vt 0.274658 0.275391
vt 0.274658 0.003906
vt 0.003296 0.275391
vt 0.003296 0.003906
vt 0.274658 0.003906
vt 0.003296 0.275391
vt 0.274658 0.275391
vt 0.003296 0.275391
vt 0.274658 0.003906
vt 0.003296 0.003906
vt 0.274658 0.275391
vt 0.003296 0.275391
vt 0.003296 0.003906
vt 0.274658 0.275391
vt 0.003296 0.003906
vt 0.274658 0.003906
vt 0.003296 0.275391
vt 0.274658 0.275391
vt 0.003296 0.003906
vt 0.274658 0.003906
vt 0.003296 0.003906
vt 0.274658 0.275391
vt 0.003296 0.275391
vt 0.274658 0.003906
vt 0.274658 0.275391
vt 0.274658 0.003906
vt 0.003296 0.275391
vt 0.003296 0.003906
vt 0.003296 0.275391
vt 0.274658 0.275391
vt 0.003296 0.003906
vt 0.274658 0.275391
vt 0.274658 0.003906
vt 0.003296 0.003906
vt 0.274658 0.275391
vt 0.003296 0.003906
vt 0.274658 0.003906
vt 0.003296 0.003906
vt 0.274658 0.275391
vt 0.003296 0.275391
vt 0.274658 0.275391
vt 0.274658 0.003906
vt 0.003296 0.003906
vt 0.274658 0.275391
vt 0.003296 0.003906
vt 0.003296 0.275391
vt 0.274658 0.003906
vt 0.274658 0.275391
vt 0.003296 0.003906
vt 0.003296 0.003906
vt 0.274658 0.275391
vt 0.003296 0.275391
vt 0.274658 0.275391
vt 0.003296 0.003906
vt 0.003296 0.275391
vt 0.003296 0.003906
vt 0.274658 0.275391
vt 0.274658 0.003906
vt 0.274658 0.003906
vt 0.003296 0.275391
vt 0.003296 0.003906
vt 0.003296 0.275391
vt 0.274658 0.003906
vt 0.274658 0.275391
vt 0.274658 0.003906
vt 0.003296 0.275391
vt 0.274658 0.275391
vt 0.003296 0.275391
vt 0.274658 0.003906
vt 0.003296 0.003906
vt 0.003296 0.275391
vt 0.003296 0.003906
vt 0.274658 0.275391
vt 0.003296 0.003906
vt 0.274658 0.003906
vt 0.274658 0.275391
vt 0.274658 0.003906
vt 0.003296 0.003906
vt 0.274658 0.275391
vt 0.274658 0.275391
vt 0.003296 0.003906
vt 0.003296 0.275391
vt 0.003296 0.003906
vt 0.003296 0.275391
vt 0.274658 0.275391
vt 0.274658 0.275391
vt 0.274658 0.003906
vt 0.003296 0.003906
vt 0.003296 0.003906
vt 0.274658 0.275391
vt 0.003296 0.275391
vt 0.274658 0.275391
vt 0.003296 0.003906
vt 0.274658 0.003906
vt 0.274658 0.003906
vt 0.003296 0.003906
vt 0.274658 0.275391
vt 0.274658 0.275391
vt 0.003296 0.003906
vt 0.003296 0.275391
vt 0.003296 0.003906
vt 0.274658 0.003906
vt 0.274658 0.275391
vt 0.003296 0.003906
vt 0.274658 0.275391
vt 0.003296 0.275391
vt 0.003296 0.275391
vt 0.274658 0.003906
vt 0.274658 0.275391
vt 0.274658 0.003906
vt 0.003296 0.275391
vt 0.003296 0.003906
vt 0.003296 0.275391
vt 0.274658 0.003906
vt 0.003296 0.003906
vt 0.274658 0.003906
vt 0.003296 0.275391
vt 0.274658 0.275391
vt 0.003296 0.275391
vt 0.003296 0.003906
vt 0.274658 0.275391
vt 0.003296 0.003906
vt 0.274658 0.003906
vt 0.274658 0.275391
vt 0.003296 0.003906
vt 0.003296 0.275391
vt 0.274658 0.275391
vt 0.003296 0.003906
vt 0.274658 0.275391
vt 0.274658 0.003906
vt 0.003296 0.275391
vt 0.274658 0.003906
vt 0.274658 0.275391
vt 0.274658 0.003906
vt 0.003296 0.275391
vt 0.003296 0.003906
vt 0.274658 0.003906
vt 0.003296 0.275391
vt 0.274658 0.275391
vt 0.003296 0.275391
vt 0.274658 0.003906
vt 0.003296 0.003906
vt 0.003296 0.275391
vt 0.274658 0.003906
vt 0.274658 0.275391
vt 0.274658 0.003906
vt 0.003296 0.275391
vt 0.003296 0.003906
vt 0.274658 0.003906
vt 0.003296 0.275391
vt 0.274658 0.275391
vt 0.003296 0.275391
vt 0.274658 0.003906
vt 0.003296 0.003906
vt 0.274658 0.003906
vt 0.274658 0.275391
vt 0.003296 0.003906
vt 0.003296 0.003906
vt 0.274658 0.275391
vt 0.003296 0.275391
vt 0.003296 0.275391
vt 0.274658 0.003906
vt 0.274658 0.275391
vt 0.274658 0.003906
vt 0.003296 0.275391
vt 0.003296 0.003906
vt 0.274658 0.003906
vt 0.003296 0.275391
vt 0.274658 0.275391
vt 0.003296 0.275391
vt 0.274658 0.003906
vt 0.003296 0.003906
vt 0.003296 0.275391
vt 0.003296 0.003906
vt 0.274658 0.275391
vt 0.003296 0.003906
vt 0.274658 0.003906
vt 0.274658 0.275391
vt 0.274658 0.275391
vt 0.274658 0.003906
vt 0.003296 0.003906
vt 0.274658 0.275391
vt 0.003296 0.003906
vt 0.003296 0.275391
vt 0.274658 0.275391
vt 0.003296 0.003906
vt 0.003296 0.275391
vt 0.003296 0.003906
vt 0.274658 0.275391
vt 0.274658 0.003906
vt 0.003296 0.275391
vt 0.274658 0.003906
vt 0.274658 0.275391
vt 0.274658 0.003906
vt 0.003296 0.275391
vt 0.003296 0.003906
vt 0.274658 0.003906
vt 0.003296 0.275391
vt 0.274658 0.275391
vt 0.003296 0.275391
vt 0.274658 0.003906
vt 0.003296 0.003906
vt 0.274658 0.275391
vt 0.003296 0.003906
vt 0.274658 0.003906
vt 0.003296 0.003906
vt 0.274658 0.275391
vt 0.003296 0.275391
vt 0.003296 0.003906
vt 0.003296 0.275391
vt 0.274658 0.275391
vt 0.003296 0.003906
vt 0.274658 0.275391
vt 0.274658 0.003906
vt 0.274658 0.003906
vt 0.274658 0.275391
vt 0.003296 0.003906
vt 0.003296 0.003906
vt 0.274658 0.275391
vt 0.003296 0.275391
vt 0.003296 0.003906
vt 0.003296 0.275391
vt 0.274658 0.275391
vt 0.003296 0.003906
vt 0.274658 0.275391
vt 0.274658 0.003906
vt 0.274658 0.003906
vt 0.003296 0.275391
vt 0.003296 0.003906
vt 0.003296 0.275391
vt 0.274658 0.003906
vt 0.274658 0.275391
vt 0.274658 0.003906
vt 0.003296 0.275391
vt 0.003296 0.003906
vt 0.003296 0.275391
vt 0.274658 0.003906
vt 0.274658 0.275391
vt 0.274658 0.003906
vt 0.003296 0.275391
vt 0.274658 0.275391
vt 0.003296 0.275391
vt 0.274658 0.003906
vt 0.003296 0.003906
vt 0.003296 0.275391
vt 0.003296 0.003906
vt 0.274658 0.275391
vt 0.003296 0.003906
vt 0.274658 0.003906
vt 0.274658 0.275391
vt 0.003296 0.003906
vt 0.003296 0.275391
vt 0.274658 0.275391
vt 0.003296 0.003906
vt 0.274658 0.275391
vt 0.274658 0.003906
vt 0.003296 0.275391
vt 0.274658 0.003906
vt 0.003296 0.003906
vt 0.274658 0.003906
vt 0.003296 0.275391
vt 0.274658 0.275391
vt 0.003296 0.275391
vt 0.274658 0.003906
vt 0.274658 0.275391
vt 0.274658 0.003906
vt 0.003296 0.275391
vt 0.003296 0.003906
vt 0.274658 0.003906
vt 0.003296 0.275391
vt 0.274658 0.275391
vt 0.003296 0.275391
vt 0.274658 0.003906
vt 0.003296 0.003906
vt 0.274658 0.003906
vt 0.274658 0.275391
vt 0.003296 0.003906
vt 0.003296 0.003906
vt 0.274658 0.275391
vt 0.003296 0.275391
vt 0.274658 0.275391
vt 0.003296 0.003906
vt 0.003296 0.275391
vt 0.003296 0.003906
vt 0.274658 0.275391
vt 0.274658 0.003906
vt 0.003296 0.275391
vt 0.274658 0.003906
vt 0.274658 0.275391
vt 0.274658 0.003906
vt 0.003296 0.275391
vt 0.003296 0.003906
vt 0.003296 0.275391
vt 0.274658 0.003906
vt 0.003296 0.003906
vt 0.274658 0.003906
vt 0.003296 0.275391
vt 0.274658 0.275391
vt 0.274658 0.003906
vt 0.003296 0.275391
vt 0.003296 0.003906
vt 0.003296 0.275391
vt 0.274658 0.003906
vt 0.274658 0.275391
vt 0.003296 0.275391
vt 0.274658 0.003906
vt 0.003296 0.003906
vt 0.274658 0.003906
vt 0.003296 0.275391
vt 0.274658 0.275391
vt 0.274658 0.275391
vt 0.003296 0.275391
vt 0.003296 0.003906
vt 0.274658 0.275391
vt 0.003296 0.003906
vt 0.274658 0.003906
vt 0.003296 0.003906
vt 0.274658 0.275391
vt 0.274658 0.003906
vt 0.274658 0.275391
vt 0.003296 0.003906
vt 0.003296 0.275391
vt 0.274658 0.275391
vt 0.003296 0.275391
vt 0.003296 0.003906
vt 0.274658 0.275391
vt 0.003296 0.003906
vt 0.274658 0.003906
vt 0.274658 0.003906
vt 0.003296 0.003906
vt 0.274658 0.275391
vt 0.003296 0.003906
vt 0.003296 0.275391
vt 0.274658 0.275391
vt 0.274658 0.275391
vt 0.003296 0.003906
vt 0.274658 0.003906
vt 0.003296 0.003906
vt 0.274658 0.275391
vt 0.003296 0.275391
vt 0.274658 0.275391
vt 0.274658 0.003906
vt 0.003296 0.003906
vt 0.003296 0.003906
vt 0.003296 0.275391
vt 0.274658 0.275391
vt 0.274658 0.003906
vt 0.003296 0.275391
vt 0.003296 0.003906
vt 0.003296 0.275391
vt 0.274658 0.003906
vt 0.274658 0.275391
vt 0.003296 0.275391
vt 0.274658 0.003906
vt 0.003296 0.003906
vt 0.274658 0.003906
vt 0.003296 0.275391
vt 0.274658 0.275391
vt 0.274658 0.003906
vt 0.003296 0.275391
vt 0.003296 0.003906
vt 0.003296 0.275391
vt 0.274658 0.003906
vt 0.274658 0.275391
vt 0.274658 0.003906
vt 0.003296 0.275391
vt 0.274658 0.275391
vt 0.003296 0.275391
vt 0.274658 0.003906
vt 0.003296 0.003906
vt 0.003296 0.003906
vt 0.274658 0.275391
vt 0.003296 0.275391
vt 0.274658 0.275391
vt 0.003296 0.003906
vt 0.274658 0.003906
vt 0.003296 0.003906
vt 0.003296 0.275391
vt 0.274658 0.275391
vt 0.003296 0.003906
vt 0.274658 0.275391
vt 0.274658 0.003906
vt 0.274658 0.275391
vt 0.003296 0.003906
vt 0.003296 0.275391
vt 0.003296 0.003906
vt 0.274658 0.275391
vt 0.274658 0.003906
vt 0.274658 0.003906
vt 0.003296 0.275391
vt 0.003296 0.003906
vt 0.003296 0.275391
vt 0.274658 0.003906
vt 0.274658 0.275391
vt 0.003296 0.275391
vt 0.274658 0.003906
vt 0.003296 0.003906
vt 0.274658 0.003906
vt 0.003296 0.275391
vt 0.274658 0.275391
vt 0.274658 0.003906
vt 0.003296 0.275391
vt 0.003296 0.003906
vt 0.003296 0.275391
vt 0.274658 0.003906
vt 0.274658 0.275391
vt 0.003296 0.275391
vt 0.274658 0.003906
vt 0.274658 0.275391
vt 0.274658 0.003906
vt 0.003296 0.275391
vt 0.003296 0.003906
vt 0.274658 0.003906
vt 0.003296 0.275391
vt 0.274658 0.275391
vt 0.003296 0.275391
vt 0.274658 0.003906
vt 0.003296 0.003906
vt 0.274658 0.275391
vt 0.003296 0.275391
vt 0.003296 0.003906
vt 0.003296 0.003906
vt 0.274658 0.003906
vt 0.274658 0.275391
vt 0.003296 0.275391
vt 0.274658 0.275391
vt 0.003296 0.003906
vt 0.274658 0.275391
vt 0.274658 0.003906
vt 0.003296 0.003906
vt 0.003296 0.275391
vt 0.274658 0.003906
vt 0.274658 0.275391
vt 0.274658 0.003906
vt 0.003296 0.275391
vt 0.003296 0.003906
vt 0.003296 0.275391
vt 0.274658 0.003906
vt 0.003296 0.003906
vt 0.274658 0.003906
vt 0.003296 0.275391
vt 0.274658 0.275391
vt 0.003296 0.275391
vt 0.274658 0.003906
vt 0.274658 0.275391
vt 0.274658 0.003906
vt 0.003296 0.275391
vt 0.003296 0.003906
vt 0.003296 0.275391
vt 0.274658 0.003906
vt 0.003296 0.003906
vt 0.274658 0.003906
vt 0.003296 0.275391
vt 0.274658 0.275391
vt 0.003296 0.275391
vt 0.274658 0.003906
vt 0.274658 0.275391
vt 0.274658 0.003906
vt 0.003296 0.275391
vt 0.003296 0.003906
vt 0.274658 0.003906
vt 0.274658 0.275391
vt 0.003296 0.003906
vt 0.003296 0.003906
vt 0.274658 0.275391
vt 0.003296 0.275391
vt 0.003296 0.003906
vt 0.274658 0.275391
vt 0.274658 0.003906
vt 0.274658 0.275391
vt 0.003296 0.003906
vt 0.003296 0.275391
vt 0.274658 0.275391
vt 0.003296 0.003906
vt 0.274658 0.003906
vt 0.003296 0.003906
vt 0.274658 0.275391
vt 0.003296 0.275391
vt 0.274658 0.275391
vt 0.274658 0.003906
vt 0.003296 0.003906
vt 0.003296 0.003906
vt 0.003296 0.275391
vt 0.274658 0.275391
vt 0.274658 0.275391
vt 0.003296 0.003906
vt 0.274658 0.003906
vt 0.003296 0.003906
vt 0.274658 0.275391
vt 0.003296 0.275391
vt 0.274658 0.275391
vt 0.003296 0.003906
vt 0.003296 0.275391
vt 0.003296 0.003906
vt 0.274658 0.275391
vt 0.274658 0.003906
vt 0.274658 0.275391
vt 0.003296 0.003906
vt 0.274658 0.003906
vt 0.003296 0.003906
vt 0.274658 0.275391
vt 0.003296 0.275391
vt 0.274658 0.003906
vt 0.003296 0.003906
vt 0.274658 0.275391
vt 0.003296 0.003906
vt 0.003296 0.275391
vt 0.274658 0.275391
vt 0.003296 0.275391
vt 0.274658 0.003906
vt 0.274658 0.275391
vt 0.274658 0.003906
vt 0.003296 0.275391
vt 0.003296 0.003906
vt 0.274658 0.003906
vt 0.003296 0.275391
vt 0.274658 0.275391
vt 0.003296 0.275391
vt 0.274658 0.003906
vt 0.003296 0.003906
vt 0.003296 0.275391
vt 0.274658 0.003906
vt 0.274658 0.275391
vt 0.274658 0.003906
vt 0.003296 0.275391
vt 0.003296 0.003906
vt 0.003296 0.275391
vt 0.274658 0.003906
vt 0.003296 0.003906
vt 0.274658 0.003906
vt 0.003296 0.275391
vt 0.274658 0.275391
vt 0.003296 0.275391
vt 0.274658 0.003906
vt 0.274658 0.275391
vt 0.274658 0.003906
vt 0.003296 0.275391
vt 0.003296 0.003906
vt 0.274658 0.003906
vt 0.003296 0.275391
vt 0.274658 0.275391
vt 0.003296 0.275391
vt 0.274658 0.003906
vt 0.003296 0.003906
vt 0.274658 0.275391
vt 0.003296 0.275391
vt 0.003296 0.003906
vt 0.274658 0.275391
vt 0.003296 0.003906
vt 0.274658 0.003906
vt 0.003296 0.275391
vt 0.274658 0.275391
vt 0.003296 0.003906
vt 0.274658 0.275391
vt 0.274658 0.003906
vt 0.003296 0.003906
vt 0.274658 0.003906
vt 0.274658 0.275391
vt 0.003296 0.003906
vt 0.003296 0.003906
vt 0.274658 0.275391
vt 0.003296 0.275391
vt 0.003296 0.275391
vt 0.274658 0.275391
vt 0.003296 0.003906
vt 0.274658 0.275391
vt 0.274658 0.003906
vt 0.003296 0.003906
vt 0.003296 0.275391
vt 0.274658 0.003906
vt 0.274658 0.275391
vt 0.274658 0.003906
vt 0.003296 0.275391
vt 0.003296 0.003906
vt 0.274658 0.003906
vt 0.003296 0.275391
vt 0.274658 0.275391
vt 0.003296 0.275391
vt 0.274658 0.003906
vt 0.003296 0.003906
vt 0.274658 0.003906
vt 0.274658 0.275391
vt 0.003296 0.003906
vt 0.003296 0.003906
vt 0.274658 0.275391
vt 0.003296 0.275391
vt 0.003296 0.275391
vt 0.274658 0.275391
vt 0.003296 0.003906
vt 0.274658 0.275391
vt 0.274658 0.003906
vt 0.003296 0.003906
vt 0.003296 0.275391
vt 0.274658 0.003906
vt 0.274658 0.275391
vt 0.274658 0.003906
vt 0.003296 0.275391
vt 0.003296 0.003906
vt 0.274658 0.003906
vt 0.003296 0.275391
vt 0.274658 0.275391
vt 0.003296 0.275391
vt 0.274658 0.003906
vt 0.003296 0.003906
vt 0.003296 0.275391
vt 0.274658 0.003906
vt 0.003296 0.003906
vt 0.274658 0.003906
vt 0.003296 0.275391
vt 0.274658 0.275391
vt 0.274658 0.003906
vt 0.003296 0.275391
vt 0.003296 0.003906
vt 0.003296 0.275391
vt 0.274658 0.003906
vt 0.274658 0.275391
vt 0.274658 0.003906
vt 0.003296 0.275391
vt 0.274658 0.275391
vt 0.003296 0.275391
vt 0.274658 0.003906
vt 0.003296 0.003906
vt 0.274658 0.003906
vt 0.003296 0.275391
vt 0.003296 0.003906
vt 0.003296 0.275391
vt 0.274658 0.003906
vt 0.274658 0.275391
vt 0.274658 0.003906
vt 0.003296 0.275391
vt 0.274658 0.275391
vt 0.003296 0.275391
vt 0.274658 0.003906
vt 0.003296 0.003906
vt 0.003296 0.275391
vt 0.274658 0.003906
vt 0.274658 0.275391
vt 0.274658 0.003906
vt 0.003296 0.275391
vt 0.003296 0.003906
vt 0.274658 0.003906
vt 0.003296 0.275391
vt 0.274658 0.275391
vt 0.003296 0.275391
vt 0.274658 0.003906
vt 0.003296 0.003906
vt 0.003296 0.275391
vt 0.274658 0.003906
vt 0.274658 0.275391
vt 0.274658 0.003906
vt 0.003296 0.275391
vt 0.003296 0.003906
vt 0.003296 0.275391
vt 0.274658 0.003906
vt 0.003296 0.003906
vt 0.274658 0.003906
vt 0.003296 0.275391
vt 0.274658 0.275391
vt 0.274658 0.003906
vt 0.003296 0.275391
vt 0.003296 0.003906
vt 0.003296 0.275391
vt 0.274658 0.003906
vt 0.274658 0.275391
vt 0.274658 0.003906
vt 0.003296 0.275391
vt 0.274658 0.275391
vt 0.003296 0.275391
vt 0.274658 0.003906
vt 0.003296 0.003906
vt 0.003296 0.275391
vt 0.003296 0.003906
vt 0.274658 0.275391
vt 0.003296 0.003906
vt 0.274658 0.003906
vt 0.274658 0.275391
vt 0.003296 0.003906
vt 0.274658 0.275391
vt 0.274658 0.003906
vt 0.274658 0.275391
vt 0.003296 0.003906
vt 0.003296 0.275391
vt 0.003296 0.275391
vt 0.274658 0.003906
vt 0.274658 0.275391
vt 0.274658 0.003906
vt 0.003296 0.275391
vt 0.003296 0.003906
vt 0.274658 0.003906
vt 0.003296 0.275391
vt 0.274658 0.275391
vt 0.003296 0.275391
vt 0.274658 0.003906
vt 0.003296 0.003906
vt 0.003296 0.003906
vt 0.274658 0.003906
vt 0.274658 0.275391
vt 0.003296 0.003906
vt 0.274658 0.275391
vt 0.003296 0.275391
vt 0.274658 0.275391
vt 0.003296 0.003906
vt 0.003296 0.275391
vt 0.003296 0.003906
vt 0.274658 0.275391
vt 0.274658 0.003906
vt 0.274658 0.275391
vt 0.003296 0.275391
vt 0.003296 0.003906
vt 0.003296 0.003906
vt 0.274658 0.003906
vt 0.274658 0.275391
vt 0.003296 0.003906
vt 0.274658 0.275391
vt 0.274658 0.003906
vt 0.274658 0.275391
vt 0.003296 0.003906
vt 0.003296 0.275391
vt 0.003296 0.275391
vt 0.274658 0.003906
vt 0.274658 0.275391
vt 0.274658 0.003906
vt 0.003296 0.275391
vt 0.003296 0.003906
vt 0.003296 0.275391
vt 0.274658 0.003906
vt 0.003296 0.003906
vt 0.274658 0.003906
vt 0.003296 0.275391
vt 0.274658 0.275391
vt 0.274658 0.003906
vt 0.003296 0.275391
vt 0.003296 0.003906
vt 0.003296 0.275391
vt 0.274658 0.003906
vt 0.274658 0.275391
vt 0.274658 0.003906
vt 0.003296 0.275391
vt 0.274658 0.275391
vt 0.003296 0.275391
vt 0.274658 0.003906
vt 0.003296 0.003906
vt 0.003296 0.275391
vt 0.274658 0.003906
vt 0.274658 0.275391
vt 0.274658 0.003906
vt 0.003296 0.275391
vt 0.003296 0.003906
vt 0.003296 0.275391
vt 0.274658 0.003906
vt 0.003296 0.003906
vt 0.274658 0.003906
vt 0.003296 0.275391
vt 0.274658 0.275391
vt 0.274658 0.003906
vt 0.274658 0.275391
vt 0.003296 0.003906
vt 0.003296 0.003906
vt 0.274658 0.275391
vt 0.003296 0.275391
vt 0.274658 0.275391
vt 0.003296 0.003906
vt 0.003296 0.275391
vt 0.003296 0.003906
vt 0.274658 0.275391
vt 0.274658 0.003906
vt 0.274658 0.003906
vt 0.274658 0.275391
vt 0.003296 0.003906
vt 0.003296 0.003906
vt 0.274658 0.275391
vt 0.003296 0.275391
vt 0.003296 0.003906
vt 0.274658 0.275391
vt 0.274658 0.003906
vt 0.274658 0.275391
vt 0.003296 0.003906
vt 0.003296 0.275391
vt 0.003296 0.275391
vt 0.274658 0.003906
vt 0.274658 0.275391
vt 0.274658 0.003906
vt 0.003296 0.275391
vt 0.003296 0.003906
vt 0.274658 0.275391
vt 0.003296 0.275391
vt 0.003296 0.003906
vt 0.003296 0.003906
vt 0.274658 0.003906
vt 0.274658 0.275391
vt 0.003296 0.003906
vt 0.274658 0.275391
vt 0.274658 0.003906
vt 0.274658 0.275391
vt 0.003296 0.003906
vt 0.003296 0.275391
vt 0.274658 0.003906
vt 0.003296 0.275391
vt 0.003296 0.003906
vt 0.003296 0.275391
vt 0.274658 0.003906
vt 0.274658 0.275391
vt 0.274658 0.003906
vt 0.003296 0.275391
vt 0.274658 0.275391
vt 0.003296 0.275391
vt 0.274658 0.003906
vt 0.003296 0.003906
vt 0.003296 0.275391
vt 0.274658 0.003906
vt 0.274658 0.275391
vt 0.274658 0.003906
vt 0.003296 0.275391
vt 0.003296 0.003906
vt 0.003296 0.275391
vt 0.274658 0.275391
vt 0.003296 0.003906
vt 0.274658 0.275391
vt 0.274658 0.003906
vt 0.003296 0.003906
vt 0.003296 0.275391
vt 0.274658 0.003906
vt 0.274658 0.275391
vt 0.274658 0.003906
vt 0.003296 0.275391
vt 0.003296 0.003906
vt 0.003296 0.275391
vt 0.274658 0.275391
vt 0.003296 0.003906
vt 0.274658 0.275391
vt 0.274658 0.003906
vt 0.003296 0.003906
vt 0.003296 0.275391
vt 0.003296 0.003906
vt 0.274658 0.275391
vt 0.003296 0.003906
vt 0.274658 0.003906
vt 0.274658 0.275391
vt 0.003296 0.003906
vt 0.003296 0.275391
vt 0.274658 0.275391
vt 0.003296 0.003906
vt 0.274658 0.275391
vt 0.274658 0.003906
vt 0.003296 0.275391
vt 0.003296 0.003906
vt 0.274658 0.275391
vt 0.003296 0.003906
vt 0.274658 0.003906
vt 0.274658 0.275391
vt 0.003296 0.003906
vt 0.003296 0.275391
vt 0.274658 0.275391
vt 0.003296 0.003906
vt 0.274658 0.275391
vt 0.274658 0.003906
vt 0.274658 0.275391
vt 0.274658 0.003906
vt 0.003296 0.003906
vt 0.274658 0.275391
vt 0.003296 0.003906
vt 0.003296 0.275391
vt 0.274658 0.003906
vt 0.003296 0.275391
vt 0.003296 0.003906
vt 0.003296 0.275391
vt 0.274658 0.003906
vt 0.274658 0.275391
vt 0.003296 0.275391
vt 0.274658 0.003906
vt 0.003296 0.003906
vt 0.274658 0.003906
vt 0.003296 0.275391
vt 0.274658 0.275391
vt 0.274658 0.003906
vt 0.003296 0.275391
vt 0.003296 0.003906
vt 0.003296 0.275391
vt 0.274658 0.003906
vt 0.274658 0.275391
vt 0.274658 0.003906
vt 0.003296 0.275391
vt 0.274658 0.275391
vt 0.003296 0.275391
vt 0.274658 0.003906
vt 0.003296 0.003906
vt 0.274658 0.275391
vt 0.003296 0.003906
vt 0.274658 0.003906
vt 0.003296 0.003906
vt 0.274658 0.275391
vt 0.003296 0.275391
vt 0.003296 0.275391
vt 0.274658 0.275391
vt 0.003296 0.003906
vt 0.003296 0.003906
vt 0.274658 0.275391
vt 0.274658 0.003906
vt 0.274658 0.275391
vt 0.003296 0.003906
vt 0.274658 0.003906
vt 0.003296 0.003906
vt 0.274658 0.275391
vt 0.003296 0.275391
vt 0.003296 0.275391
vt 0.274658 0.275391
vt 0.003296 0.003906
vt 0.003296 0.003906
vt 0.274658 0.275391
vt 0.274658 0.003906
vt 0.003296 0.275391
vt 0.274658 0.003906
vt 0.003296 0.003906
vt 0.274658 0.003906
vt 0.003296 0.275391
vt 0.274658 0.275391
vt 0.274658 0.003906
vt 0.003296 0.275391
vt 0.003296 0.003906
vt 0.003296 0.275391
vt 0.274658 0.003906
vt 0.274658 0.275391
vt 0.003296 0.275391
vt 0.274658 0.003906
vt 0.003296 0.003906
vt 0.274658 0.003906
vt 0.003296 0.275391
vt 0.274658 0.275391
vt 0.274658 0.003906
vt 0.003296 0.275391
vt 0.003296 0.003906
vt 0.003296 0.275391
vt 0.274658 0.003906
vt 0.274658 0.275391
vt 0.003296 0.275391
vt 0.274658 0.003906
vt 0.003296 0.003906
vt 0.274658 0.003906
vt 0.003296 0.275391
vt 0.274658 0.275391
vt 0.274658 0.275391
vt 0.003296 0.003906
vt 0.274658 0.003906
vt 0.003296 0.003906
vt 0.274658 0.275391
vt 0.003296 0.275391
vt 0.003296 0.275391
vt 0.274658 0.275391
vt 0.003296 0.003906
vt 0.003296 0.003906
vt 0.274658 0.275391
vt 0.274658 0.003906
vt 0.003296 0.275391
vt 0.274658 0.003906
vt 0.274658 0.275391
vt 0.274658 0.003906
vt 0.003296 0.275391
vt 0.003296 0.003906
vt 0.003296 0.275391
vt 0.274658 0.003906
vt 0.003296 0.003906
vt 0.274658 0.003906
vt 0.003296 0.275391
vt 0.274658 0.275391
vt 0.274658 0.003906
vt 0.003296 0.275391
vt 0.003296 0.003906
vt 0.003296 0.275391
vt 0.274658 0.003906
vt 0.274658 0.275391
vt 0.274658 0.003906
vt 0.003296 0.275391
vt 0.274658 0.275391
vt 0.003296 0.275391
vt 0.274658 0.003906
vt 0.003296 0.003906
vt 0.274658 0.003906
vt 0.003296 0.275391
vt 0.003296 0.003906
vt 0.003296 0.275391
vt 0.274658 0.003906
vt 0.274658 0.275391
vt 0.274658 0.275391
vt 0.003296 0.003906
vt 0.003296 0.275391
vt 0.003296 0.003906
vt 0.274658 0.275391
vt 0.274658 0.003906
vt 0.003296 0.275391
vt 0.274658 0.003906
vt 0.274658 0.275391
vt 0.274658 0.003906
vt 0.003296 0.275391
vt 0.003296 0.003906
vt 0.003296 0.275391
vt 0.274658 0.003906
vt 0.003296 0.003906
vt 0.274658 0.003906
vt 0.003296 0.275391
vt 0.274658 0.275391
vt 0.003296 0.275391
vt 0.003296 0.003906
vt 0.274658 0.275391
vt 0.003296 0.003906
vt 0.274658 0.003906
vt 0.274658 0.275391
vt 0.003296 0.275391
vt 0.003296 0.003906
vt 0.274658 0.275391
vt 0.003296 0.003906
vt 0.274658 0.003906
vt 0.274658 0.275391
vt 0.274658 0.275391
vt 0.274658 0.003906
vt 0.003296 0.003906
vt 0.274658 0.275391
vt 0.003296 0.003906
vt 0.003296 0.275391
vt 0.274658 0.275391
vt 0.003296 0.275391
vt 0.003296 0.003906
vt 0.274658 0.275391
vt 0.003296 0.003906
vt 0.274658 0.003906
vt 0.003296 0.275391
vt 0.274658 0.275391
vt 0.003296 0.003906
vt 0.274658 0.275391
vt 0.274658 0.003906
vt 0.003296 0.003906
vt 0.003296 0.275391
vt 0.274658 0.003906
vt 0.274658 0.275391
vt 0.274658 0.003906
vt 0.003296 0.275391
vt 0.003296 0.003906
vt 0.003296 0.003906
vt 0.003296 0.275391
vt 0.274658 0.275391
vt 0.003296 0.003906
vt 0.274658 0.275391
vt 0.274658 0.003906
vt 0.003296 0.275391
vt 0.274658 0.003906
vt 0.274658 0.275391
vt 0.274658 0.003906
vt 0.003296 0.275391
vt 0.003296 0.003906
vt 0.274658 0.003906
vt 0.003296 0.275391
vt 0.274658 0.275391
vt 0.003296 0.275391
vt 0.274658 0.003906
vt 0.003296 0.003906
vt 0.274658 0.275391
vt 0.003296 0.003906
vt 0.274658 0.003906
vt 0.003296 0.003906
vt 0.274658 0.275391
vt 0.003296 0.275391
vt 0.274658 0.003906
vt 0.003296 0.003906
vt 0.274658 0.275391
vt 0.274658 0.275391
vt 0.003296 0.003906
vt 0.003296 0.275391
vt 0.003296 0.275391
vt 0.003296 0.003906
vt 0.274658 0.275391
vt 0.003296 0.003906
vt 0.274658 0.003906
vt 0.274658 0.275391
vt 0.003296 0.003906
vt 0.003296 0.275391
vt 0.274658 0.275391
vt 0.003296 0.003906
vt 0.274658 0.275391
vt 0.274658 0.003906
vt 0.003296 0.275391
vt 0.274658 0.003906
vt 0.274658 0.275391
vt 0.274658 0.003906
vt 0.003296 0.275391
vt 0.003296 0.003906
vt 0.003296 0.275391
vt 0.274658 0.003906
vt 0.003296 0.003906
vt 0.274658 0.003906
vt 0.003296 0.275391
vt 0.274658 0.275391
vt 0.003296 0.275391
vt 0.274658 0.003906
vt 0.274658 0.275391
vt 0.274658 0.003906
vt 0.003296 0.275391
vt 0.003296 0.003906
vt 0.274658 0.003906
vt 0.003296 0.275391
vt 0.274658 0.275391
vt 0.003296 0.275391
vt 0.274658 0.003906
vt 0.003296 0.003906
vt 0.274658 0.003906
vt 0.003296 0.275391
vt 0.003296 0.003906
vt 0.003296 0.275391
vt 0.274658 0.003906
vt 0.274658 0.275391
vt 0.274658 0.003906
vt 0.003296 0.275391
vt 0.274658 0.275391
vt 0.003296 0.275391
vt 0.274658 0.003906
vt 0.003296 0.003906
vt 0.003296 0.275391
vt 0.003296 0.003906
vt 0.274658 0.275391
vt 0.003296 0.003906
vt 0.274658 0.003906
vt 0.274658 0.275391
vt 0.274658 0.275391
vt 0.274658 0.003906
vt 0.003296 0.003906
vt 0.274658 0.275391
vt 0.003296 0.003906
vt 0.003296 0.275391
vt 0.274658 0.003906
vt 0.274658 0.275391
vt 0.003296 0.003906
vt 0.003296 0.003906
vt 0.274658 0.275391
vt 0.003296 0.275391
vt 0.274658 0.003906
vt 0.003296 0.275391
vt 0.003296 0.003906
vt 0.003296 0.275391
vt 0.274658 0.003906
vt 0.274658 0.275391
vt 0.003296 0.275391
vt 0.274658 0.003906
vt 0.003296 0.003906
vt 0.274658 0.003906
vt 0.003296 0.275391
vt 0.274658 0.275391
vt 0.274658 0.003906
vt 0.003296 0.275391
vt 0.003296 0.003906
vt 0.003296 0.275391
vt 0.274658 0.003906
vt 0.274658 0.275391
vt 0.274658 0.003906
vt 0.003296 0.275391
vt 0.274658 0.275391
vt 0.003296 0.275391
vt 0.274658 0.003906
vt 0.003296 0.003906
vt 0.003296 0.275391
vt 0.274658 0.003906
vt 0.003296 0.003906
vt 0.274658 0.003906
vt 0.003296 0.275391
vt 0.274658 0.275391
vt 0.003296 0.275391
vt 0.274658 0.003906
vt 0.274658 0.275391
vt 0.274658 0.003906
vt 0.003296 0.275391
vt 0.003296 0.003906
vt 0.003296 0.275391
vt 0.274658 0.003906
vt 0.003296 0.003906
vt 0.274658 0.003906
vt 0.003296 0.275391
vt 0.274658 0.275391
vt 0.003296 0.275391
vt 0.274658 0.003906
vt 0.274658 0.275391
vt 0.274658 0.003906
vt 0.003296 0.275391
vt 0.003296 0.003906
vt 0.003296 0.275391
vt 0.274658 0.003906
vt 0.003296 0.003906
vt 0.274658 0.003906
vt 0.003296 0.275391
vt 0.274658 0.275391
vt 0.003296 0.275391
vt 0.274658 0.003906
vt 0.274658 0.275391
vt 0.274658 0.003906
vt 0.003296 0.275391
vt 0.003296 0.003906
vt 0.003296 0.275391
vt 0.274658 0.003906
vt 0.003296 0.003906
vt 0.274658 0.003906
vt 0.003296 0.275391
vt 0.274658 0.275391
vt 0.003296 0.275391
vt 0.274658 0.003906
vt 0.274658 0.275391
vt 0.274658 0.003906
vt 0.003296 0.275391
vt 0.003296 0.003906
vt 0.274658 0.003906
vt 0.003296 0.275391
vt 0.274658 0.275391
vt 0.003296 0.275391
vt 0.274658 0.003906
vt 0.003296 0.003906
vt 0.274658 0.003906
vt 0.003296 0.275391
vt 0.003296 0.003906
vt 0.003296 0.275391
vt 0.274658 0.003906
vt 0.274658 0.275391
vt 0.274658 0.003906
vt 0.003296 0.275391
vt 0.274658 0.275391
vt 0.003296 0.275391
vt 0.274658 0.003906
vt 0.003296 0.003906
vt 0.003296 0.275391
vt 0.274658 0.003906
vt 0.274658 0.275391
vt 0.274658 0.003906
vt 0.003296 0.275391
vt 0.003296 0.003906
vt 0.274658 0.003906
vt 0.003296 0.275391
vt 0.274658 0.275391
vt 0.003296 0.275391
vt 0.274658 0.003906
vt 0.003296 0.003906
vt 0.274658 0.275391
vt 0.003296 0.275391
vt 0.003296 0.003906
vt 0.274658 0.275391
vt 0.003296 0.003906
vt 0.274658 0.003906
vt 0.003296 0.275391
vt 0.274658 0.275391
vt 0.003296 0.003906
vt 0.274658 0.275391
vt 0.274658 0.003906
vt 0.003296 0.003906
vt 0.274658 0.003906
vt 0.274658 0.275391
vt 0.003296 0.003906
vt 0.003296 0.003906
vt 0.274658 0.275391
vt 0.003296 0.275391
vt 0.274658 0.275391
vt 0.003296 0.003906
vt 0.003296 0.275391
vt 0.003296 0.003906
vt 0.274658 0.275391
vt 0.274658 0.003906
vt 0.003296 0.275391
vt 0.274658 0.003906
vt 0.274658 0.275391
vt 0.274658 0.003906
vt 0.003296 0.275391
vt 0.003296 0.003906
vt 0.003296 0.275391
vt 0.274658 0.003906
vt 0.003296 0.003906
vt 0.274658 0.003906
vt 0.003296 0.275391
vt 0.274658 0.275391
vt 0.274658 0.003906
vt 0.003296 0.275391
vt 0.003296 0.003906
vt 0.003296 0.275391
vt 0.274658 0.003906
vt 0.274658 0.275391
vt 0.274658 0.003906
vt 0.003296 0.275391
vt 0.003296 0.003906
vt 0.003296 0.275391
vt 0.274658 0.003906
vt 0.274658 0.275391
vt 0.003296 0.275391
vt 0.274658 0.003906
vt 0.003296 0.003906
vt 0.274658 0.003906
vt 0.003296 0.275391
vt 0.274658 0.275391
vt 0.274658 0.275391
vt 0.003296 0.003906
vt 0.274658 0.003906
vt 0.003296 0.003906
vt 0.274658 0.275391
vt 0.003296 0.275391
vt 0.274658 0.275391
vt 0.274658 0.003906
vt 0.003296 0.003906
vt 0.274658 0.275391
vt 0.003296 0.003906
vt 0.003296 0.275391
vt 0.003296 0.275391
vt 0.274658 0.003906
vt 0.003296 0.003906
vt 0.274658 0.003906
vt 0.003296 0.275391
vt 0.274658 0.275391
vt 0.274658 0.003906
vt 0.003296 0.275391
vt 0.003296 0.003906
vt 0.003296 0.275391
vt 0.274658 0.003906
vt 0.274658 0.275391
vt 0.274658 0.003906
vt 0.003296 0.275391
vt 0.274658 0.275391
vt 0.003296 0.275391
vt 0.274658 0.003906
vt 0.003296 0.003906
vt 0.003296 0.275391
vt 0.274658 0.003906
vt 0.274658 0.275391
vt 0.274658 0.003906
vt 0.003296 0.275391
vt 0.003296 0.003906
vt 0.274658 0.003906
vt 0.003296 0.275391
vt 0.274658 0.275391
vt 0.003296 0.275391
vt 0.274658 0.003906
vt 0.003296 0.003906
vt 0.274658 0.003906
vt 0.003296 0.275391
vt 0.003296 0.003906
vt 0.003296 0.275391
vt 0.274658 0.003906
vt 0.274658 0.275391
vt 0.274658 0.003906
vt 0.003296 0.275391
vt 0.274658 0.275391
vt 0.003296 0.275391
vt 0.274658 0.003906
vt 0.003296 0.003906
vt 0.274658 0.275391
vt 0.003296 0.275391
vt 0.003296 0.003906
vt 0.274658 0.275391
vt 0.003296 0.003906
vt 0.274658 0.003906
vt 0.274658 0.275391
vt 0.003296 0.003906
vt 0.003296 0.275391
vt 0.003296 0.003906
vt 0.274658 0.275391
vt 0.274658 0.003906
vt 0.274658 0.003906
vt 0.003296 0.275391
vt 0.274658 0.275391
vt 0.003296 0.275391
vt 0.274658 0.003906
vt 0.003296 0.003906
vt 0.003296 0.275391
vt 0.003296 0.003906
vt 0.274658 0.275391
vt 0.003296 0.003906
vt 0.274658 0.003906
vt 0.274658 0.275391
vt 0.274658 0.003906
vt 0.003296 0.003906
vt 0.274658 0.275391
vt 0.274658 0.275391
vt 0.003296 0.003906
vt 0.003296 0.275391
vt 0.003296 0.275391
vt 0.274658 0.003906
vt 0.274658 0.275391
vt 0.274658 0.003906
vt 0.003296 0.275391
vt 0.003296 0.003906
vt 0.003296 0.275391
vt 0.274658 0.275391
vt 0.003296 0.003906
vt 0.274658 0.275391
vt 0.274658 0.003906
vt 0.003296 0.003906
vt 0.003296 0.275391
vt 0.003296 0.003906
vt 0.274658 0.275391
vt 0.003296 0.003906
vt 0.274658 0.003906
vt 0.274658 0.275391
vt 0.274658 0.003906
vt 0.003296 0.275391
vt 0.274658 0.275391
vt 0.003296 0.275391
vt 0.274658 0.003906
vt 0.003296 0.003906
vt 0.003296 0.275391
vt 0.274658 0.003906
vt 0.003296 0.003906
vt 0.274658 0.003906
vt 0.003296 0.275391
vt 0.274658 0.275391
vt 0.003296 0.275391
vt 0.274658 0.003906
vt 0.003296 0.003906
vt 0.274658 0.003906
vt 0.003296 0.275391
vt 0.274658 0.275391
vt 0.003296 0.003906
vt 0.003296 0.275391
vt 0.274658 0.275391
vt 0.274658 0.275391
vt 0.274658 0.003906
vt 0.003296 0.003906
vt 0.003296 0.275391
vt 0.274658 0.003906
vt 0.274658 0.275391
vt 0.274658 0.003906
vt 0.003296 0.275391
vt 0.003296 0.003906
vt 0.003296 0.275391
vt 0.274658 0.003906
vt 0.274658 0.275391
vt 0.274658 0.003906
vt 0.003296 0.275391
vt 0.003296 0.003906
vt 0.274658 0.003906
vt 0.003296 0.275391
vt 0.003296 0.003906
vt 0.003296 0.275391
vt 0.274658 0.003906
vt 0.274658 0.275391
vt 0.274658 0.003906
vt 0.003296 0.275391
vt 0.274658 0.275391
vt 0.003296 0.275391
vt 0.274658 0.003906
vt 0.003296 0.003906
vt 0.003296 0.275391
vt 0.274658 0.003906
vt 0.274658 0.275391
vt 0.274658 0.003906
vt 0.003296 0.275391
vt 0.003296 0.003906
vt 0.003296 0.275391
vt 0.274658 0.003906
vt 0.003296 0.003906
vt 0.274658 0.003906
vt 0.003296 0.275391
vt 0.274658 0.275391
vt 0.274658 0.003906
vt 0.003296 0.003906
vt 0.274658 0.275391
vt 0.003296 0.275391
vt 0.274658 0.275391
vt 0.003296 0.003906
vt 0.274658 0.275391
vt 0.003296 0.275391
vt 0.003296 0.003906
vt 0.274658 0.275391
vt 0.003296 0.003906
vt 0.274658 0.003906
vt 0.003296 0.275391
vt 0.274658 0.003906
vt 0.274658 0.275391
vt 0.274658 0.003906
vt 0.003296 0.275391
vt 0.003296 0.003906
vt 0.274658 0.275391
vt 0.003296 0.275391
vt 0.003296 0.003906
vt 0.003296 0.003906
vt 0.274658 0.003906
vt 0.274658 0.275391
vt 0.274658 0.275391
vt 0.003296 0.003906
vt 0.003296 0.275391
vt 0.003296 0.003906
vt 0.274658 0.275391
vt 0.274658 0.003906
vt 0.274658 0.275391
vt 0.003296 0.003906
vt 0.003296 0.275391
vt 0.003296 0.003906
vt 0.274658 0.275391
vt 0.274658 0.003906
vt 0.274658 0.003906
vt 0.274658 0.275391
vt 0.003296 0.003906
vt 0.003296 0.003906
vt 0.274658 0.275391
vt 0.003296 0.275391
vt 0.274658 0.275391
vt 0.003296 0.003906
vt 0.274658 0.003906
vt 0.003296 0.003906
vt 0.274658 0.275391
vt 0.003296 0.275391
vt 0.003296 0.275391
vt 0.274658 0.275391
vt 0.003296 0.003906
vt 0.003296 0.003906
vt 0.274658 0.275391
vt 0.274658 0.003906
vt 0.003296 0.275391
vt 0.274658 0.275391
vt 0.003296 0.003906
vt 0.274658 0.275391
vt 0.274658 0.003906
vt 0.003296 0.003906
vt 0.274658 0.275391
vt 0.003296 0.275391
vt 0.003296 0.003906
vt 0.274658 0.275391
vt 0.003296 0.003906
vt 0.274658 0.003906
vt 0.274658 0.003906
vt 0.003296 0.275391
vt 0.003296 0.003906
vt 0.003296 0.275391
vt 0.274658 0.003906
vt 0.274658 0.275391
vt 0.274658 0.275391
vt 0.003296 0.275391
vt 0.003296 0.003906
vt 0.274658 0.275391
vt 0.003296 0.003906
vt 0.274658 0.003906
vt 0.003296 0.275391
vt 0.003296 0.003906
vt 0.274658 0.275391
vt 0.003296 0.003906
vt 0.274658 0.003906
vt 0.274658 0.275391
vt 0.003296 0.275391
vt 0.274658 0.275391
vt 0.003296 0.003906
vt 0.274658 0.275391
vt 0.274658 0.003906
vt 0.003296 0.003906
vt 0.003296 0.003906
vt 0.003296 0.275391
vt 0.274658 0.275391
vt 0.003296 0.003906
vt 0.274658 0.275391
vt 0.274658 0.003906
vt 0.003296 0.275391
vt 0.274658 0.003906
vt 0.274658 0.275391
vt 0.274658 0.003906
vt 0.003296 0.275391
vt 0.003296 0.003906
vt 0.274658 0.003906
vt 0.274658 0.275391
vt 0.003296 0.003906
vt 0.003296 0.003906
vt 0.274658 0.275391
vt 0.003296 0.275391
vt 0.003296 0.275391
vt 0.274658 0.003906
vt 0.003296 0.003906
vt 0.274658 0.003906
vt 0.003296 0.275391
vt 0.274658 0.275391
vt 0.274658 0.003906
vt 0.003296 0.275391
vt 0.003296 0.003906
vt 0.003296 0.275391
vt 0.274658 0.003906
vt 0.274658 0.275391
vt 0.274658 0.003906
vt 0.003296 0.275391
vt 0.274658 0.275391
vt 0.003296 0.275391
vt 0.274658 0.003906
vt 0.003296 0.003906
vt 0.274658 0.003906
vt 0.003296 0.275391
vt 0.274658 0.275391
vt 0.003296 0.275391
vt 0.274658 0.003906
vt 0.003296 0.003906
vt 0.003296 0.003906
vt 0.274658 0.275391
vt 0.274658 0.003906
vt 0.274658 0.275391
vt 0.003296 0.003906
vt 0.003296 0.275391
vt 0.274658 0.275391
vt 0.003296 0.003906
vt 0.274658 0.003906
vt 0.003296 0.003906
vt 0.274658 0.275391
vt 0.003296 0.275391
vt 0.015327 0.991325
vt 0.222534 0.977097
vt 0.015327 0.977097
vt 0.222534 0.977097
vt 0.015327 0.991325
vt 0.222534 0.991325
vt 0.222534 0.977097
vt 0.015327 0.991325
vt 0.015327 0.977097
vt 0.222534 0.991325
vt 0.015327 0.991325
vt 0.222534 0.977097
vt 0.015327 0.954346
vt 0.222534 0.968567
vt 0.015327 0.968567
vt 0.222534 0.968567
vt 0.015327 0.954346
vt 0.222534 0.954315
vt 0.015327 0.968567
vt 0.222534 0.954315
vt 0.015327 0.954346
vt 0.222534 0.954315
vt 0.015327 0.968567
vt 0.222534 0.968567
vt 0.015327 0.968567
vt 0.222534 0.954315
vt 0.015327 0.954346
vt 0.222534 0.954315
vt 0.015327 0.968567
vt 0.222534 0.968567
vt 0.222534 0.954315
vt 0.015327 0.968567
vt 0.015327 0.954346
vt 0.015327 0.968567
vt 0.222534 0.954315
vt 0.222534 0.968567
vt 0.015327 0.954346
vt 0.222534 0.968567
vt 0.015327 0.968567
vt 0.222534 0.968567
vt 0.015327 0.954346
vt 0.222534 0.954315
vt 0.015327 0.968567
vt 0.222534 0.954315
vt 0.015327 0.954346
vt 0.222534 0.954315
vt 0.015327 0.968567
vt 0.222534 0.968567
vt 0.222534 0.954315
vt 0.015327 0.968567
vt 0.015327 0.954346
vt 0.222534 0.968567
vt 0.015327 0.968567
vt 0.222534 0.954315
vt 0.015327 0.968567
vt 0.222534 0.954315
vt 0.015327 0.954346
vt 0.222534 0.954315
vt 0.015327 0.968567
vt 0.222534 0.968567
vt 0.015327 0.991325
vt 0.222534 0.977097
vt 0.015327 0.977097
vt 0.222534 0.977097
vt 0.015327 0.991325
vt 0.222534 0.991325
vt 0.222534 0.977097
vt 0.015327 0.991325
vt 0.015327 0.977097
vt 0.222534 0.991325
vt 0.015327 0.991325
vt 0.222534 0.977097
vt 0.015327 0.991325
vt 0.222534 0.977097
vt 0.015327 0.977097
vt 0.222534 0.977097
vt 0.015327 0.991325
vt 0.222534 0.991325
vt 0.222534 0.977097
vt 0.015327 0.991325
vt 0.015327 0.977097
vt 0.222534 0.991325
vt 0.015327 0.991325
vt 0.222534 0.977097
vt 0.944336 0.511230
vt 0.955078 0.510742
vt 0.969238 0.648926
vt 0.955078 0.510742
vt 0.971191 0.511475
vt 0.969238 0.648926
vt 0.971191 0.511475
vt 0.987305 0.512695
vt 0.969238 0.648926
vt 0.970703 0.511475
vt 0.986328 0.512451
vt 0.967773 0.648193
vt 0.954590 0.511963
vt 0.970703 0.511475
vt 0.967773 0.648193
vt 0.943848 0.512695
vt 0.954590 0.511963
vt 0.967773 0.648193
vt 0.973145 0.514893
vt 0.980957 0.509521
vt 0.967285 0.647949
vt 0.961426 0.510986
vt 0.973145 0.514893
vt 0.967285 0.647949
vt 0.949219 0.513184
vt 0.961426 0.510986
vt 0.967285 0.647949
vt 0.945312 0.511719
vt 0.956543 0.511230
vt 0.967773 0.646484
vt 0.956543 0.511230
vt 0.967773 0.511963
vt 0.967773 0.646484
vt 0.967773 0.511963
vt 0.984375 0.513672
vt 0.967773 0.646484
vt 0.197266 0.944000
vt 0.116577 0.922852
vt 0.116577 0.944000
vt 0.116577 0.922852
vt 0.197266 0.944000
vt 0.197266 0.922852
vt 0.201904 0.938385
vt 0.197266 0.922852
vt 0.197266 0.944000
vt 0.197266 0.922852
vt 0.201904 0.938385
vt 0.201904 0.928528
vt 0.116577 0.922852
vt 0.197266 0.944000
vt 0.116577 0.944000
vt 0.197266 0.944000
vt 0.116577 0.922852
vt 0.197266 0.922852
vt 0.197266 0.922852
vt 0.201904 0.938385
vt 0.197266 0.944000
vt 0.201904 0.938385
vt 0.197266 0.922852
vt 0.201904 0.928528
vt 0.197266 0.944000
vt 0.116577 0.922852
vt 0.116577 0.944000
vt 0.116577 0.922852
vt 0.197266 0.944000
vt 0.197266 0.922852
vt 0.201904 0.938385
vt 0.197266 0.922852
vt 0.197266 0.944000
vt 0.197266 0.922852
vt 0.201904 0.938385
vt 0.201904 0.928528
vt 0.197266 0.944000
vt 0.116577 0.922852
vt 0.116577 0.944000
vt 0.116577 0.922852
vt 0.197266 0.944000
vt 0.197266 0.922852
vt 0.201904 0.938385
vt 0.197266 0.922852
vt 0.197266 0.944000
vt 0.197266 0.922852
vt 0.201904 0.938385
vt 0.201904 0.928528
vt 0.990234 0.801880
vt 0.958984 0.760132
vt 0.984863 0.751099
vt 0.958984 0.760132
vt 0.962891 0.693604
vt 0.984863 0.751099
vt 0.931152 0.748535
vt 0.962891 0.693604
vt 0.958984 0.760132
vt 0.962891 0.693604
vt 0.931152 0.748535
vt 0.938477 0.668701
vt 0.937500 0.631348
vt 0.962891 0.693604
vt 0.938477 0.668701
vt 0.919434 0.633057
vt 0.937500 0.631348
vt 0.938477 0.668701
vt 0.919434 0.633057
vt 0.938477 0.668701
vt 0.913574 0.665039
vt 0.919434 0.633057
vt 0.910156 0.554688
vt 0.937500 0.631348
vt 0.922363 0.541504
vt 0.937500 0.631348
vt 0.910156 0.554688
vt 0.910156 0.554688
vt 0.892578 0.330078
vt 0.922363 0.541504
vt 0.890137 0.558105
vt 0.910156 0.554688
vt 0.919434 0.633057
vt 0.910156 0.554688
vt 0.890137 0.558105
vt 0.892578 0.330078
vt 0.895508 0.619629
vt 0.919434 0.633057
vt 0.913574 0.665039
vt 0.895508 0.619629
vt 0.890137 0.558105
vt 0.919434 0.633057
vt 0.913574 0.665039
vt 0.891602 0.675293
vt 0.895508 0.619629
vt 0.890137 0.558105
vt 0.871094 0.562744
vt 0.892578 0.330078
vt 0.890137 0.558105
vt 0.895508 0.619629
vt 0.871094 0.562744
vt 0.892578 0.330078
vt 0.871094 0.562744
vt 0.856445 0.553711
vt 0.891602 0.675293
vt 0.876465 0.656738
vt 0.895508 0.619629
vt 0.873535 0.601562
vt 0.871094 0.562744
vt 0.895508 0.619629
vt 0.876465 0.656738
vt 0.873535 0.601562
vt 0.895508 0.619629
vt 0.871094 0.562744
vt 0.862793 0.570312
vt 0.856445 0.553711
vt 0.871094 0.562744
vt 0.873535 0.601562
vt 0.862793 0.570312
vt 0.856445 0.553711
vt 0.844238 0.558838
vt 0.843262 0.389648
vt 0.844238 0.558838
vt 0.856445 0.553711
vt 0.862793 0.570312
vt 0.862793 0.570312
vt 0.849609 0.618896
vt 0.844238 0.558838
vt 0.849609 0.618896
vt 0.862793 0.570312
vt 0.873535 0.601562
vt 0.849609 0.618896
vt 0.839355 0.633057
vt 0.844238 0.558838
vt 0.855957 0.657959
vt 0.849609 0.618896
vt 0.873535 0.601562
vt 0.839355 0.633057
vt 0.849609 0.618896
vt 0.855957 0.657959
vt 0.876465 0.656738
vt 0.855957 0.657959
vt 0.873535 0.601562
vt 0.827637 0.696289
vt 0.839355 0.633057
vt 0.855957 0.657959
vt 0.855957 0.657959
vt 0.821777 0.745850
vt 0.827637 0.696289
vt 0.829102 0.785400
vt 0.811523 0.778687
vt 0.821777 0.745850
vt 0.821777 0.745850
vt 0.842285 0.786133
vt 0.829102 0.785400
vt 0.842285 0.786133
vt 0.821777 0.745850
vt 0.855957 0.657959
vt 0.855957 0.657959
vt 0.871582 0.785278
vt 0.842285 0.786133
vt 0.871582 0.785278
vt 0.855957 0.657959
vt 0.876465 0.656738
vt 0.876465 0.656738
vt 0.891602 0.675293
vt 0.871582 0.785278
vt 0.895996 0.698730
vt 0.871582 0.785278
vt 0.891602 0.675293
vt 0.873535 0.803101
vt 0.871582 0.785278
vt 0.894531 0.764893
vt 0.871582 0.785278
vt 0.895996 0.698730
vt 0.894531 0.764893
vt 0.894531 0.764893
vt 0.895996 0.698730
vt 0.899414 0.753052
vt 0.895996 0.698730
vt 0.931152 0.748535
vt 0.899414 0.753052
vt 0.197266 0.922852
vt 0.116577 0.944000
vt 0.116577 0.922852
vt 0.197266 0.944000
vt 0.116577 0.944000
vt 0.197266 0.922852
vt 0.197266 0.922852
vt 0.201904 0.938385
vt 0.197266 0.944000
vt 0.201904 0.938385
vt 0.197266 0.922852
vt 0.201904 0.928528
vt 0.008621 0.922974
vt 0.089355 0.944092
vt 0.008621 0.944092
vt 0.089355 0.944092
vt 0.008621 0.922974
vt 0.089355 0.922974
vt 0.089355 0.944092
vt 0.089355 0.922974
vt 0.093994 0.928589
vt 0.089355 0.944092
vt 0.093994 0.928589
vt 0.093994 0.938446
vt 0.197266 0.922852
vt 0.116577 0.944000
vt 0.116577 0.922852
vt 0.197266 0.944000
vt 0.116577 0.944000
vt 0.197266 0.922852
vt 0.197266 0.922852
vt 0.201904 0.938385
vt 0.197266 0.944000
vt 0.201904 0.938385
vt 0.197266 0.922852
vt 0.201904 0.928528
vt 0.089355 0.944092
vt 0.008621 0.922974
vt 0.008621 0.944092
vt 0.008621 0.922974
vt 0.089355 0.944092
vt 0.089355 0.922974
vt 0.089355 0.944092
vt 0.093994 0.928589
vt 0.089355 0.922974
vt 0.093994 0.928589
vt 0.089355 0.944092
vt 0.093994 0.938446
vt 0.197266 0.944000
vt 0.116577 0.922852
vt 0.116577 0.944000
vt 0.116577 0.922852
vt 0.197266 0.944000
vt 0.197266 0.922852
vt 0.197266 0.944000
vt 0.201904 0.928528
vt 0.197266 0.922852
vt 0.201904 0.928528
vt 0.197266 0.944000
vt 0.201904 0.938385
vt 0.197266 0.922852
vt 0.116577 0.944000
vt 0.116577 0.922852
vt 0.197266 0.944000
vt 0.116577 0.944000
vt 0.197266 0.922852
vt 0.197266 0.922852
vt 0.201904 0.938385
vt 0.197266 0.944000
vt 0.201904 0.938385
vt 0.197266 0.922852
vt 0.201904 0.928528
vt 0.089355 0.944092
vt 0.008621 0.922974
vt 0.008621 0.944092
vt 0.008621 0.922974
vt 0.089355 0.944092
vt 0.089355 0.922974
vt 0.089355 0.944092
vt 0.093994 0.928589
vt 0.089355 0.922974
vt 0.093994 0.928589
vt 0.089355 0.944092
vt 0.093994 0.938446
vt 0.008621 0.922974
vt 0.089355 0.944092
vt 0.008621 0.944092
vt 0.089355 0.944092
vt 0.008621 0.922974
vt 0.089355 0.922974
vt 0.089355 0.944092
vt 0.089355 0.922974
vt 0.093994 0.928589
vt 0.089355 0.944092
vt 0.093994 0.928589
vt 0.093994 0.938446
vt 0.089355 0.944092
vt 0.008621 0.922974
vt 0.008621 0.944092
vt 0.008621 0.922974
vt 0.089355 0.944092
vt 0.089355 0.922974
vt 0.089355 0.944092
vt 0.093994 0.928589
vt 0.089355 0.922974
vt 0.093994 0.928589
vt 0.089355 0.944092
vt 0.093994 0.938446
vt 0.008621 0.922974
vt 0.089355 0.944092
vt 0.008621 0.944092
vt 0.089355 0.944092
vt 0.008621 0.922974
vt 0.089355 0.922974
vt 0.089355 0.944092
vt 0.089355 0.922974
vt 0.093994 0.928589
vt 0.089355 0.944092
vt 0.093994 0.928589
vt 0.093994 0.938446
vt 0.953613 0.106445
vt 0.966797 0.033203
vt 0.982422 0.086426
vt 0.982422 0.086426
vt 0.979980 0.256836
vt 0.953613 0.106445
vt 0.968750 0.258789
vt 0.953613 0.106445
vt 0.979980 0.256836
vt 0.932129 0.080566
vt 0.953613 0.106445
vt 0.968750 0.258789
vt 0.968750 0.258789
vt 0.979980 0.256836
vt 0.971680 0.349609
vt 0.971680 0.349609
vt 0.979980 0.256836
vt 0.983398 0.345703
vt 0.971680 0.349609
vt 0.983398 0.345703
vt 0.966797 0.489746
vt 0.932129 0.080566
vt 0.968750 0.258789
vt 0.950195 0.256348
vt 0.968750 0.258789
vt 0.971680 0.349609
vt 0.950195 0.256348
vt 0.925293 0.086426
vt 0.932129 0.080566
vt 0.950195 0.256348
vt 0.966797 0.489746
vt 0.949219 0.352539
vt 0.971680 0.349609
vt 0.971680 0.349609
vt 0.949219 0.352539
vt 0.950195 0.256348
vt 0.928711 0.351562
vt 0.949219 0.352539
vt 0.966797 0.489746
vt 0.897461 0.104492
vt 0.925293 0.086426
vt 0.950195 0.256348
vt 0.916992 0.254395
vt 0.949219 0.352539
vt 0.928711 0.351562
vt 0.949219 0.352539
vt 0.916992 0.254395
vt 0.950195 0.256348
vt 0.916992 0.254395
vt 0.897461 0.104492
vt 0.950195 0.256348
vt 0.889648 0.130859
vt 0.897461 0.104492
vt 0.916992 0.254395
vt 0.889648 0.130859
vt 0.875977 0.123535
vt 0.897461 0.104492
vt 0.837891 0.292480
vt 0.851562 0.336914
vt 0.838867 0.309570
vt 0.837891 0.292480
vt 0.858398 0.308105
vt 0.851562 0.336914
vt 0.837891 0.292480
vt 0.859375 0.286133
vt 0.858398 0.308105
vt 0.878418 0.308105
vt 0.858398 0.308105
vt 0.859375 0.286133
vt 0.859375 0.286133
vt 0.837891 0.292480
vt 0.837402 0.280273
vt 0.859375 0.286133
vt 0.884766 0.279297
vt 0.878418 0.308105
vt 0.837402 0.280273
vt 0.862793 0.198730
vt 0.859375 0.286133
vt 0.884766 0.279297
vt 0.859375 0.286133
vt 0.862793 0.198730
vt 0.837402 0.280273
vt 0.828613 0.276367
vt 0.862793 0.198730
vt 0.897949 0.275879
vt 0.884766 0.279297
vt 0.862793 0.198730
vt 0.689941 0.452637
vt 0.701172 0.404297
vt 0.701660 0.465332
vt 0.682617 0.394531
vt 0.701172 0.404297
vt 0.689941 0.452637
vt 0.682617 0.394531
vt 0.703613 0.359375
vt 0.701172 0.404297
vt 0.689941 0.452637
vt 0.678223 0.452637
vt 0.682617 0.394531
vt 0.703613 0.359375
vt 0.682617 0.394531
vt 0.683594 0.323730
vt 0.682129 0.253906
vt 0.703613 0.359375
vt 0.683594 0.323730
vt 0.682617 0.394531
vt 0.678223 0.452637
vt 0.667969 0.422852
vt 0.667969 0.422852
vt 0.678223 0.452637
vt 0.649902 0.469727
vt 0.660645 0.213867
vt 0.682129 0.253906
vt 0.683594 0.323730
vt 0.660645 0.213867
vt 0.680176 0.196289
vt 0.682129 0.253906
vt 0.636230 0.421875
vt 0.667969 0.422852
vt 0.649902 0.469727
vt 0.649902 0.469727
vt 0.634766 0.461426
vt 0.636230 0.421875
vt 0.650879 0.177734
vt 0.680176 0.196289
vt 0.660645 0.213867
vt 0.681152 0.155762
vt 0.680176 0.196289
vt 0.650879 0.177734
vt 0.661621 0.091797
vt 0.681152 0.155762
vt 0.650879 0.177734
vt 0.660645 0.213867
vt 0.683594 0.323730
vt 0.636230 0.235352
vt 0.683594 0.323730
vt 0.682617 0.394531
vt 0.636230 0.235352
vt 0.647949 0.108398
vt 0.661621 0.091797
vt 0.650879 0.177734
vt 0.647949 0.108398
vt 0.632324 0.054199
vt 0.661621 0.091797
vt 0.660645 0.213867
vt 0.630371 0.200684
vt 0.650879 0.177734
vt 0.630371 0.200684
vt 0.660645 0.213867
vt 0.636230 0.235352
vt 0.647949 0.108398
vt 0.650879 0.177734
vt 0.609863 0.150879
vt 0.650879 0.177734
vt 0.630371 0.200684
vt 0.609863 0.150879
vt 0.632324 0.054199
vt 0.647949 0.108398
vt 0.609863 0.150879
vt 0.630371 0.200684
vt 0.636230 0.235352
vt 0.582520 0.205566
vt 0.609863 0.150879
vt 0.630371 0.200684
vt 0.582520 0.205566
vt 0.636230 0.235352
vt 0.682617 0.394531
vt 0.640137 0.294434
vt 0.582520 0.205566
vt 0.636230 0.235352
vt 0.640137 0.294434
vt 0.667969 0.422852
vt 0.655762 0.395508
vt 0.682617 0.394531
vt 0.682617 0.394531
vt 0.655762 0.395508
vt 0.640137 0.294434
vt 0.636230 0.421875
vt 0.655762 0.395508
vt 0.667969 0.422852
vt 0.655762 0.395508
vt 0.637207 0.395020
vt 0.640137 0.294434
vt 0.636230 0.421875
vt 0.629395 0.407227
vt 0.655762 0.395508
vt 0.629395 0.407227
vt 0.637207 0.395020
vt 0.655762 0.395508
vt 0.629395 0.407227
vt 0.636230 0.421875
vt 0.613281 0.407715
vt 0.637207 0.395020
vt 0.629395 0.407227
vt 0.613281 0.407715
vt 0.637207 0.395020
vt 0.603027 0.327637
vt 0.640137 0.294434
vt 0.637207 0.395020
vt 0.613281 0.407715
vt 0.603027 0.327637
vt 0.603027 0.327637
vt 0.592285 0.250000
vt 0.640137 0.294434
vt 0.582520 0.205566
vt 0.640137 0.294434
vt 0.592285 0.250000
vt 0.588867 0.360352
vt 0.603027 0.327637
vt 0.613281 0.407715
vt 0.592285 0.250000
vt 0.603027 0.327637
vt 0.588867 0.360352
vt 0.625000 0.441406
vt 0.613281 0.407715
vt 0.636230 0.421875
vt 0.634766 0.461426
vt 0.625000 0.441406
vt 0.636230 0.421875
vt 0.634766 0.461426
vt 0.621094 0.460449
vt 0.625000 0.441406
vt 0.625000 0.441406
vt 0.602051 0.419922
vt 0.613281 0.407715
vt 0.602051 0.419922
vt 0.625000 0.441406
vt 0.621094 0.460449
vt 0.602051 0.419922
vt 0.588867 0.360352
vt 0.613281 0.407715
vt 0.602051 0.419922
vt 0.621094 0.460449
vt 0.603027 0.482422
vt 0.602051 0.419922
vt 0.603027 0.482422
vt 0.580566 0.437500
vt 0.580566 0.437500
vt 0.603027 0.482422
vt 0.578125 0.473145
vt 0.541016 0.390625
vt 0.602051 0.419922
vt 0.580566 0.437500
vt 0.588867 0.360352
vt 0.602051 0.419922
vt 0.541016 0.390625
vt 0.578125 0.473145
vt 0.554199 0.478027
vt 0.580566 0.437500
vt 0.580566 0.437500
vt 0.554199 0.478027
vt 0.541016 0.390625
vt 0.576172 0.500000
vt 0.554199 0.478027
vt 0.578125 0.473145
vt 0.523926 0.349121
vt 0.588867 0.360352
vt 0.541016 0.390625
vt 0.576172 0.500000
vt 0.559570 0.539795
vt 0.554199 0.478027
vt 0.576172 0.500000
vt 0.587891 0.506104
vt 0.559570 0.539795
vt 0.554199 0.478027
vt 0.519531 0.451660
vt 0.541016 0.390625
vt 0.572266 0.592529
vt 0.559570 0.539795
vt 0.587891 0.506104
vt 0.587891 0.506104
vt 0.602539 0.519775
vt 0.572266 0.592529
vt 0.572266 0.592529
vt 0.559082 0.582275
vt 0.559570 0.539795
vt 0.602539 0.519775
vt 0.592773 0.576172
vt 0.572266 0.592529
vt 0.559082 0.582275
vt 0.539551 0.590332
vt 0.559570 0.539795
vt 0.614258 0.535645
vt 0.592773 0.576172
vt 0.602539 0.519775
vt 0.592773 0.576172
vt 0.562012 0.614990
vt 0.572266 0.592529
vt 0.614258 0.535645
vt 0.595215 0.603027
vt 0.592773 0.576172
vt 0.592773 0.576172
vt 0.595215 0.603027
vt 0.562012 0.614990
vt 0.595215 0.603027
vt 0.614258 0.535645
vt 0.638672 0.534180
vt 0.638672 0.534180
vt 0.661133 0.491211
vt 0.663086 0.509766
vt 0.681152 0.540527
vt 0.638672 0.534180
vt 0.663086 0.509766
vt 0.635254 0.708252
vt 0.638672 0.534180
vt 0.681152 0.540527
vt 0.714844 0.539551
vt 0.635254 0.708252
vt 0.681152 0.540527
vt 0.595215 0.603027
vt 0.638672 0.534180
vt 0.635254 0.708252
vt 0.584961 0.712402
vt 0.562012 0.614990
vt 0.595215 0.603027
vt 0.584961 0.712402
vt 0.539062 0.734619
vt 0.562012 0.614990
vt 0.586914 0.823730
vt 0.539062 0.734619
vt 0.584961 0.712402
vt 0.595215 0.603027
vt 0.635254 0.708252
vt 0.622070 0.726562
vt 0.595215 0.603027
vt 0.622070 0.726562
vt 0.584961 0.712402
vt 0.622070 0.827515
vt 0.586914 0.823730
vt 0.584961 0.712402
vt 0.622070 0.726562
vt 0.622070 0.827515
vt 0.584961 0.712402
vt 0.636719 0.985527
vt 0.586914 0.823730
vt 0.622070 0.827515
vt 0.622070 0.827515
vt 0.645996 0.815186
vt 0.636719 0.985527
vt 0.622070 0.726562
vt 0.645996 0.815186
vt 0.622070 0.827515
vt 0.622070 0.726562
vt 0.635254 0.708252
vt 0.645996 0.815186
vt 0.635254 0.708252
vt 0.652832 0.704834
vt 0.645996 0.815186
vt 0.652832 0.704834
vt 0.674805 0.809814
vt 0.645996 0.815186
vt 0.674805 0.809814
vt 0.652832 0.704834
vt 0.674316 0.709229
vt 0.674805 0.809814
vt 0.652832 0.984665
vt 0.645996 0.815186
vt 0.539551 0.590332
vt 0.562012 0.614990
vt 0.511719 0.626953
vt 0.511719 0.626953
vt 0.562012 0.614990
vt 0.545898 0.700684
vt 0.511719 0.626953
vt 0.515137 0.596680
vt 0.539551 0.590332
vt 0.545898 0.700684
vt 0.488281 0.632568
vt 0.511719 0.626953
vt 0.488281 0.632568
vt 0.545898 0.700684
vt 0.524414 0.696289
vt 0.506836 0.699707
vt 0.488281 0.632568
vt 0.524414 0.696289
vt 0.506836 0.699707
vt 0.425781 0.595459
vt 0.488281 0.632568
vt 0.488281 0.632568
vt 0.425781 0.595459
vt 0.478516 0.608398
vt 0.539551 0.590332
vt 0.515137 0.596680
vt 0.530273 0.544189
vt 0.559570 0.539795
vt 0.539551 0.590332
vt 0.530273 0.544189
vt 0.515137 0.596680
vt 0.505859 0.578125
vt 0.530273 0.544189
vt 0.508789 0.502197
vt 0.559570 0.539795
vt 0.530273 0.544189
vt 0.505859 0.578125
vt 0.508789 0.502197
vt 0.530273 0.544189
vt 0.554199 0.478027
vt 0.559570 0.539795
vt 0.508789 0.502197
vt 0.508789 0.502197
vt 0.505859 0.578125
vt 0.490234 0.586426
vt 0.554199 0.478027
vt 0.508789 0.502197
vt 0.519531 0.451660
vt 0.478516 0.608398
vt 0.425781 0.595459
vt 0.428711 0.559814
vt 0.478516 0.608398
vt 0.428711 0.559814
vt 0.490234 0.586426
vt 0.428711 0.559814
vt 0.425781 0.595459
vt 0.412354 0.572754
vt 0.428711 0.559814
vt 0.412354 0.572754
vt 0.392578 0.536865
vt 0.435303 0.535400
vt 0.490234 0.586426
vt 0.428711 0.559814
vt 0.403076 0.526611
vt 0.428711 0.559814
vt 0.392578 0.536865
vt 0.428711 0.559814
vt 0.403076 0.526611
vt 0.435303 0.535400
vt 0.490234 0.586426
vt 0.435303 0.535400
vt 0.477051 0.527588
vt 0.508789 0.502197
vt 0.490234 0.586426
vt 0.477051 0.527588
vt 0.402832 0.497070
vt 0.435303 0.535400
vt 0.403076 0.526611
vt 0.435303 0.535400
vt 0.402832 0.497070
vt 0.477051 0.527588
vt 0.403076 0.526611
vt 0.392578 0.536865
vt 0.382812 0.501953
vt 0.382812 0.501953
vt 0.402832 0.497070
vt 0.403076 0.526611
vt 0.392578 0.536865
vt 0.376465 0.514404
vt 0.382812 0.501953
vt 0.376465 0.514404
vt 0.338135 0.457520
vt 0.382812 0.501953
vt 0.353027 0.453125
vt 0.382812 0.501953
vt 0.338135 0.457520
vt 0.353027 0.453125
vt 0.338135 0.457520
vt 0.309082 0.417969
vt 0.374756 0.465820
vt 0.382812 0.501953
vt 0.353027 0.453125
vt 0.382812 0.501953
vt 0.374756 0.465820
vt 0.402832 0.497070
vt 0.334961 0.425781
vt 0.353027 0.453125
vt 0.309082 0.417969
vt 0.354980 0.426270
vt 0.334961 0.425781
vt 0.309082 0.417969
vt 0.392090 0.463379
vt 0.402832 0.497070
vt 0.374756 0.465820
vt 0.374756 0.465820
vt 0.391602 0.450195
vt 0.392090 0.463379
vt 0.354980 0.426270
vt 0.309082 0.417969
vt 0.316650 0.399902
vt 0.316650 0.399902
vt 0.309082 0.417969
vt 0.282471 0.388672
vt 0.364746 0.414551
vt 0.354980 0.426270
vt 0.316650 0.399902
vt 0.391602 0.450195
vt 0.419922 0.471191
vt 0.392090 0.463379
vt 0.402832 0.497070
vt 0.392090 0.463379
vt 0.419922 0.471191
vt 0.402832 0.497070
vt 0.419922 0.471191
vt 0.477051 0.527588
vt 0.422119 0.453125
vt 0.419922 0.471191
vt 0.391602 0.450195
vt 0.458496 0.472168
vt 0.477051 0.527588
vt 0.419922 0.471191
vt 0.419922 0.471191
vt 0.422119 0.453125
vt 0.458496 0.472168
vt 0.508789 0.502197
vt 0.477051 0.527588
vt 0.458496 0.472168
vt 0.458496 0.472168
vt 0.519531 0.451660
vt 0.508789 0.502197
vt 0.463623 0.436035
vt 0.458496 0.472168
vt 0.422119 0.453125
vt 0.458496 0.472168
vt 0.463623 0.436035
vt 0.519531 0.451660
vt 0.454346 0.423828
vt 0.463623 0.436035
vt 0.422119 0.453125
vt 0.452393 0.351562
vt 0.463623 0.436035
vt 0.454346 0.423828
vt 0.519531 0.451660
vt 0.463623 0.436035
vt 0.458496 0.318359
vt 0.458496 0.318359
vt 0.463623 0.436035
vt 0.452393 0.351562
vt 0.541016 0.390625
vt 0.519531 0.451660
vt 0.458496 0.318359
vt 0.523926 0.349121
vt 0.541016 0.390625
vt 0.458496 0.318359
vt 0.458496 0.318359
vt 0.452393 0.351562
vt 0.436035 0.343750
vt 0.436035 0.343750
vt 0.452393 0.351562
vt 0.432861 0.369141
vt 0.435059 0.242188
vt 0.523926 0.349121
vt 0.458496 0.318359
vt 0.344727 0.256836
vt 0.436035 0.343750
vt 0.432861 0.369141
vt 0.523926 0.349121
vt 0.435059 0.242188
vt 0.514160 0.278809
vt 0.523926 0.349121
vt 0.514160 0.278809
vt 0.588867 0.360352
vt 0.458496 0.318359
vt 0.436035 0.343750
vt 0.368896 0.265625
vt 0.368896 0.265625
vt 0.436035 0.343750
vt 0.344727 0.256836
vt 0.588867 0.360352
vt 0.514160 0.278809
vt 0.550781 0.274902
vt 0.592285 0.250000
vt 0.588867 0.360352
vt 0.550781 0.274902
vt 0.513184 0.242676
vt 0.550781 0.274902
vt 0.514160 0.278809
vt 0.513184 0.242676
vt 0.592285 0.250000
vt 0.550781 0.274902
vt 0.435059 0.242188
vt 0.480713 0.240234
vt 0.514160 0.278809
vt 0.480713 0.240234
vt 0.513184 0.242676
vt 0.514160 0.278809
vt 0.592285 0.250000
vt 0.513184 0.242676
vt 0.541016 0.215332
vt 0.541016 0.215332
vt 0.582520 0.205566
vt 0.592285 0.250000
vt 0.513184 0.242676
vt 0.480713 0.240234
vt 0.489014 0.228516
vt 0.488037 0.219727
vt 0.541016 0.215332
vt 0.513184 0.242676
vt 0.488037 0.219727
vt 0.513184 0.242676
vt 0.489014 0.228516
vt 0.488037 0.219727
vt 0.496094 0.178711
vt 0.541016 0.215332
vt 0.582520 0.205566
vt 0.541016 0.215332
vt 0.496094 0.178711
vt 0.418457 0.184570
vt 0.489014 0.228516
vt 0.480713 0.240234
vt 0.466797 0.187500
vt 0.489014 0.228516
vt 0.418457 0.184570
vt 0.435059 0.242188
vt 0.418457 0.184570
vt 0.480713 0.240234
vt 0.496094 0.178711
vt 0.523926 0.156250
vt 0.582520 0.205566
vt 0.523926 0.156250
vt 0.496094 0.178711
vt 0.475586 0.144531
vt 0.582520 0.205566
vt 0.523926 0.156250
vt 0.562988 0.164062
vt 0.562988 0.164062
vt 0.609863 0.150879
vt 0.582520 0.205566
vt 0.475586 0.144531
vt 0.542480 0.124023
vt 0.523926 0.156250
vt 0.523926 0.156250
vt 0.542480 0.124023
vt 0.562988 0.164062
vt 0.609863 0.150879
vt 0.562988 0.164062
vt 0.600586 0.144531
vt 0.542480 0.124023
vt 0.475586 0.144531
vt 0.463867 0.087402
vt 0.600586 0.144531
vt 0.601074 0.101562
vt 0.609863 0.150879
vt 0.632324 0.054199
vt 0.609863 0.150879
vt 0.601074 0.101562
vt 0.482910 0.059082
vt 0.542480 0.124023
vt 0.463867 0.087402
vt 0.468018 0.056152
vt 0.482910 0.059082
vt 0.463867 0.087402
vt 0.497314 0.020020
vt 0.482910 0.059082
vt 0.468018 0.056152
vt 0.542480 0.124023
vt 0.482910 0.059082
vt 0.537598 0.070801
vt 0.497314 0.020020
vt 0.537598 0.070801
vt 0.482910 0.059082
vt 0.537598 0.070801
vt 0.562500 0.098633
vt 0.542480 0.124023
vt 0.537598 0.070801
vt 0.497314 0.020020
vt 0.535156 0.041016
vt 0.562500 0.098633
vt 0.537598 0.070801
vt 0.590332 0.098145
vt 0.535156 0.041016
vt 0.562988 0.036133
vt 0.537598 0.070801
vt 0.590332 0.098145
vt 0.537598 0.070801
vt 0.577637 0.051758
vt 0.537598 0.070801
vt 0.562988 0.036133
vt 0.577637 0.051758
vt 0.590332 0.098145
vt 0.577637 0.051758
vt 0.601074 0.101562
vt 0.562988 0.036133
vt 0.581543 0.041016
vt 0.577637 0.051758
vt 0.577637 0.051758
vt 0.581543 0.041016
vt 0.590820 0.020508
vt 0.606445 0.056641
vt 0.601074 0.101562
vt 0.577637 0.051758
vt 0.606445 0.056641
vt 0.577637 0.051758
vt 0.590820 0.020508
vt 0.632324 0.054199
vt 0.601074 0.101562
vt 0.606445 0.056641
vt 0.632324 0.054199
vt 0.606445 0.056641
vt 0.614746 0.026367
vt 0.614746 0.026367
vt 0.606445 0.056641
vt 0.590820 0.020508
vt 0.614746 0.026367
vt 0.590820 0.020508
vt 0.617188 0.015625
vt 0.435059 0.242188
vt 0.458496 0.318359
vt 0.403320 0.228027
vt 0.403320 0.228027
vt 0.418457 0.184570
vt 0.435059 0.242188
vt 0.403320 0.228027
vt 0.458496 0.318359
vt 0.381104 0.244141
vt 0.381104 0.244141
vt 0.458496 0.318359
vt 0.368896 0.265625
vt 0.368896 0.265625
vt 0.353760 0.244141
vt 0.381104 0.244141
vt 0.403320 0.228027
vt 0.381104 0.244141
vt 0.353760 0.244141
vt 0.353760 0.244141
vt 0.368896 0.265625
vt 0.344727 0.256836
vt 0.403320 0.228027
vt 0.346436 0.154297
vt 0.418457 0.184570
vt 0.403320 0.228027
vt 0.353760 0.244141
vt 0.346436 0.154297
vt 0.396973 0.132324
vt 0.418457 0.184570
vt 0.346436 0.154297
vt 0.418457 0.184570
vt 0.396973 0.132324
vt 0.419922 0.137207
vt 0.444092 0.089844
vt 0.419922 0.137207
vt 0.396973 0.132324
vt 0.335449 0.094238
vt 0.444092 0.089844
vt 0.396973 0.132324
vt 0.396973 0.132324
vt 0.346436 0.154297
vt 0.335449 0.094238
vt 0.335449 0.094238
vt 0.439697 0.013672
vt 0.444092 0.089844
vt 0.335449 0.094238
vt 0.371582 0.045410
vt 0.439697 0.013672
vt 0.371582 0.045410
vt 0.335449 0.094238
vt 0.332275 0.073730
vt 0.332275 0.073730
vt 0.335449 0.094238
vt 0.308838 0.062988
vt 0.267822 0.098633
vt 0.308838 0.062988
vt 0.335449 0.094238
vt 0.267822 0.098633
vt 0.335449 0.094238
vt 0.346436 0.154297
vt 0.319092 0.214355
vt 0.346436 0.154297
vt 0.353760 0.244141
vt 0.267822 0.098633
vt 0.346436 0.154297
vt 0.319092 0.214355
vt 0.319092 0.214355
vt 0.353760 0.244141
vt 0.344727 0.256836
vt 0.267822 0.098633
vt 0.319092 0.214355
vt 0.242554 0.109375
vt 0.242554 0.109375
vt 0.240723 0.083984
vt 0.267822 0.098633
vt 0.344727 0.256836
vt 0.318848 0.252930
vt 0.319092 0.214355
vt 0.319092 0.214355
vt 0.318848 0.252930
vt 0.242554 0.109375
vt 0.222778 0.108398
vt 0.240723 0.083984
vt 0.242554 0.109375
vt 0.222778 0.108398
vt 0.242554 0.109375
vt 0.318848 0.252930
vt 0.222778 0.108398
vt 0.213989 0.092773
vt 0.240723 0.083984
vt 0.188232 0.138184
vt 0.213989 0.092773
vt 0.222778 0.108398
vt 0.222778 0.108398
vt 0.209351 0.169434
vt 0.188232 0.138184
vt 0.245728 0.202148
vt 0.209351 0.169434
vt 0.222778 0.108398
vt 0.318848 0.252930
vt 0.245728 0.202148
vt 0.222778 0.108398
vt 0.188232 0.138184
vt 0.209351 0.169434
vt 0.163696 0.195801
vt 0.163696 0.195801
vt 0.209351 0.169434
vt 0.245728 0.202148
vt 0.123657 0.185547
vt 0.188232 0.138184
vt 0.163696 0.195801
vt 0.120300 0.209961
vt 0.123657 0.185547
vt 0.163696 0.195801
vt 0.151978 0.223633
vt 0.120300 0.209961
vt 0.163696 0.195801
vt 0.151978 0.223633
vt 0.133789 0.248535
vt 0.120300 0.209961
vt 0.245728 0.202148
vt 0.186646 0.214844
vt 0.163696 0.195801
vt 0.151978 0.223633
vt 0.163696 0.195801
vt 0.186646 0.214844
vt 0.245728 0.202148
vt 0.236938 0.219727
vt 0.186646 0.214844
vt 0.245728 0.202148
vt 0.318848 0.252930
vt 0.236938 0.219727
vt 0.151978 0.223633
vt 0.186646 0.214844
vt 0.180176 0.237305
vt 0.180176 0.237305
vt 0.186646 0.214844
vt 0.236938 0.219727
vt 0.133789 0.248535
vt 0.151978 0.223633
vt 0.180176 0.237305
vt 0.212646 0.276367
vt 0.180176 0.237305
vt 0.236938 0.219727
vt 0.170288 0.264160
vt 0.133789 0.248535
vt 0.180176 0.237305
vt 0.170288 0.264160
vt 0.180176 0.237305
vt 0.212646 0.276367
vt 0.147583 0.287109
vt 0.133789 0.248535
vt 0.170288 0.264160
vt 0.147583 0.287109
vt 0.124878 0.286621
vt 0.133789 0.248535
vt 0.170288 0.264160
vt 0.179565 0.294434
vt 0.147583 0.287109
vt 0.170288 0.264160
vt 0.212646 0.276367
vt 0.179565 0.294434
vt 0.124878 0.286621
vt 0.147583 0.287109
vt 0.154297 0.314453
vt 0.154297 0.314453
vt 0.147583 0.287109
vt 0.179565 0.294434
vt 0.236938 0.219727
vt 0.259766 0.241699
vt 0.212646 0.276367
vt 0.259766 0.241699
vt 0.236938 0.219727
vt 0.318848 0.252930
vt 0.212646 0.276367
vt 0.276367 0.302246
vt 0.179565 0.294434
vt 0.259766 0.241699
vt 0.276367 0.302246
vt 0.212646 0.276367
vt 0.197266 0.316406
vt 0.154297 0.314453
vt 0.179565 0.294434
vt 0.276367 0.302246
vt 0.197266 0.316406
vt 0.179565 0.294434
vt 0.318848 0.252930
vt 0.299805 0.268555
vt 0.259766 0.241699
vt 0.259766 0.241699
vt 0.299805 0.268555
vt 0.276367 0.302246
vt 0.299805 0.268555
vt 0.318848 0.252930
vt 0.312500 0.309570
vt 0.299805 0.268555
vt 0.312500 0.309570
vt 0.276367 0.302246
vt 0.339600 0.310547
vt 0.312500 0.309570
vt 0.318848 0.252930
vt 0.276367 0.302246
vt 0.261475 0.354980
vt 0.197266 0.316406
vt 0.312500 0.309570
vt 0.311768 0.362305
vt 0.276367 0.302246
vt 0.276367 0.302246
vt 0.311768 0.362305
vt 0.261475 0.354980
vt 0.312500 0.309570
vt 0.339600 0.310547
vt 0.329346 0.338379
vt 0.329346 0.338379
vt 0.311768 0.362305
vt 0.312500 0.309570
vt 0.329346 0.338379
vt 0.339600 0.310547
vt 0.366699 0.379395
vt 0.366699 0.379395
vt 0.360107 0.394531
vt 0.329346 0.338379
vt 0.311768 0.362305
vt 0.329346 0.338379
vt 0.360107 0.394531
vt 0.339600 0.310547
vt 0.389160 0.375488
vt 0.366699 0.379395
vt 0.360107 0.394531
vt 0.364746 0.414551
vt 0.311768 0.362305
vt 0.360107 0.394531
vt 0.383301 0.414551
vt 0.364746 0.414551
vt 0.364746 0.414551
vt 0.316650 0.399902
vt 0.311768 0.362305
vt 0.261475 0.354980
vt 0.311768 0.362305
vt 0.316650 0.399902
vt 0.261475 0.354980
vt 0.316650 0.399902
vt 0.282471 0.388672
vt 0.261475 0.354980
vt 0.282471 0.388672
vt 0.235107 0.351562
vt 0.339600 0.310547
vt 0.358154 0.297852
vt 0.389160 0.375488
vt 0.339600 0.310547
vt 0.318848 0.252930
vt 0.358154 0.297852
vt 0.358154 0.297852
vt 0.402100 0.358398
vt 0.389160 0.375488
vt 0.358154 0.297852
vt 0.318848 0.252930
vt 0.344727 0.256836
vt 0.358154 0.297852
vt 0.432861 0.369141
vt 0.402100 0.358398
vt 0.358154 0.297852
vt 0.344727 0.256836
vt 0.432861 0.369141
vt 0.261475 0.354980
vt 0.235107 0.351562
vt 0.175781 0.343262
vt 0.175781 0.343262
vt 0.197266 0.316406
vt 0.261475 0.354980
vt 0.235107 0.351562
vt 0.184204 0.360352
vt 0.175781 0.343262
vt 0.175781 0.343262
vt 0.154297 0.314453
vt 0.197266 0.316406
vt 0.147095 0.366211
vt 0.175781 0.343262
vt 0.184204 0.360352
vt 0.147583 0.335449
vt 0.175781 0.343262
vt 0.147095 0.366211
vt 0.147583 0.335449
vt 0.154297 0.314453
vt 0.175781 0.343262
vt 0.147583 0.335449
vt 0.147095 0.366211
vt 0.123169 0.358398
vt 0.106201 0.323242
vt 0.154297 0.314453
vt 0.147583 0.335449
vt 0.123169 0.358398
vt 0.106201 0.323242
vt 0.147583 0.335449
vt 0.124878 0.286621
vt 0.154297 0.314453
vt 0.106201 0.323242
vt 0.098572 0.338867
vt 0.106201 0.323242
vt 0.123169 0.358398
vt 0.124878 0.286621
vt 0.106201 0.323242
vt 0.086304 0.295410
vt 0.106201 0.323242
vt 0.098572 0.338867
vt 0.086304 0.295410
vt 0.660156 0.060059
vt 0.658203 0.039062
vt 0.683594 0.079590
vt 0.696777 0.070801
vt 0.683594 0.079590
vt 0.658203 0.039062
vt 0.696777 0.070801
vt 0.658203 0.039062
vt 0.686035 0.032227
vt 0.696777 0.070801
vt 0.703125 0.122559
vt 0.683594 0.079590
vt 0.716309 0.179688
vt 0.694824 0.194824
vt 0.703125 0.122559
vt 0.716309 0.179688
vt 0.703125 0.122559
vt 0.716797 0.113281
vt 0.703125 0.122559
vt 0.696777 0.070801
vt 0.716797 0.113281
vt 0.716309 0.179688
vt 0.716797 0.113281
vt 0.736816 0.191406
vt 0.696777 0.070801
vt 0.686035 0.032227
vt 0.724609 0.054688
vt 0.686035 0.032227
vt 0.691895 0.010254
vt 0.724609 0.054688
vt 0.735840 0.044434
vt 0.724609 0.054688
vt 0.691895 0.010254
vt 0.716797 0.113281
vt 0.696777 0.070801
vt 0.747559 0.083984
vt 0.696777 0.070801
vt 0.724609 0.054688
vt 0.747559 0.083984
vt 0.747559 0.083984
vt 0.724609 0.054688
vt 0.735840 0.044434
vt 0.736816 0.191406
vt 0.716797 0.113281
vt 0.747559 0.083984
vt 0.735840 0.044434
vt 0.763672 0.060547
vt 0.747559 0.083984
vt 0.775391 0.120117
vt 0.736816 0.191406
vt 0.747559 0.083984
vt 0.747559 0.083984
vt 0.763672 0.060547
vt 0.775391 0.120117
vt 0.736816 0.191406
vt 0.775391 0.120117
vt 0.741699 0.197266
vt 0.763672 0.060547
vt 0.814941 0.026367
vt 0.775391 0.120117
vt 0.801758 0.101562
vt 0.775391 0.120117
vt 0.814941 0.026367
vt 0.825195 0.091309
vt 0.801758 0.101562
vt 0.814941 0.026367
vt 0.788574 0.136719
vt 0.775391 0.120117
vt 0.801758 0.101562
vt 0.864258 0.024902
vt 0.825195 0.091309
vt 0.814941 0.026367
vt 0.775391 0.120117
vt 0.788574 0.136719
vt 0.770996 0.199707
vt 0.864258 0.024902
vt 0.876953 0.053711
vt 0.825195 0.091309
vt 0.876953 0.053711
vt 0.864258 0.024902
vt 0.910156 0.010254
vt 0.876953 0.053711
vt 0.910156 0.010254
vt 0.925781 0.023438
vt 0.925781 0.023438
vt 0.927734 0.045898
vt 0.876953 0.053711
vt 0.927734 0.045898
vt 0.908203 0.071289
vt 0.876953 0.053711
vt 0.842285 0.120117
vt 0.876953 0.053711
vt 0.908203 0.071289
vt 0.842285 0.120117
vt 0.825195 0.091309
vt 0.876953 0.053711
vt 0.818359 0.147461
vt 0.825195 0.091309
vt 0.842285 0.120117
vt 0.830078 0.206055
vt 0.818359 0.147461
vt 0.842285 0.120117
vt 0.806152 0.138672
vt 0.825195 0.091309
vt 0.818359 0.147461
vt 0.830078 0.206055
vt 0.803223 0.205078
vt 0.818359 0.147461
vt 0.818359 0.147461
vt 0.803223 0.205078
vt 0.806152 0.138672
vt 0.803223 0.205078
vt 0.788574 0.136719
vt 0.806152 0.138672
vt 0.788574 0.136719
vt 0.803223 0.205078
vt 0.770996 0.199707
vt 0.815430 0.246582
vt 0.803223 0.205078
vt 0.830078 0.206055
vt 0.770996 0.199707
vt 0.803223 0.205078
vt 0.770996 0.240234
vt 0.815430 0.246582
vt 0.790039 0.257324
vt 0.803223 0.205078
vt 0.803223 0.205078
vt 0.790039 0.257324
vt 0.770996 0.240234
vt 0.746582 0.202637
vt 0.770996 0.199707
vt 0.770996 0.240234
vt 0.770996 0.199707
vt 0.746582 0.202637
vt 0.775391 0.120117
vt 0.746582 0.202637
vt 0.741699 0.197266
vt 0.775391 0.120117
vt 0.770996 0.240234
vt 0.761230 0.277832
vt 0.746582 0.202637
vt 0.790039 0.257324
vt 0.761230 0.277832
vt 0.770996 0.240234
vt 0.741699 0.197266
vt 0.746582 0.202637
vt 0.733398 0.246094
vt 0.746582 0.202637
vt 0.761230 0.277832
vt 0.733398 0.246094
vt 0.720215 0.219238
vt 0.741699 0.197266
vt 0.733398 0.246094
vt 0.733398 0.246094
vt 0.695801 0.228516
vt 0.720215 0.219238
vt 0.733398 0.246094
vt 0.714844 0.262207
vt 0.695801 0.228516
vt 0.714844 0.262207
vt 0.733398 0.246094
vt 0.728516 0.328613
vt 0.761230 0.277832
vt 0.754395 0.321289
vt 0.733398 0.246094
vt 0.733398 0.246094
vt 0.754395 0.321289
vt 0.728516 0.328613
vt 0.790039 0.257324
vt 0.786133 0.314453
vt 0.761230 0.277832
vt 0.754395 0.321289
vt 0.761230 0.277832
vt 0.786133 0.314453
vt 0.799316 0.308594
vt 0.786133 0.314453
vt 0.790039 0.257324
vt 0.815430 0.246582
vt 0.799316 0.308594
vt 0.790039 0.257324
vt 0.799316 0.308594
vt 0.815430 0.246582
vt 0.807617 0.311035
vt 0.819336 0.312500
vt 0.807617 0.311035
vt 0.815430 0.246582
vt 0.832031 0.412109
vt 0.807617 0.311035
vt 0.819336 0.312500
vt 0.798340 0.321777
vt 0.807617 0.311035
vt 0.832031 0.412109
vt 0.804688 0.419922
vt 0.798340 0.321777
vt 0.832031 0.412109
vt 0.804688 0.419922
vt 0.786133 0.314453
vt 0.798340 0.321777
vt 0.823242 0.521729
vt 0.804688 0.419922
vt 0.832031 0.412109
vt 0.804688 0.419922
vt 0.776367 0.434082
vt 0.786133 0.314453
vt 0.776367 0.434082
vt 0.754395 0.321289
vt 0.786133 0.314453
vt 0.823242 0.521729
vt 0.794922 0.521729
vt 0.804688 0.419922
vt 0.794922 0.521729
vt 0.823242 0.521729
vt 0.808105 0.630859
vt 0.776367 0.434082
vt 0.804688 0.419922
vt 0.794922 0.521729
vt 0.754395 0.321289
vt 0.776367 0.434082
vt 0.750488 0.399902
vt 0.754395 0.321289
vt 0.750488 0.399902
vt 0.728516 0.328613
vt 0.750488 0.399902
vt 0.736328 0.421387
vt 0.728516 0.328613
vt 0.794922 0.521729
vt 0.773438 0.523193
vt 0.776367 0.434082
vt 0.750488 0.399902
vt 0.776367 0.434082
vt 0.773438 0.523193
vt 0.750488 0.399902
vt 0.773438 0.523193
vt 0.736328 0.421387
vt 0.791016 0.635986
vt 0.773438 0.523193
vt 0.794922 0.521729
vt 0.761719 0.530518
vt 0.736328 0.421387
vt 0.773438 0.523193
vt 0.773438 0.523193
vt 0.791016 0.635986
vt 0.761719 0.530518
vt 0.831543 0.935852
vt 0.838379 0.960663
vt 0.827148 0.977219
vt 0.827148 0.977219
vt 0.838379 0.960663
vt 0.872559 0.954926
vt 0.858887 0.990410
vt 0.827148 0.977219
vt 0.872559 0.954926
vt 0.872559 0.954926
vt 0.838379 0.960663
vt 0.855469 0.943237
vt 0.892090 0.941864
vt 0.858887 0.990410
vt 0.872559 0.954926
vt 0.892090 0.941864
vt 0.891602 0.982819
vt 0.858887 0.990410
vt 0.867188 0.914429
vt 0.872559 0.954926
vt 0.855469 0.943237
vt 0.855469 0.943237
vt 0.853027 0.896484
vt 0.867188 0.914429
vt 0.853027 0.896484
vt 0.854004 0.868530
vt 0.867188 0.914429
vt 0.892090 0.941864
vt 0.872559 0.954926
vt 0.884766 0.919495
vt 0.872559 0.954926
vt 0.867188 0.914429
vt 0.884766 0.919495
vt 0.892090 0.941864
vt 0.912109 0.938629
vt 0.891602 0.982819
vt 0.912109 0.938629
vt 0.892090 0.941864
vt 0.884766 0.919495
vt 0.912109 0.938629
vt 0.911621 0.969009
vt 0.891602 0.982819
vt 0.911621 0.969009
vt 0.912109 0.938629
vt 0.926758 0.971497
vt 0.854004 0.868530
vt 0.876953 0.875916
vt 0.867188 0.914429
vt 0.884766 0.919495
vt 0.867188 0.914429
vt 0.876953 0.875916
vt 0.830078 0.848145
vt 0.876953 0.875916
vt 0.854004 0.868530
vt 0.903320 0.916504
vt 0.912109 0.938629
vt 0.884766 0.919495
vt 0.884766 0.919495
vt 0.876953 0.875916
vt 0.903320 0.916504
vt 0.926758 0.971497
vt 0.912109 0.938629
vt 0.932129 0.940247
vt 0.932129 0.940247
vt 0.942871 0.969101
vt 0.926758 0.971497
vt 0.990723 0.919006
vt 0.990234 0.948975
vt 0.942871 0.969101
vt 0.990723 0.919006
vt 0.942871 0.969101
vt 0.968750 0.930786
vt 0.968750 0.930786
vt 0.942871 0.969101
vt 0.951172 0.936890
vt 0.951172 0.936890
vt 0.942871 0.969101
vt 0.932129 0.940247
vt 0.951172 0.936890
vt 0.947754 0.897888
vt 0.968750 0.930786
vt 0.912109 0.938629
vt 0.926758 0.911926
vt 0.932129 0.940247
vt 0.932129 0.940247
vt 0.926758 0.911926
vt 0.951172 0.936890
vt 0.947754 0.897888
vt 0.951172 0.936890
vt 0.926758 0.911926
vt 0.926758 0.911926
vt 0.912109 0.938629
vt 0.903320 0.916504
vt 0.926758 0.911926
vt 0.933105 0.889282
vt 0.947754 0.897888
vt 0.947754 0.897888
vt 0.933105 0.889282
vt 0.961914 0.878296
vt 0.904297 0.898682
vt 0.926758 0.911926
vt 0.903320 0.916504
vt 0.903320 0.916504
vt 0.876953 0.875916
vt 0.904297 0.898682
vt 0.904297 0.898682
vt 0.904297 0.868652
vt 0.926758 0.911926
vt 0.926758 0.911926
vt 0.904297 0.868652
vt 0.933105 0.889282
vt 0.891602 0.870117
vt 0.904297 0.898682
vt 0.876953 0.875916
vt 0.891602 0.870117
vt 0.904297 0.868652
vt 0.904297 0.898682
vt 0.891602 0.870117
vt 0.876953 0.875916
vt 0.876953 0.853882
vt 0.876953 0.853882
vt 0.876953 0.875916
vt 0.830078 0.848145
vt 0.848145 0.829956
vt 0.876953 0.853882
vt 0.830078 0.848145
vt 0.851562 0.817627
vt 0.876953 0.853882
vt 0.848145 0.829956
vt 0.876953 0.853882
vt 0.851562 0.817627
vt 0.885254 0.820557
vt 0.891602 0.870117
vt 0.876953 0.853882
vt 0.885254 0.820557
vt 0.891602 0.870117
vt 0.885254 0.820557
vt 0.904297 0.868652
vt 0.885254 0.820557
vt 0.920898 0.854736
vt 0.904297 0.868652
vt 0.904297 0.868652
vt 0.920898 0.854736
vt 0.933105 0.889282
vt 0.920898 0.854736
vt 0.885254 0.820557
vt 0.917969 0.814575
vt 0.953613 0.828857
vt 0.920898 0.854736
vt 0.917969 0.814575
vt 0.920898 0.854736
vt 0.940430 0.864014
vt 0.933105 0.889282
vt 0.953613 0.828857
vt 0.940430 0.864014
vt 0.920898 0.854736
vt 0.961914 0.878296
vt 0.933105 0.889282
vt 0.940430 0.864014
vt 0.953613 0.828857
vt 0.973145 0.848389
vt 0.940430 0.864014
vt 0.973145 0.848389
vt 0.961914 0.878296
vt 0.940430 0.864014
vt 0.190918 0.012207
vt 0.193359 0.000977
vt 0.316895 0.025391
vt 0.201172 0.033203
vt 0.190918 0.012207
vt 0.316895 0.025391
vt 0.190918 0.012207
vt 0.201172 0.033203
vt 0.141235 0.020020
vt 0.316895 0.025391
vt 0.187500 0.054199
vt 0.201172 0.033203
vt 0.201172 0.033203
vt 0.119324 0.030273
vt 0.141235 0.020020
vt 0.119324 0.030273
vt 0.086731 0.017090
vt 0.141235 0.020020
vt 0.201172 0.033203
vt 0.145874 0.042969
vt 0.119324 0.030273
vt 0.145874 0.042969
vt 0.201172 0.033203
vt 0.187500 0.054199
vt 0.063293 0.038086
vt 0.086731 0.017090
vt 0.119324 0.030273
vt 0.063293 0.038086
vt 0.119324 0.030273
vt 0.145874 0.042969
vt 0.063293 0.038086
vt 0.053223 0.012207
vt 0.086731 0.017090
vt 0.041321 0.052734
vt 0.012772 0.027832
vt 0.053223 0.012207
vt 0.053223 0.012207
vt 0.063293 0.038086
vt 0.041321 0.052734
vt 0.113220 0.052734
vt 0.063293 0.038086
vt 0.145874 0.042969
vt 0.145874 0.042969
vt 0.187500 0.054199
vt 0.113220 0.052734
vt 0.069885 0.070801
vt 0.041321 0.052734
vt 0.063293 0.038086
vt 0.113220 0.052734
vt 0.069885 0.070801
vt 0.063293 0.038086
vt 0.042603 0.074219
vt 0.041321 0.052734
vt 0.069885 0.070801
vt 0.042603 0.074219
vt 0.069885 0.070801
vt 0.040588 0.090332
vt 0.079407 0.108887
vt 0.038452 0.112793
vt 0.040588 0.090332
vt 0.079407 0.108887
vt 0.040588 0.090332
vt 0.085449 0.088867
vt 0.085449 0.088867
vt 0.040588 0.090332
vt 0.069885 0.070801
vt 0.079407 0.108887
vt 0.085449 0.088867
vt 0.103760 0.094238
vt 0.069885 0.070801
vt 0.115356 0.072266
vt 0.085449 0.088867
vt 0.103760 0.094238
vt 0.085449 0.088867
vt 0.115356 0.072266
vt 0.113220 0.052734
vt 0.115356 0.072266
vt 0.069885 0.070801
vt 0.144409 0.071289
vt 0.103760 0.094238
vt 0.115356 0.072266
vt 0.136475 0.060547
vt 0.115356 0.072266
vt 0.113220 0.052734
vt 0.144409 0.071289
vt 0.115356 0.072266
vt 0.136475 0.060547
vt 0.187500 0.054199
vt 0.136475 0.060547
vt 0.113220 0.052734
vt 0.144409 0.071289
vt 0.136475 0.060547
vt 0.199463 0.067871
vt 0.199463 0.067871
vt 0.136475 0.060547
vt 0.187500 0.054199
vt 0.195312 0.077637
vt 0.144409 0.071289
vt 0.199463 0.067871
vt 0.199463 0.067871
vt 0.187500 0.054199
vt 0.318848 0.044434
vt 0.364014 0.582031
vt 0.415283 0.617920
vt 0.377930 0.651855
vt 0.364014 0.582031
vt 0.377930 0.651855
vt 0.342041 0.587646
vt 0.342529 0.654785
vt 0.342041 0.587646
vt 0.377930 0.651855
vt 0.342041 0.587646
vt 0.340088 0.513184
vt 0.364014 0.582031
vt 0.342041 0.587646
vt 0.342529 0.654785
vt 0.317383 0.591797
vt 0.317383 0.591797
vt 0.342529 0.654785
vt 0.316650 0.645752
vt 0.317383 0.591797
vt 0.316650 0.645752
vt 0.290039 0.625000
vt 0.317871 0.537842
vt 0.340088 0.513184
vt 0.342041 0.587646
vt 0.317383 0.591797
vt 0.317871 0.537842
vt 0.342041 0.587646
vt 0.290039 0.625000
vt 0.266113 0.642578
vt 0.274414 0.594482
vt 0.290039 0.625000
vt 0.274414 0.594482
vt 0.297607 0.591553
vt 0.317383 0.591797
vt 0.290039 0.625000
vt 0.297607 0.591553
vt 0.297607 0.591553
vt 0.274414 0.594482
vt 0.265381 0.551514
vt 0.286133 0.531738
vt 0.317383 0.591797
vt 0.297607 0.591553
vt 0.265381 0.551514
vt 0.286133 0.531738
vt 0.297607 0.591553
vt 0.317383 0.591797
vt 0.286133 0.531738
vt 0.317871 0.537842
vt 0.252930 0.497559
vt 0.286133 0.531738
vt 0.265381 0.551514
vt 0.228760 0.495117
vt 0.252930 0.497559
vt 0.265381 0.551514
vt 0.223145 0.384277
vt 0.252930 0.497559
vt 0.228760 0.495117
vt 0.269775 0.479980
vt 0.286133 0.531738
vt 0.252930 0.497559
vt 0.269775 0.479980
vt 0.252930 0.497559
vt 0.223145 0.384277
vt 0.269775 0.479980
vt 0.317871 0.537842
vt 0.286133 0.531738
vt 0.283447 0.469238
vt 0.269775 0.479980
vt 0.223145 0.384277
vt 0.283447 0.469238
vt 0.317871 0.537842
vt 0.269775 0.479980
vt 0.283447 0.469238
vt 0.340088 0.513184
vt 0.317871 0.537842
vt 0.283447 0.469238
vt 0.223145 0.384277
vt 0.298340 0.457031
vt 0.283447 0.469238
vt 0.298340 0.457031
vt 0.340088 0.513184
vt 0.172363 0.392578
vt 0.203979 0.376953
vt 0.199707 0.398926
vt 0.196289 0.427734
vt 0.172363 0.392578
vt 0.199707 0.398926
vt 0.196289 0.427734
vt 0.206543 0.474121
vt 0.186890 0.504395
vt 0.196289 0.427734
vt 0.186890 0.504395
vt 0.160889 0.475586
vt 0.196289 0.427734
vt 0.160889 0.475586
vt 0.172363 0.392578
vt 0.160889 0.475586
vt 0.186890 0.504395
vt 0.149780 0.547607
vt 0.106812 0.448730
vt 0.172363 0.392578
vt 0.160889 0.475586
vt 0.160889 0.475586
vt 0.149780 0.547607
vt 0.117065 0.482910
vt 0.117065 0.482910
vt 0.106812 0.448730
vt 0.160889 0.475586
vt 0.149780 0.547607
vt 0.122375 0.557373
vt 0.117065 0.482910
vt 0.106812 0.448730
vt 0.122192 0.386230
vt 0.172363 0.392578
vt 0.088745 0.490234
vt 0.117065 0.482910
vt 0.122375 0.557373
vt 0.122375 0.557373
vt 0.050476 0.562500
vt 0.088745 0.490234
vt 0.011391 0.536865
vt 0.088745 0.490234
vt 0.050476 0.562500
vt 0.088745 0.490234
vt 0.011391 0.536865
vt 0.024902 0.467773
vt 0.088745 0.490234
vt 0.095703 0.476074
vt 0.117065 0.482910
vt 0.106812 0.448730
vt 0.117065 0.482910
vt 0.095703 0.476074
vt 0.088745 0.490234
vt 0.024902 0.467773
vt 0.054901 0.445312
vt 0.054901 0.445312
vt 0.095703 0.476074
vt 0.088745 0.490234
vt 0.054901 0.445312
vt 0.106812 0.448730
vt 0.095703 0.476074
vt 0.024902 0.467773
vt 0.021500 0.437012
vt 0.054901 0.445312
vt 0.106812 0.448730
vt 0.054901 0.445312
vt 0.085510 0.404297
vt 0.054901 0.445312
vt 0.021500 0.437012
vt 0.085510 0.404297
vt 0.085510 0.404297
vt 0.122192 0.386230
vt 0.106812 0.448730
vt 0.021927 0.384766
vt 0.085510 0.404297
vt 0.021500 0.437012
vt 0.021927 0.384766
vt 0.014160 0.370605
vt 0.085510 0.404297
vt 0.122192 0.386230
vt 0.085510 0.404297
vt 0.070679 0.363770
vt 0.014160 0.370605
vt 0.070679 0.363770
vt 0.085510 0.404297
vt 0.070679 0.363770
vt 0.078064 0.349121
vt 0.122192 0.386230
vt 0.078064 0.349121
vt 0.070679 0.363770
vt 0.014160 0.370605
vt 0.960449 0.381836
vt 0.963379 0.374512
vt 0.965332 0.379395
vt 0.963379 0.374512
vt 0.960449 0.381836
vt 0.958008 0.376465
vt 0.971191 0.299316
vt 0.968262 0.373535
vt 0.963379 0.374512
vt 0.952148 0.303711
vt 0.963379 0.374512
vt 0.958008 0.376465
vt 0.971191 0.299316
vt 0.963379 0.374512
vt 0.960938 0.299805
vt 0.963379 0.374512
vt 0.952148 0.303711
vt 0.960938 0.299805
vt 0.959473 0.219727
vt 0.971191 0.299316
vt 0.960938 0.299805
vt 0.971191 0.299316
vt 0.959473 0.219727
vt 0.973145 0.218750
vt 0.977051 0.118652
vt 0.973145 0.218750
vt 0.959473 0.219727
vt 0.977051 0.118652
vt 0.959473 0.219727
vt 0.952148 0.114746
vt 0.960938 0.299805
vt 0.945312 0.220215
vt 0.959473 0.219727
vt 0.945312 0.220215
vt 0.952148 0.114746
vt 0.959473 0.219727
vt 0.945312 0.220215
vt 0.960938 0.299805
vt 0.952148 0.303711
vt 0.952148 0.114746
vt 0.945312 0.220215
vt 0.937012 0.118164
vt 0.958008 0.376465
vt 0.942383 0.303711
vt 0.952148 0.303711
vt 0.945312 0.220215
vt 0.952148 0.303711
vt 0.942383 0.303711
vt 0.942383 0.303711
vt 0.958008 0.376465
vt 0.952637 0.376465
vt 0.942383 0.303711
vt 0.952637 0.376465
vt 0.947754 0.375488
vt 0.947754 0.375488
vt 0.932617 0.302246
vt 0.942383 0.303711
vt 0.931152 0.220215
vt 0.937012 0.118164
vt 0.945312 0.220215
vt 0.942383 0.303711
vt 0.931152 0.220215
vt 0.945312 0.220215
vt 0.931152 0.220215
vt 0.942383 0.303711
vt 0.932617 0.302246
vt 0.937012 0.118164
vt 0.931152 0.220215
vt 0.920898 0.113281
vt 0.932617 0.302246
vt 0.917969 0.222656
vt 0.931152 0.220215
vt 0.931152 0.220215
vt 0.900879 0.124023
vt 0.920898 0.113281
vt 0.900879 0.124023
vt 0.931152 0.220215
vt 0.917969 0.222656
vt 0.044861 0.337891
vt 0.050049 0.212402
vt 0.074646 0.216309
vt 0.050049 0.212402
vt 0.085693 0.145020
vt 0.074646 0.216309
vt 0.085693 0.145020
vt 0.050049 0.212402
vt 0.066101 0.146484
vt 0.066101 0.146484
vt 0.050049 0.212402
vt 0.052643 0.136230
vt 0.050049 0.212402
vt 0.035217 0.172363
vt 0.052643 0.136230
vt 0.035217 0.172363
vt 0.028061 0.135742
vt 0.052643 0.136230
vt 0.035217 0.172363
vt 0.050049 0.212402
vt 0.021835 0.215332
vt 0.030594 0.339355
vt 0.021835 0.215332
vt 0.050049 0.212402
vt 0.021835 0.215332
vt 0.030594 0.339355
vt 0.011208 0.214844
vt 0.028061 0.135742
vt 0.035217 0.172363
vt 0.021912 0.162598
vt 0.021912 0.162598
vt 0.035217 0.172363
vt 0.021835 0.215332
vt 0.021912 0.162598
vt 0.021835 0.215332
vt 0.011208 0.214844
vt 0.028061 0.135742
vt 0.021912 0.162598
vt 0.011208 0.134766
vt 0.011208 0.134766
vt 0.021912 0.162598
vt 0.011208 0.214844
vt 0.474609 0.936829
vt 0.494629 0.976166
vt 0.480957 0.990494
vt 0.474609 0.936829
vt 0.500000 0.928894
vt 0.494629 0.976166
vt 0.508789 0.961182
vt 0.494629 0.976166
vt 0.500000 0.928894
vt 0.526367 0.950592
vt 0.508789 0.961182
vt 0.500000 0.928894
vt 0.459961 0.899963
vt 0.478516 0.891235
vt 0.474609 0.936829
vt 0.474609 0.936829
vt 0.478516 0.891235
vt 0.500000 0.928894
vt 0.526367 0.950592
vt 0.500000 0.928894
vt 0.513672 0.892883
vt 0.500000 0.928894
vt 0.478516 0.891235
vt 0.501465 0.891907
vt 0.513672 0.892883
vt 0.500000 0.928894
vt 0.501465 0.891907
vt 0.467773 0.894653
vt 0.451172 0.817749
vt 0.478516 0.891235
vt 0.526367 0.950592
vt 0.513672 0.892883
vt 0.528320 0.890503
vt 0.548828 0.957214
vt 0.526367 0.950592
vt 0.528320 0.890503
vt 0.451172 0.817749
vt 0.476074 0.826294
vt 0.478516 0.891235
vt 0.478516 0.891235
vt 0.476074 0.826294
vt 0.501465 0.891907
vt 0.497070 0.828491
vt 0.513672 0.892883
vt 0.501465 0.891907
vt 0.501465 0.891907
vt 0.476074 0.826294
vt 0.497070 0.828491
vt 0.513672 0.892883
vt 0.497070 0.828491
vt 0.528320 0.890503
vt 0.458252 0.787231
vt 0.476074 0.826294
vt 0.451172 0.817749
vt 0.424805 0.746826
vt 0.458252 0.787231
vt 0.451172 0.817749
vt 0.469727 0.773804
vt 0.476074 0.826294
vt 0.458252 0.787231
vt 0.497070 0.828491
vt 0.476074 0.826294
vt 0.469727 0.773804
vt 0.458252 0.787231
vt 0.424805 0.746826
vt 0.452393 0.739990
vt 0.469727 0.773804
vt 0.458252 0.787231
vt 0.452393 0.739990
vt 0.452393 0.739990
vt 0.424805 0.746826
vt 0.429199 0.672363
vt 0.469727 0.773804
vt 0.452393 0.739990
vt 0.487061 0.774658
vt 0.497070 0.828491
vt 0.469727 0.773804
vt 0.487061 0.774658
vt 0.475098 0.730469
vt 0.452393 0.739990
vt 0.429199 0.672363
vt 0.452393 0.739990
vt 0.475098 0.730469
vt 0.487061 0.774658
vt 0.483643 0.726074
vt 0.475098 0.730469
vt 0.429199 0.672363
vt 0.487061 0.774658
vt 0.475098 0.730469
vt 0.501465 0.795898
vt 0.475098 0.730469
vt 0.483643 0.726074
vt 0.501465 0.795898
vt 0.501465 0.795898
vt 0.497070 0.828491
vt 0.487061 0.774658
vt 0.501465 0.795898
vt 0.483643 0.726074
vt 0.519043 0.797241
vt 0.519043 0.797241
vt 0.559570 0.873901
vt 0.501465 0.795898
vt 0.534668 0.867188
vt 0.497070 0.828491
vt 0.501465 0.795898
vt 0.559570 0.873901
vt 0.534668 0.867188
vt 0.501465 0.795898
vt 0.534668 0.867188
vt 0.528320 0.890503
vt 0.497070 0.828491
vt 0.548340 0.917542
vt 0.528320 0.890503
vt 0.534668 0.867188
vt 0.534668 0.867188
vt 0.559570 0.873901
vt 0.548340 0.917542
vt 0.528320 0.890503
vt 0.548340 0.917542
vt 0.548828 0.957214
vt 0.548340 0.917542
vt 0.559570 0.873901
vt 0.562988 0.927612
vt 0.548340 0.917542
vt 0.562988 0.927612
vt 0.548828 0.957214
vt 0.580566 0.917969
vt 0.562988 0.927612
vt 0.559570 0.873901
vt 0.548828 0.957214
vt 0.562988 0.927612
vt 0.578125 0.971375
vt 0.602051 0.973892
vt 0.562988 0.927612
vt 0.580566 0.917969
vt 0.578125 0.971375
vt 0.562988 0.927612
vt 0.602051 0.973892
vt 0.292236 0.694092
vt 0.310791 0.703369
vt 0.319824 0.758545
vt 0.336670 0.759521
vt 0.319824 0.758545
vt 0.310791 0.703369
vt 0.326416 0.700195
vt 0.336670 0.759521
vt 0.310791 0.703369
vt 0.345215 0.806519
vt 0.319824 0.758545
vt 0.336670 0.759521
vt 0.345215 0.806519
vt 0.333984 0.814575
vt 0.319824 0.758545
vt 0.336670 0.759521
vt 0.326416 0.700195
vt 0.353760 0.755615
vt 0.335938 0.666992
vt 0.353760 0.755615
vt 0.326416 0.700195
vt 0.336670 0.759521
vt 0.362793 0.802490
vt 0.345215 0.806519
vt 0.353760 0.755615
vt 0.362793 0.802490
vt 0.336670 0.759521
vt 0.345215 0.806519
vt 0.364990 0.836426
vt 0.333984 0.814575
vt 0.362793 0.802490
vt 0.364990 0.836426
vt 0.345215 0.806519
vt 0.333984 0.814575
vt 0.364990 0.836426
vt 0.365479 0.870850
vt 0.364990 0.836426
vt 0.416504 0.920227
vt 0.365479 0.870850
vt 0.364990 0.836426
vt 0.362793 0.802490
vt 0.383057 0.846191
vt 0.416504 0.920227
vt 0.364990 0.836426
vt 0.383057 0.846191
vt 0.377930 0.797974
vt 0.383057 0.846191
vt 0.362793 0.802490
vt 0.377930 0.797974
vt 0.362793 0.802490
vt 0.353760 0.755615
vt 0.416504 0.920227
vt 0.383057 0.846191
vt 0.402832 0.857178
vt 0.377930 0.797974
vt 0.402832 0.857178
vt 0.383057 0.846191
vt 0.399902 0.793213
vt 0.416504 0.920227
vt 0.402832 0.857178
vt 0.435791 0.840698
vt 0.416504 0.920227
vt 0.399902 0.793213
vt 0.388672 0.798828
vt 0.402832 0.857178
vt 0.377930 0.797974
vt 0.353760 0.755615
vt 0.388672 0.798828
vt 0.377930 0.797974
vt 0.388672 0.798828
vt 0.399902 0.793213
vt 0.402832 0.857178
vt 0.411865 0.783936
vt 0.435791 0.840698
vt 0.399902 0.793213
vt 0.361084 0.739746
vt 0.388672 0.798828
vt 0.353760 0.755615
vt 0.361084 0.739746
vt 0.353760 0.755615
vt 0.335938 0.666992
vt 0.361084 0.739746
vt 0.335938 0.666992
vt 0.350586 0.679199
vt 0.371582 0.733887
vt 0.388672 0.798828
vt 0.361084 0.739746
vt 0.350586 0.679199
vt 0.371582 0.733887
vt 0.361084 0.739746
vt 0.388672 0.798828
vt 0.371582 0.733887
vt 0.399902 0.793213
vt 0.371582 0.733887
vt 0.350586 0.679199
vt 0.363037 0.676270
vt 0.386963 0.741943
vt 0.411865 0.783936
vt 0.399902 0.793213
vt 0.371582 0.733887
vt 0.386963 0.741943
vt 0.399902 0.793213
vt 0.363037 0.676270
vt 0.386963 0.741943
vt 0.371582 0.733887
vt 0.394531 0.734131
vt 0.411865 0.783936
vt 0.386963 0.741943
vt 0.379395 0.675049
vt 0.386963 0.741943
vt 0.363037 0.676270
vt 0.379395 0.675049
vt 0.394531 0.734131
vt 0.386963 0.741943
vt 0.132935 0.145996
vt 0.162231 0.141113
vt 0.146851 0.156738
vt 0.132935 0.145996
vt 0.155884 0.131836
vt 0.162231 0.141113
vt 0.162231 0.141113
vt 0.155884 0.131836
vt 0.186401 0.103027
vt 0.155884 0.131836
vt 0.132935 0.145996
vt 0.142456 0.117676
vt 0.186401 0.103027
vt 0.155884 0.131836
vt 0.142456 0.117676
vt 0.132935 0.145996
vt 0.098938 0.136230
vt 0.142456 0.117676
vt 0.142456 0.117676
vt 0.140625 0.093750
vt 0.186401 0.103027
vt 0.085999 0.123047
vt 0.142456 0.117676
vt 0.098938 0.136230
vt 0.121033 0.097168
vt 0.140625 0.093750
vt 0.142456 0.117676
vt 0.121033 0.097168
vt 0.142456 0.117676
vt 0.085999 0.123047
vt 0.247070 0.952332
vt 0.287598 0.984489
vt 0.273682 0.989479
vt 0.287598 0.984489
vt 0.247070 0.952332
vt 0.243164 0.919189
vt 0.247070 0.952332
vt 0.220947 0.919006
vt 0.243164 0.919189
vt 0.243164 0.919189
vt 0.220947 0.919006
vt 0.226685 0.887878
vt 0.259277 0.900391
vt 0.287598 0.984489
vt 0.243164 0.919189
vt 0.259277 0.900391
vt 0.243164 0.919189
vt 0.226685 0.887878
vt 0.287598 0.984489
vt 0.259277 0.900391
vt 0.286621 0.951965
vt 0.290283 0.934631
vt 0.286621 0.951965
vt 0.259277 0.900391
vt 0.247803 0.828979
vt 0.259277 0.900391
vt 0.226685 0.887878
vt 0.259277 0.900391
vt 0.290771 0.884949
vt 0.290283 0.934631
vt 0.301758 0.930542
vt 0.290283 0.934631
vt 0.290771 0.884949
vt 0.310059 0.931580
vt 0.301758 0.930542
vt 0.290771 0.884949
vt 0.310547 0.914551
vt 0.310059 0.931580
vt 0.290771 0.884949
vt 0.247803 0.828979
vt 0.263428 0.859863
vt 0.259277 0.900391
vt 0.259277 0.900391
vt 0.263428 0.859863
vt 0.290771 0.884949
vt 0.247803 0.828979
vt 0.263428 0.836182
vt 0.263428 0.859863
vt 0.309326 0.872192
vt 0.310547 0.914551
vt 0.290771 0.884949
vt 0.321533 0.899963
vt 0.310547 0.914551
vt 0.309326 0.872192
vt 0.274414 0.832153
vt 0.290771 0.884949
vt 0.263428 0.859863
vt 0.274414 0.832153
vt 0.263428 0.859863
vt 0.263428 0.836182
vt 0.324707 0.875183
vt 0.321533 0.899963
vt 0.309326 0.872192
vt 0.321533 0.899963
vt 0.324707 0.875183
vt 0.343262 0.897217
vt 0.343262 0.897217
vt 0.324707 0.875183
vt 0.338867 0.865845
vt 0.338867 0.865845
vt 0.324707 0.875183
vt 0.309082 0.840698
vt 0.309082 0.840698
vt 0.324707 0.875183
vt 0.309326 0.872192
vt 0.338867 0.865845
vt 0.309082 0.840698
vt 0.312988 0.816406
vt 0.309326 0.872192
vt 0.290771 0.884949
vt 0.291016 0.832520
vt 0.309082 0.840698
vt 0.309326 0.872192
vt 0.291016 0.832520
vt 0.291016 0.832520
vt 0.290771 0.884949
vt 0.274414 0.832153
vt 0.309082 0.840698
vt 0.300781 0.820679
vt 0.312988 0.816406
vt 0.291016 0.832520
vt 0.300781 0.820679
vt 0.309082 0.840698
vt 0.312988 0.816406
vt 0.300781 0.820679
vt 0.285400 0.737549
vt 0.300781 0.820679
vt 0.291016 0.832520
vt 0.270264 0.739990
vt 0.300781 0.820679
vt 0.270264 0.739990
vt 0.285400 0.737549
vt 0.291016 0.832520
vt 0.274414 0.832153
vt 0.270264 0.739990
vt 0.238037 0.654053
vt 0.285400 0.737549
vt 0.270264 0.739990
vt 0.274414 0.832153
vt 0.257812 0.738770
vt 0.270264 0.739990
vt 0.238037 0.654053
vt 0.270264 0.739990
vt 0.257812 0.738770
vt 0.274414 0.832153
vt 0.263428 0.836182
vt 0.257812 0.738770
vt 0.238037 0.654053
vt 0.257812 0.738770
vt 0.246582 0.740479
vt 0.263428 0.836182
vt 0.246582 0.740479
vt 0.257812 0.738770
vt 0.246582 0.740479
vt 0.263428 0.836182
vt 0.247803 0.828979
vt 0.238037 0.654053
vt 0.246582 0.740479
vt 0.238281 0.748779
vt 0.238281 0.748779
vt 0.246582 0.740479
vt 0.247803 0.828979
vt 0.012741 0.593262
vt 0.061859 0.580078
vt 0.023132 0.672363
vt 0.012024 0.694336
vt 0.023132 0.672363
vt 0.057312 0.737549
vt 0.061859 0.580078
vt 0.096863 0.636230
vt 0.023132 0.672363
vt 0.061859 0.580078
vt 0.098083 0.575439
vt 0.096863 0.636230
vt 0.023132 0.672363
vt 0.059998 0.717041
vt 0.057312 0.737549
vt 0.023132 0.672363
vt 0.096863 0.636230
vt 0.059998 0.717041
vt 0.057312 0.737549
vt 0.059998 0.717041
vt 0.106140 0.717529
vt 0.057312 0.737549
vt 0.106140 0.717529
vt 0.146362 0.750000
vt 0.059998 0.717041
vt 0.096863 0.636230
vt 0.094116 0.670410
vt 0.059998 0.717041
vt 0.094116 0.670410
vt 0.106140 0.717529
vt 0.096863 0.636230
vt 0.098083 0.575439
vt 0.136230 0.592285
vt 0.136963 0.571533
vt 0.136230 0.592285
vt 0.098083 0.575439
vt 0.204590 0.554688
vt 0.136230 0.592285
vt 0.136963 0.571533
vt 0.108276 0.640625
vt 0.094116 0.670410
vt 0.096863 0.636230
vt 0.108276 0.640625
vt 0.096863 0.636230
vt 0.136230 0.592285
vt 0.132202 0.665527
vt 0.106140 0.717529
vt 0.094116 0.670410
vt 0.094116 0.670410
vt 0.108276 0.640625
vt 0.132202 0.665527
vt 0.106140 0.717529
vt 0.157593 0.712891
vt 0.146362 0.750000
vt 0.106140 0.717529
vt 0.132202 0.665527
vt 0.157593 0.712891
vt 0.157593 0.712891
vt 0.201294 0.726318
vt 0.146362 0.750000
vt 0.157593 0.712891
vt 0.212158 0.670166
vt 0.201294 0.726318
vt 0.136230 0.592285
vt 0.126709 0.643311
vt 0.108276 0.640625
vt 0.126709 0.643311
vt 0.132202 0.665527
vt 0.108276 0.640625
vt 0.136230 0.592285
vt 0.171753 0.611084
vt 0.126709 0.643311
vt 0.126709 0.643311
vt 0.171753 0.611084
vt 0.132202 0.665527
vt 0.171753 0.611084
vt 0.136230 0.592285
vt 0.204590 0.554688
vt 0.180054 0.659668
vt 0.157593 0.712891
vt 0.132202 0.665527
vt 0.180054 0.659668
vt 0.212158 0.670166
vt 0.157593 0.712891
vt 0.132202 0.665527
vt 0.171753 0.611084
vt 0.198120 0.630127
vt 0.180054 0.659668
vt 0.132202 0.665527
vt 0.198120 0.630127
vt 0.171753 0.611084
vt 0.204590 0.554688
vt 0.198120 0.630127
vt 0.212158 0.670166
vt 0.180054 0.659668
vt 0.198120 0.630127
vt 0.198120 0.630127
vt 0.204590 0.554688
vt 0.221558 0.621826
vt 0.221558 0.621826
vt 0.212158 0.670166
vt 0.198120 0.630127
vt 0.360596 0.951874
vt 0.353027 0.951874
vt 0.349609 0.942719
vt 0.348877 0.951874
vt 0.349609 0.942719
vt 0.353027 0.951874
vt 0.349609 0.942719
vt 0.348877 0.951874
vt 0.343506 0.944580
vt 0.343506 0.944580
vt 0.348877 0.951874
vt 0.343506 0.951874
vt 0.360596 0.951874
vt 0.349609 0.961029
vt 0.353027 0.951874
vt 0.348877 0.951874
vt 0.353027 0.951874
vt 0.349609 0.961029
vt 0.343506 0.959167
vt 0.348877 0.951874
vt 0.349609 0.961029
vt 0.343506 0.951874
vt 0.348877 0.951874
vt 0.343506 0.959167
vt 0.343506 0.951874
vt 0.343506 0.959167
vt 0.337891 0.951874
vt 0.337402 0.961029
vt 0.337891 0.951874
vt 0.343506 0.959167
vt 0.337891 0.951874
vt 0.337402 0.961029
vt 0.333740 0.951874
vt 0.333740 0.951874
vt 0.337402 0.961029
vt 0.326416 0.951874
vt 0.343506 0.944580
vt 0.343506 0.951874
vt 0.337891 0.951874
vt 0.337402 0.942719
vt 0.343506 0.944580
vt 0.337891 0.951874
vt 0.333740 0.951874
vt 0.326416 0.951874
vt 0.337402 0.942719
vt 0.333740 0.951874
vt 0.337402 0.942719
vt 0.337891 0.951874
vt 0.360596 0.951874
vt 0.353027 0.951874
vt 0.349609 0.942719
vt 0.353027 0.951874
vt 0.348877 0.951874
vt 0.349609 0.942719
vt 0.349609 0.942719
vt 0.348877 0.951874
vt 0.343506 0.944580
vt 0.343506 0.944580
vt 0.348877 0.951874
vt 0.343506 0.951874
vt 0.360596 0.951874
vt 0.349609 0.961029
vt 0.353027 0.951874
vt 0.349609 0.961029
vt 0.348877 0.951874
vt 0.353027 0.951874
vt 0.349609 0.961029
vt 0.343506 0.959167
vt 0.348877 0.951874
vt 0.343506 0.951874
vt 0.348877 0.951874
vt 0.343506 0.959167
vt 0.343506 0.951874
vt 0.343506 0.959167
vt 0.337891 0.951874
vt 0.337402 0.961029
vt 0.337891 0.951874
vt 0.343506 0.959167
vt 0.337891 0.951874
vt 0.337402 0.961029
vt 0.333740 0.951874
vt 0.333740 0.951874
vt 0.337402 0.961029
vt 0.326416 0.951874
vt 0.343506 0.944580
vt 0.343506 0.951874
vt 0.337891 0.951874
vt 0.337891 0.951874
vt 0.337402 0.942719
vt 0.343506 0.944580
vt 0.333740 0.951874
vt 0.326416 0.951874
vt 0.337402 0.942719
vt 0.337891 0.951874
vt 0.333740 0.951874
vt 0.337402 0.942719
vt 0.360596 0.951874
vt 0.353027 0.951874
vt 0.349609 0.942719
vt 0.348877 0.951874
vt 0.349609 0.942719
vt 0.353027 0.951874
vt 0.348877 0.951874
vt 0.343506 0.944580
vt 0.349609 0.942719
vt 0.343506 0.944580
vt 0.348877 0.951874
vt 0.343506 0.951874
vt 0.360596 0.951874
vt 0.349609 0.961029
vt 0.353027 0.951874
vt 0.349609 0.961029
vt 0.348877 0.951874
vt 0.353027 0.951874
vt 0.343506 0.951874
vt 0.348877 0.951874
vt 0.343506 0.959167
vt 0.348877 0.951874
vt 0.349609 0.961029
vt 0.343506 0.959167
vt 0.343506 0.944580
vt 0.343506 0.951874
vt 0.337891 0.951874
vt 0.333740 0.951874
vt 0.343506 0.944580
vt 0.337891 0.951874
vt 0.343506 0.944580
vt 0.333740 0.951874
vt 0.337402 0.942719
vt 0.333740 0.951874
vt 0.326416 0.951874
vt 0.337402 0.942719
vt 0.343506 0.951874
vt 0.343506 0.959167
vt 0.337891 0.951874
vt 0.337402 0.961029
vt 0.337891 0.951874
vt 0.343506 0.959167
vt 0.333740 0.951874
vt 0.337402 0.961029
vt 0.326416 0.951874
vt 0.337402 0.961029
vt 0.333740 0.951874
vt 0.337891 0.951874
vt 0.360596 0.979858
vt 0.353027 0.979858
vt 0.349609 0.970703
vt 0.353027 0.979858
vt 0.343506 0.972580
vt 0.349609 0.970703
vt 0.343506 0.972580
vt 0.353027 0.979858
vt 0.348877 0.979858
vt 0.343506 0.972580
vt 0.348877 0.979858
vt 0.343506 0.979858
vt 0.349609 0.989006
vt 0.353027 0.979858
vt 0.360596 0.979858
vt 0.343506 0.987137
vt 0.353027 0.979858
vt 0.349609 0.989006
vt 0.343506 0.987137
vt 0.348877 0.979858
vt 0.353027 0.979858
vt 0.348877 0.979858
vt 0.343506 0.987137
vt 0.343506 0.979858
vt 0.343506 0.979858
vt 0.343506 0.987137
vt 0.337891 0.979858
vt 0.337402 0.989006
vt 0.337891 0.979858
vt 0.343506 0.987137
vt 0.337891 0.979858
vt 0.337402 0.989006
vt 0.333740 0.979858
vt 0.337402 0.989006
vt 0.326416 0.979858
vt 0.333740 0.979858
vt 0.343506 0.972580
vt 0.343506 0.979858
vt 0.337891 0.979858
vt 0.337402 0.970703
vt 0.343506 0.972580
vt 0.337891 0.979858
vt 0.326416 0.979858
vt 0.337402 0.970703
vt 0.333740 0.979858
vt 0.333740 0.979858
vt 0.337402 0.970703
vt 0.337891 0.979858
vt 0.326416 0.979858
vt 0.333740 0.979858
vt 0.337402 0.989006
vt 0.337891 0.979858
vt 0.337402 0.989006
vt 0.333740 0.979858
vt 0.337402 0.989006
vt 0.337891 0.979858
vt 0.343506 0.987137
vt 0.343506 0.987137
vt 0.337891 0.979858
vt 0.343506 0.979858
vt 0.337402 0.970703
vt 0.333740 0.979858
vt 0.326416 0.979858
vt 0.343506 0.972580
vt 0.333740 0.979858
vt 0.337402 0.970703
vt 0.333740 0.979858
vt 0.343506 0.972580
vt 0.337891 0.979858
vt 0.337891 0.979858
vt 0.343506 0.972580
vt 0.343506 0.979858
vt 0.343506 0.979858
vt 0.343506 0.972580
vt 0.348877 0.979858
vt 0.343506 0.972580
vt 0.353027 0.979858
vt 0.348877 0.979858
vt 0.353027 0.979858
vt 0.343506 0.972580
vt 0.349609 0.970703
vt 0.349609 0.970703
vt 0.360596 0.979858
vt 0.353027 0.979858
vt 0.343506 0.987137
vt 0.343506 0.979858
vt 0.348877 0.979858
vt 0.348877 0.979858
vt 0.349609 0.989006
vt 0.343506 0.987137
vt 0.360596 0.979858
vt 0.349609 0.989006
vt 0.353027 0.979858
vt 0.348877 0.979858
vt 0.353027 0.979858
vt 0.349609 0.989006
vt 0.326416 0.979858
vt 0.333740 0.979858
vt 0.337402 0.989006
vt 0.337891 0.979858
vt 0.337402 0.989006
vt 0.333740 0.979858
vt 0.337891 0.979858
vt 0.343506 0.987137
vt 0.337402 0.989006
vt 0.343506 0.987137
vt 0.337891 0.979858
vt 0.343506 0.979858
vt 0.326416 0.979858
vt 0.337402 0.970703
vt 0.333740 0.979858
vt 0.333740 0.979858
vt 0.337402 0.970703
vt 0.337891 0.979858
vt 0.337891 0.979858
vt 0.337402 0.970703
vt 0.343506 0.972580
vt 0.343506 0.979858
vt 0.337891 0.979858
vt 0.343506 0.972580
vt 0.343506 0.979858
vt 0.343506 0.972580
vt 0.348877 0.979858
vt 0.349609 0.970703
vt 0.348877 0.979858
vt 0.343506 0.972580
vt 0.348877 0.979858
vt 0.349609 0.970703
vt 0.353027 0.979858
vt 0.349609 0.970703
vt 0.360596 0.979858
vt 0.353027 0.979858
vt 0.343506 0.987137
vt 0.343506 0.979858
vt 0.348877 0.979858
vt 0.343506 0.987137
vt 0.348877 0.979858
vt 0.349609 0.989006
vt 0.360596 0.979858
vt 0.349609 0.989006
vt 0.353027 0.979858
vt 0.349609 0.989006
vt 0.348877 0.979858
vt 0.353027 0.979858
vt 0.807129 0.948853
vt 0.791992 0.954285
vt 0.793945 0.918030
vt 0.806152 0.877319
vt 0.807129 0.948853
vt 0.793945 0.918030
vt 0.772949 0.946136
vt 0.793945 0.918030
vt 0.791992 0.954285
vt 0.806152 0.877319
vt 0.793945 0.918030
vt 0.775391 0.837402
vt 0.763184 0.888550
vt 0.793945 0.918030
vt 0.772949 0.946136
vt 0.775391 0.837402
vt 0.793945 0.918030
vt 0.763184 0.888550
vt 0.772949 0.946136
vt 0.757324 0.934814
vt 0.763184 0.888550
vt 0.760254 0.788330
vt 0.775391 0.837402
vt 0.763184 0.888550
vt 0.760254 0.788330
vt 0.781250 0.794067
vt 0.775391 0.837402
vt 0.775879 0.722412
vt 0.781250 0.794067
vt 0.760254 0.788330
vt 0.763184 0.888550
vt 0.757324 0.934814
vt 0.730957 0.887451
vt 0.757324 0.934814
vt 0.732910 0.929199
vt 0.730957 0.887451
vt 0.756348 0.712891
vt 0.775879 0.722412
vt 0.760254 0.788330
vt 0.763184 0.659668
vt 0.775879 0.722412
vt 0.756348 0.712891
vt 0.744629 0.658691
vt 0.763184 0.659668
vt 0.756348 0.712891
vt 0.744629 0.658691
vt 0.742188 0.558594
vt 0.763184 0.659668
vt 0.760254 0.788330
vt 0.739258 0.714844
vt 0.756348 0.712891
vt 0.744629 0.658691
vt 0.756348 0.712891
vt 0.739258 0.714844
vt 0.733887 0.665039
vt 0.742188 0.558594
vt 0.744629 0.658691
vt 0.733887 0.665039
vt 0.744629 0.658691
vt 0.739258 0.714844
vt 0.733887 0.665039
vt 0.721680 0.662354
vt 0.742188 0.558594
vt 0.708984 0.662598
vt 0.742188 0.558594
vt 0.721680 0.662354
vt 0.739258 0.714844
vt 0.722168 0.724854
vt 0.733887 0.665039
vt 0.733887 0.665039
vt 0.722168 0.724854
vt 0.721680 0.662354
vt 0.741211 0.801514
vt 0.739258 0.714844
vt 0.760254 0.788330
vt 0.741211 0.801514
vt 0.722168 0.724854
vt 0.739258 0.714844
vt 0.763184 0.888550
vt 0.741211 0.801514
vt 0.760254 0.788330
vt 0.708984 0.662598
vt 0.721680 0.662354
vt 0.712891 0.718994
vt 0.722168 0.724854
vt 0.712891 0.718994
vt 0.721680 0.662354
vt 0.695801 0.722656
vt 0.708984 0.662598
vt 0.712891 0.718994
vt 0.722168 0.724854
vt 0.741211 0.801514
vt 0.730469 0.800903
vt 0.730469 0.800903
vt 0.712891 0.718994
vt 0.722168 0.724854
vt 0.763184 0.888550
vt 0.739258 0.834473
vt 0.741211 0.801514
vt 0.730469 0.800903
vt 0.741211 0.801514
vt 0.739258 0.834473
vt 0.739258 0.834473
vt 0.763184 0.888550
vt 0.730957 0.887451
vt 0.730469 0.800903
vt 0.739258 0.834473
vt 0.722168 0.807129
vt 0.730469 0.800903
vt 0.722168 0.807129
vt 0.712891 0.718994
vt 0.739258 0.834473
vt 0.730957 0.887451
vt 0.725586 0.836548
vt 0.725586 0.836548
vt 0.730957 0.887451
vt 0.714844 0.834595
vt 0.712891 0.718994
vt 0.722168 0.807129
vt 0.705078 0.758423
vt 0.712891 0.718994
vt 0.705078 0.758423
vt 0.695801 0.722656
vt 0.722168 0.807129
vt 0.708496 0.804932
vt 0.705078 0.758423
vt 0.693359 0.802124
vt 0.695801 0.722656
vt 0.705078 0.758423
vt 0.708496 0.804932
vt 0.693359 0.802124
vt 0.705078 0.758423
vt 0.693359 0.802124
vt 0.708496 0.804932
vt 0.701660 0.821411
vt 0.690918 0.847168
vt 0.693359 0.802124
vt 0.701660 0.821411
vt 0.690918 0.847168
vt 0.701660 0.821411
vt 0.708496 0.873779
vt 0.708496 0.873779
vt 0.701660 0.821411
vt 0.714844 0.834595
vt 0.714844 0.834595
vt 0.730957 0.887451
vt 0.708496 0.873779
vt 0.690918 0.847168
vt 0.708496 0.873779
vt 0.689453 0.895813
vt 0.706543 0.930115
vt 0.708496 0.873779
vt 0.730957 0.887451
vt 0.706543 0.930115
vt 0.689453 0.895813
vt 0.708496 0.873779
vt 0.730957 0.887451
vt 0.732910 0.929199
vt 0.706543 0.930115
vt 0.674805 0.962280
vt 0.689453 0.895813
vt 0.706543 0.930115
vt 0.732910 0.929199
vt 0.707520 0.960693
vt 0.706543 0.930115
vt 0.674805 0.962280
vt 0.706543 0.930115
vt 0.678711 0.987228
vt 0.706543 0.930115
vt 0.707520 0.960693
vt 0.678711 0.987228
vt 0.360596 0.951874
vt 0.353027 0.951874
vt 0.349609 0.942719
vt 0.349609 0.961029
vt 0.353027 0.951874
vt 0.360596 0.951874
vt 0.348877 0.951874
vt 0.349609 0.942719
vt 0.353027 0.951874
vt 0.349609 0.961029
vt 0.348877 0.951874
vt 0.353027 0.951874
vt 0.349609 0.942719
vt 0.348877 0.951874
vt 0.343506 0.944580
vt 0.348877 0.951874
vt 0.349609 0.961029
vt 0.343506 0.959167
vt 0.343506 0.944580
vt 0.348877 0.951874
vt 0.343506 0.951874
vt 0.348877 0.951874
vt 0.343506 0.959167
vt 0.343506 0.951874
vt 0.343506 0.944580
vt 0.343506 0.951874
vt 0.337891 0.951874
vt 0.343506 0.951874
vt 0.343506 0.959167
vt 0.337891 0.951874
vt 0.337402 0.942719
vt 0.343506 0.944580
vt 0.337891 0.951874
vt 0.337402 0.961029
vt 0.337891 0.951874
vt 0.343506 0.959167
vt 0.333740 0.951874
vt 0.337402 0.942719
vt 0.337891 0.951874
vt 0.337891 0.951874
vt 0.337402 0.961029
vt 0.333740 0.951874
vt 0.333740 0.951874
vt 0.326416 0.951874
vt 0.337402 0.942719
vt 0.333740 0.951874
vt 0.337402 0.961029
vt 0.326416 0.951874

g UnrealEdObject

s 0
f 1/1 2/2 3/3
f 7/7 8/8 9/9
f 13/13 14/14 15/15
f 19/19 20/20 21/21
f 25/25 26/26 27/27
f 31/31 32/32 33/33
f 37/37 38/38 39/39
f 43/43 44/44 45/45
f 49/49 50/50 51/51
f 55/55 56/56 57/57
f 61/61 62/62 63/63
f 67/67 68/68 69/69
f 73/73 74/74 75/75
f 79/79 80/80 81/81
f 85/85 86/86 87/87
f 91/91 92/92 93/93
f 97/97 98/98 99/99
f 103/103 104/104 105/105
f 109/109 110/110 111/111
f 115/115 116/116 117/117
f 121/121 122/122 123/123
f 127/127 128/128 129/129
f 133/133 134/134 135/135
f 139/139 140/140 141/141
f 145/145 146/146 147/147
f 151/151 152/152 153/153
f 157/157 158/158 159/159
f 163/163 164/164 165/165
f 169/169 170/170 171/171
f 175/175 176/176 177/177
f 181/181 182/182 183/183
f 187/187 188/188 189/189
f 193/193 194/194 195/195
f 199/199 200/200 201/201
f 205/205 206/206 207/207
f 211/211 212/212 213/213
f 217/217 218/218 219/219
f 223/223 224/224 225/225
f 229/229 230/230 231/231
f 235/235 236/236 237/237
f 241/241 242/242 243/243
f 247/247 248/248 249/249
f 253/253 254/254 255/255
f 259/259 260/260 261/261
f 265/265 266/266 267/267
f 271/271 272/272 273/273
f 277/277 278/278 279/279
f 283/283 284/284 285/285
f 289/289 290/290 291/291
f 295/295 296/296 297/297
f 301/301 302/302 303/303
f 307/307 308/308 309/309
f 313/313 314/314 315/315
f 319/319 320/320 321/321
f 325/325 326/326 327/327
f 331/331 332/332 333/333
f 337/337 338/338 339/339
f 343/343 344/344 345/345
f 349/349 350/350 351/351
f 355/355 356/356 357/357
f 361/361 362/362 363/363
f 367/367 368/368 369/369
f 373/373 374/374 375/375
f 379/379 380/380 381/381
f 385/385 386/386 387/387
f 391/391 392/392 393/393
f 397/397 398/398 399/399
f 403/403 404/404 405/405
f 409/409 410/410 411/411
f 415/415 416/416 417/417
f 421/421 422/422 423/423
f 427/427 428/428 429/429
f 433/433 434/434 435/435
f 439/439 440/440 441/441
f 445/445 446/446 447/447
f 451/451 452/452 453/453
f 457/457 458/458 459/459
f 463/463 464/464 465/465
f 469/469 470/470 471/471
f 475/475 476/476 477/477
f 481/481 482/482 483/483
f 487/487 488/488 489/489
f 493/493 494/494 495/495
f 499/499 500/500 501/501
f 505/505 506/506 507/507
f 511/511 512/512 513/513
f 517/517 518/518 519/519
f 523/523 524/524 525/525
f 529/529 530/530 531/531
f 535/535 536/536 537/537
f 541/541 542/542 543/543
f 547/547 548/548 549/549
f 553/553 554/554 555/555
f 559/559 560/560 561/561
f 565/565 566/566 567/567
f 571/571 572/572 573/573
f 577/577 578/578 579/579
f 583/583 584/584 585/585
f 589/589 590/590 591/591
f 595/595 596/596 597/597
f 601/601 602/602 603/603
f 607/607 608/608 609/609
f 613/613 614/614 615/615
f 619/619 620/620 621/621
f 625/625 626/626 627/627
f 631/631 632/632 633/633
f 637/637 638/638 639/639
f 643/643 644/644 645/645
f 649/649 650/650 651/651
f 655/655 656/656 657/657
f 661/661 662/662 663/663
f 667/667 668/668 669/669
f 673/673 674/674 675/675
f 679/679 680/680 681/681
f 685/685 686/686 687/687
f 691/691 692/692 693/693
f 697/697 698/698 699/699
f 703/703 704/704 705/705
f 709/709 710/710 711/711
f 715/715 716/716 717/717
f 721/721 722/722 723/723
f 727/727 728/728 729/729
f 733/733 734/734 735/735
f 739/739 740/740 741/741
f 745/745 746/746 747/747
f 751/751 752/752 753/753
f 757/757 758/758 759/759
f 763/763 764/764 765/765
f 769/769 770/770 771/771
f 775/775 776/776 777/777
f 781/781 782/782 783/783
f 787/787 788/788 789/789
f 793/793 794/794 795/795
f 799/799 800/800 801/801
f 805/805 806/806 807/807
f 811/811 812/812 813/813
f 817/817 818/818 819/819
f 823/823 824/824 825/825
f 829/829 830/830 831/831
f 835/835 836/836 837/837
f 841/841 842/842 843/843
f 847/847 848/848 849/849
f 853/853 854/854 855/855
f 859/859 860/860 861/861
f 865/865 866/866 867/867
f 871/871 872/872 873/873
f 877/877 878/878 879/879
f 883/883 884/884 885/885
f 889/889 890/890 891/891
f 895/895 896/896 897/897
f 901/901 902/902 903/903
f 907/907 908/908 909/909
f 913/913 914/914 915/915
f 919/919 920/920 921/921
f 925/925 926/926 927/927
f 931/931 932/932 933/933
f 937/937 938/938 939/939
f 943/943 944/944 945/945
f 949/949 950/950 951/951
f 955/955 956/956 957/957
f 961/961 962/962 963/963
f 967/967 968/968 969/969
f 973/973 974/974 975/975
f 979/979 980/980 981/981
f 985/985 986/986 987/987
f 991/991 992/992 993/993
f 997/997 998/998 999/999
f 1003/1003 1004/1004 1005/1005
f 1012/1012 1013/1013 1014/1014
f 1015/1015 1016/1016 1017/1017
f 1021/1021 1022/1022 1023/1023
f 1039/1039 1040/1040 1041/1041
f 1045/1045 1046/1046 1047/1047
f 1051/1051 1052/1052 1053/1053
f 1060/1060 1061/1061 1062/1062
f 1063/1063 1064/1064 1065/1065
f 1069/1069 1070/1070 1071/1071
f 1087/1087 1088/1088 1089/1089
f 1093/1093 1094/1094 1095/1095
f 1099/1099 1100/1100 1101/1101
f 1105/1105 1106/1106 1107/1107
f 1111/1111 1112/1112 1113/1113
f 1117/1117 1118/1118 1119/1119
f 1123/1123 1124/1124 1125/1125
f 1129/1129 1130/1130 1131/1131
f 1135/1135 1136/1136 1137/1137
f 1144/1144 1145/1145 1146/1146
f 1147/1147 1148/1148 1149/1149
f 1153/1153 1154/1154 1155/1155
f 1171/1171 1172/1172 1173/1173
f 1177/1177 1178/1178 1179/1179
f 1183/1183 1184/1184 1185/1185
f 1189/1189 1190/1190 1191/1191
f 1195/1195 1196/1196 1197/1197
f 1201/1201 1202/1202 1203/1203
f 1210/1210 1211/1211 1212/1212
f 1219/1219 1220/1220 1221/1221
f 1231/1231 1232/1232 1233/1233
f 1237/1237 1238/1238 1239/1239
f 1243/1243 1244/1244 1245/1245
f 1255/1255 1256/1256 1257/1257
f 1258/1258 1259/1259 1260/1260
f 1264/1264 1265/1265 1266/1266
f 1279/1279 1280/1280 1281/1281
f 1285/1285 1286/1286 1287/1287
f 1291/1291 1292/1292 1293/1293
f 1297/1297 1298/1298 1299/1299
f 1303/1303 1304/1304 1305/1305
f 1309/1309 1310/1310 1311/1311
f 1312/1312 1313/1313 1314/1314
f 1321/1321 1322/1322 1323/1323
f 1324/1324 1325/1325 1326/1326
f 1333/1333 1334/1334 1335/1335
f 1345/1345 1346/1346 1347/1347
f 1351/1351 1352/1352 1353/1353
f 1357/1357 1358/1358 1359/1359
f 1363/1363 1364/1364 1365/1365
f 1369/1369 1370/1370 1371/1371
f 1375/1375 1376/1376 1377/1377
f 1381/1381 1382/1382 1383/1383
f 1387/1387 1388/1388 1389/1389
f 1393/1393 1394/1394 1395/1395
f 1399/1399 1400/1400 1401/1401
f 1405/1405 1406/1406 1407/1407
f 1411/1411 1412/1412 1413/1413
f 1417/1417 1418/1418 1419/1419
f 1423/1423 1424/1424 1425/1425
f 1429/1429 1430/1430 1431/1431
f 1435/1435 1436/1436 1437/1437
f 1441/1441 1442/1442 1443/1443
f 1447/1447 1448/1448 1449/1449
f 1453/1453 1454/1454 1455/1455
f 1459/1459 1460/1460 1461/1461
f 1465/1465 1466/1466 1467/1467
f 1471/1471 1472/1472 1473/1473
f 1477/1477 1478/1478 1479/1479
f 1483/1483 1484/1484 1485/1485
f 1489/1489 1490/1490 1491/1491
f 1495/1495 1496/1496 1497/1497
f 1507/1507 1508/1508 1509/1509
f 1510/1510 1511/1511 1512/1512
f 1513/1513 1514/1514 1515/1515
f 1531/1531 1532/1532 1533/1533
f 1537/1537 1538/1538 1539/1539
f 1543/1543 1544/1544 1545/1545
f 1549/1549 1550/1550 1551/1551
f 1555/1555 1556/1556 1557/1557
f 1561/1561 1562/1562 1563/1563
f 1567/1567 1568/1568 1569/1569
f 1573/1573 1574/1574 1575/1575
f 1579/1579 1580/1580 1581/1581
f 1585/1585 1586/1586 1587/1587
f 1594/1594 1595/1595 1596/1596
f 1603/1603 1604/1604 1605/1605
f 1612/1612 1613/1613 1614/1614
f 1621/1621 1622/1622 1623/1623
f 1630/1630 1631/1631 1632/1632
f 1633/1633 1634/1634 1635/1635
f 1642/1642 1643/1643 1644/1644
f 1648/1648 1649/1649 1650/1650
f 1651/1651 1652/1652 1653/1653
f 1660/1660 1661/1661 1662/1662
f 1666/1666 1667/1667 1668/1668
f 1669/1669 1670/1670 1671/1671
f 1675/1675 1676/1676 1677/1677
f 1687/1687 1688/1688 1689/1689
f 1696/1696 1697/1697 1698/1698
f 1699/1699 1700/1700 1701/1701
f 1708/1708 1709/1709 1710/1710
f 1714/1714 1715/1715 1716/1716
f 1717/1717 1718/1718 1719/1719
f 1723/1723 1724/1724 1725/1725
f 1732/1732 1733/1733 1734/1734
f 1735/1735 1736/1736 1737/1737
f 1744/1744 1745/1745 1746/1746
f 1750/1750 1751/1751 1752/1752
f 1759/1759 1760/1760 1761/1761
f 1762/1762 1763/1763 1764/1764
f 1774/1774 1775/1775 1776/1776
f 1777/1777 1778/1778 1779/1779
f 1783/1783 1784/1784 1785/1785
f 1792/1792 1793/1793 1794/1794
f 1795/1795 1796/1796 1797/1797
f 1804/1804 1805/1805 1806/1806
f 1810/1810 1811/1811 1812/1812
f 1816/1816 1817/1817 1818/1818
f 1822/1822 1823/1823 1824/1824
f 1828/1828 1829/1829 1830/1830
f 1831/1831 1832/1832 1833/1833
f 1843/1843 1844/1844 1845/1845
f 1846/1846 1847/1847 1848/1848
f 1852/1852 1853/1853 1854/1854
f 1858/1858 1859/1859 1860/1860
f 1867/1867 1868/1868 1869/1869
f 1879/1879 1880/1880 1881/1881
f 1894/1894 1895/1895 1896/1896
f 1900/1900 1901/1901 1902/1902
f 1909/1909 1910/1910 1911/1911
f 1915/1915 1916/1916 1917/1917
f 1924/1924 1925/1925 1926/1926
f 1933/1933 1934/1934 1935/1935
f 1939/1939 1940/1940 1941/1941
f 1945/1945 1946/1946 1947/1947
f 1951/1951 1952/1952 1953/1953
f 1957/1957 1958/1958 1959/1959
f 1966/1966 1967/1967 1968/1968
f 1969/1969 1970/1970 1971/1971
f 1978/1978 1979/1979 1980/1980
f 1981/1981 1982/1982 1983/1983
f 1987/1987 1988/1988 1989/1989
f 1990/1990 1991/1991 1992/1992
f 1996/1996 1997/1997 1998/1998
f 1999/1999 2000/2000 2001/2001
f 2008/2008 2009/2009 2010/2010
f 2011/2011 2012/2012 2013/2013
f 2020/2020 2021/2021 2022/2022
f 2026/2026 2027/2027 2028/2028
f 2032/2032 2033/2033 2034/2034
f 2041/2041 2042/2042 2043/2043
f 2044/2044 2045/2045 2046/2046
f 2056/2056 2057/2057 2058/2058
f 2059/2059 2060/2060 2061/2061
f 2065/2065 2066/2066 2067/2067
f 2077/2077 2078/2078 2079/2079
f 2083/2083 2084/2084 2085/2085
f 2089/2089 2090/2090 2091/2091
f 2098/2098 2099/2099 2100/2100
f 2104/2104 2105/2105 2106/2106
f 2113/2113 2114/2114 2115/2115
f 2128/2128 2129/2129 2130/2130
f 2137/2137 2138/2138 2139/2139
f 2140/2140 2141/2141 2142/2142
f 2152/2152 2153/2153 2154/2154
f 2158/2158 2159/2159 2160/2160
f 2161/2161 2162/2162 2163/2163
f 2170/2170 2171/2171 2172/2172
f 2173/2173 2174/2174 2175/2175
f 2182/2182 2183/2183 2184/2184
f 2191/2191 2192/2192 2193/2193
f 2197/2197 2198/2198 2199/2199
f 2200/2200 2201/2201 2202/2202
f 2203/2203 2204/2204 2205/2205
f 2206/2206 2207/2207 2208/2208
f 2212/2212 2213/2213 2214/2214
f 2215/2215 2216/2216 2217/2217
f 2227/2227 2228/2228 2229/2229
f 2230/2230 2231/2231 2232/2232
f 2236/2236 2237/2237 2238/2238
f 2254/2254 2255/2255 2256/2256
f 2260/2260 2261/2261 2262/2262
f 2269/2269 2270/2270 2271/2271
f 2272/2272 2273/2273 2274/2274
f 2281/2281 2282/2282 2283/2283
f 2290/2290 2291/2291 2292/2292
f 2302/2302 2303/2303 2304/2304
f 2308/2308 2309/2309 2310/2310
f 2314/2314 2315/2315 2316/2316
f 2332/2332 2333/2333 2334/2334
f 2341/2341 2342/2342 2343/2343
f 2344/2344 2345/2345 2346/2346
f 2353/2353 2354/2354 2355/2355
f 2356/2356 2357/2357 2358/2358
f 2368/2368 2369/2369 2370/2370
f 2374/2374 2375/2375 2376/2376
f 2377/2377 2378/2378 2379/2379
f 2386/2386 2387/2387 2388/2388
f 2389/2389 2390/2390 2391/2391
f 2398/2398 2399/2399 2400/2400
f 2401/2401 2402/2402 2403/2403
f 2410/2410 2411/2411 2412/2412
f 2413/2413 2414/2414 2415/2415
f 2422/2422 2423/2423 2424/2424
f 2425/2425 2426/2426 2427/2427
f 2437/2437 2438/2438 2439/2439
f 2446/2446 2447/2447 2448/2448
f 2452/2452 2453/2453 2454/2454
f 2458/2458 2459/2459 2460/2460
f 2464/2464 2465/2465 2466/2466
f 2476/2476 2477/2477 2478/2478
f 2485/2485 2486/2486 2487/2487
f 2494/2494 2495/2495 2496/2496
f 2497/2497 2498/2498 2499/2499
f 2509/2509 2510/2510 2511/2511
f 2515/2515 2516/2516 2517/2517
f 2521/2521 2522/2522 2523/2523
f 2530/2530 2531/2531 2532/2532
f 2533/2533 2534/2534 2535/2535
f 2542/2542 2543/2543 2544/2544
f 2551/2551 2552/2552 2553/2553
f 2557/2557 2558/2558 2559/2559
f 2566/2566 2567/2567 2568/2568
f 2572/2572 2573/2573 2574/2574
f 2575/2575 2576/2576 2577/2577
f 2584/2584 2585/2585 2586/2586
f 2590/2590 2591/2591 2592/2592
f 2593/2593 2594/2594 2595/2595
f 2596/2596 2597/2597 2598/2598
f 2605/2605 2606/2606 2607/2607
f 2611/2611 2612/2612 2613/2613
f 2620/2620 2621/2621 2622/2622
f 2626/2626 2627/2627 2628/2628
f 2632/2632 2633/2633 2634/2634
f 2635/2635 2636/2636 2637/2637
f 2644/2644 2645/2645 2646/2646
f 2650/2650 2651/2651 2652/2652
f 2656/2656 2657/2657 2658/2658
f 2665/2665 2666/2666 2667/2667
f 2671/2671 2672/2672 2673/2673
f 2677/2677 2678/2678 2679/2679
f 2686/2686 2687/2687 2688/2688
f 2692/2692 2693/2693 2694/2694
f 2695/2695 2696/2696 2697/2697
f 2704/2704 2705/2705 2706/2706
f 2707/2707 2708/2708 2709/2709
f 2716/2716 2717/2717 2718/2718
f 2719/2719 2720/2720 2721/2721
f 2728/2728 2729/2729 2730/2730
f 2731/2731 2732/2732 2733/2733
f 2749/2749 2750/2750 2751/2751
f 2755/2755 2756/2756 2757/2757
f 2761/2761 2762/2762 2763/2763
f 2770/2770 2771/2771 2772/2772
f 2773/2773 2774/2774 2775/2775
f 2776/2776 2777/2777 2778/2778
f 2788/2788 2789/2789 2790/2790
f 2791/2791 2792/2792 2793/2793
f 2803/2803 2804/2804 2805/2805
f 2812/2812 2813/2813 2814/2814
f 2818/2818 2819/2819 2820/2820
f 2821/2821 2822/2822 2823/2823
f 2833/2833 2834/2834 2835/2835
f 2845/2845 2846/2846 2847/2847
f 2854/2854 2855/2855 2856/2856
f 2863/2863 2864/2864 2865/2865
f 2872/2872 2873/2873 2874/2874
f 2875/2875 2876/2876 2877/2877
f 2881/2881 2882/2882 2883/2883
f 2890/2890 2891/2891 2892/2892
f 2893/2893 2894/2894 2895/2895
f 2905/2905 2906/2906 2907/2907
f 2914/2914 2915/2915 2916/2916
f 2920/2920 2921/2921 2922/2922
f 2929/2929 2930/2930 2931/2931
f 2941/2941 2942/2942 2943/2943
f 2950/2950 2951/2951 2952/2952
f 2953/2953 2954/2954 2955/2955
f 2959/2959 2960/2960 2961/2961
f 2965/2965 2966/2966 2967/2967
f 2974/2974 2975/2975 2976/2976
f 2983/2983 2984/2984 2985/2985
f 2986/2986 2987/2987 2988/2988
f 2992/2992 2993/2993 2994/2994
f 3001/3001 3002/3002 3003/3003
f 3004/3004 3005/3005 3006/3006
f 3016/3016 3017/3017 3018/3018
f 3019/3019 3020/3020 3021/3021
f 3031/3031 3032/3032 3033/3033
f 3037/3037 3038/3038 3039/3039
f 3043/3043 3044/3044 3045/3045
f 3049/3049 3050/3050 3051/3051
f 3061/3061 3062/3062 3063/3063
f 3067/3067 3068/3068 3069/3069
f 3073/3073 3074/3074 3075/3075
f 3082/3082 3083/3083 3084/3084
f 3088/3088 3089/3089 3090/3090
f 3097/3097 3098/3098 3099/3099
f 3106/3106 3107/3107 3108/3108
f 3112/3112 3113/3113 3114/3114
f 3121/3121 3122/3122 3123/3123
f 3124/3124 3125/3125 3126/3126
f 3130/3130 3131/3131 3132/3132
f 3133/3133 3134/3134 3135/3135
f 3139/3139 3140/3140 3141/3141
f 3145/3145 3146/3146 3147/3147
f 3151/3151 3152/3152 3153/3153
f 3163/3163 3164/3164 3165/3165
f 3169/3169 3170/3170 3171/3171
f 3178/3178 3179/3179 3180/3180
f 3184/3184 3185/3185 3186/3186
f 3196/3196 3197/3197 3198/3198
f 3208/3208 3209/3209 3210/3210
f 3217/3217 3218/3218 3219/3219
f 3223/3223 3224/3224 3225/3225
f 3235/3235 3236/3236 3237/3237
f 3244/3244 3245/3245 3246/3246
f 3250/3250 3251/3251 3252/3252
f 3256/3256 3257/3257 3258/3258
f 3262/3262 3263/3263 3264/3264
f 3271/3271 3272/3272 3273/3273
f 3274/3274 3275/3275 3276/3276
f 3286/3286 3287/3287 3288/3288
f 3289/3289 3290/3290 3291/3291
f 3295/3295 3296/3296 3297/3297
f 3298/3298 3299/3299 3300/3300
f 3304/3304 3305/3305 3306/3306
f 3307/3307 3308/3308 3309/3309
f 3319/3319 3320/3320 3321/3321
f 3322/3322 3323/3323 3324/3324
f 3328/3328 3329/3329 3330/3330
f 3334/3334 3335/3335 3336/3336
f 3343/3343 3344/3344 3345/3345
f 3349/3349 3350/3350 3351/3351
f 3358/3358 3359/3359 3360/3360
f 3370/3370 3371/3371 3372/3372
f 3379/3379 3380/3380 3381/3381
f 3391/3391 3392/3392 3393/3393
f 3397/3397 3398/3398 3399/3399
f 3403/3403 3404/3404 3405/3405
f 3406/3406 3407/3407 3408/3408
f 3415/3415 3416/3416 3417/3417
f 3418/3418 3419/3419 3420/3420
f 3427/3427 3428/3428 3429/3429
f 3433/3433 3434/3434 3435/3435
f 3436/3436 3437/3437 3438/3438
f 3448/3448 3449/3449 3450/3450
f 3451/3451 3452/3452 3453/3453
f 3460/3460 3461/3461 3462/3462
f 3463/3463 3464/3464 3465/3465
f 3472/3472 3473/3473 3474/3474
f 3475/3475 3476/3476 3477/3477
f 3481/3481 3482/3482 3483/3483
f 3490/3490 3491/3491 3492/3492
f 3496/3496 3497/3497 3498/3498
f 3499/3499 3500/3500 3501/3501
f 3514/3514 3515/3515 3516/3516
f 3517/3517 3518/3518 3519/3519
f 3526/3526 3527/3527 3528/3528
f 3535/3535 3536/3536 3537/3537
f 3541/3541 3542/3542 3543/3543
f 3544/3544 3545/3545 3546/3546
f 3556/3556 3557/3557 3558/3558
f 3559/3559 3560/3560 3561/3561
f 3565/3565 3566/3566 3567/3567
f 3577/3577 3578/3578 3579/3579
f 3580/3580 3581/3581 3582/3582
f 3592/3592 3593/3593 3594/3594
f 3595/3595 3596/3596 3597/3597
f 3610/3610 3611/3611 3612/3612
f 3622/3622 3623/3623 3624/3624
f 3625/3625 3626/3626 3627/3627
f 3634/3634 3635/3635 3636/3636
f 3643/3643 3644/3644 3645/3645
f 3655/3655 3656/3656 3657/3657
f 3661/3661 3662/3662 3663/3663
f 3667/3667 3668/3668 3669/3669
f 3670/3670 3671/3671 3672/3672
f 3679/3679 3680/3680 3681/3681
f 3685/3685 3686/3686 3687/3687
f 3688/3688 3689/3689 3690/3690
f 3697/3697 3698/3698 3699/3699
f 3700/3700 3701/3701 3702/3702
f 3712/3712 3713/3713 3714/3714
f 3724/3724 3725/3725 3726/3726
f 3733/3733 3734/3734 3735/3735
f 3736/3736 3737/3737 3738/3738
f 3742/3742 3743/3743 3744/3744
f 3751/3751 3752/3752 3753/3753
f 3754/3754 3755/3755 3756/3756
f 3766/3766 3767/3767 3768/3768
f 3769/3769 3770/3770 3771/3771
f 3778/3778 3779/3779 3780/3780
f 3787/3787 3788/3788 3789/3789
f 3790/3790 3791/3791 3792/3792
f 3799/3799 3800/3800 3801/3801
f 3808/3808 3809/3809 3810/3810
f 3814/3814 3815/3815 3816/3816
f 3829/3829 3830/3830 3831/3831
f 3832/3832 3833/3833 3834/3834
f 3838/3838 3839/3839 3840/3840
f 3850/3850 3851/3851 3852/3852
f 3853/3853 3854/3854 3855/3855
f 3859/3859 3860/3860 3861/3861
f 3865/3865 3866/3866 3867/3867
f 3874/3874 3875/3875 3876/3876
f 3886/3886 3887/3887 3888/3888
f 3892/3892 3893/3893 3894/3894
f 3901/3901 3902/3902 3903/3903
f 3910/3910 3911/3911 3912/3912
f 3913/3913 3914/3914 3915/3915
f 3922/3922 3923/3923 3924/3924
f 3934/3934 3935/3935 3936/3936
f 3943/3943 3944/3944 3945/3945
f 3949/3949 3950/3950 3951/3951
f 3958/3958 3959/3959 3960/3960
f 3961/3961 3962/3962 3963/3963
f 3967/3967 3968/3968 3969/3969
f 3973/3973 3974/3974 3975/3975
f 3982/3982 3983/3983 3984/3984
f 3994/3994 3995/3995 3996/3996
f 4000/4000 4001/4001 4002/4002
f 4009/4009 4010/4010 4011/4011
f 4015/4015 4016/4016 4017/4017
f 4027/4027 4028/4028 4029/4029
f 4030/4030 4031/4031 4032/4032
f 4039/4039 4040/4040 4041/4041
f 4048/4048 4049/4049 4050/4050
f 4051/4051 4052/4052 4053/4053
f 4060/4060 4061/4061 4062/4062
f 4066/4066 4067/4067 4068/4068
f 4069/4069 4070/4070 4071/4071
f 4078/4078 4079/4079 4080/4080
f 4084/4084 4085/4085 4086/4086
f 4087/4087 4088/4088 4089/4089
f 4096/4096 4097/4097 4098/4098
f 4099/4099 4100/4100 4101/4101
f 4114/4114 4115/4115 4116/4116
f 4120/4120 4121/4121 4122/4122
f 4132/4132 4133/4133 4134/4134
f 4135/4135 4136/4136 4137/4137
f 4156/4156 4157/4157 4158/4158
f 4168/4168 4169/4169 4170/4170
f 4174/4174 4175/4175 4176/4176
f 4183/4183 4184/4184 4185/4185
f 4192/4192 4193/4193 4194/4194
f 4195/4195 4196/4196 4197/4197
f 4204/4204 4205/4205 4206/4206
f 4228/4228 4229/4229 4230/4230
f 4240/4240 4241/4241 4242/4242
f 4246/4246 4247/4247 4248/4248
f 4252/4252 4253/4253 4254/4254
f 4258/4258 4259/4259 4260/4260
f 4264/4264 4265/4265 4266/4266
f 4270/4270 4271/4271 4272/4272
f 4276/4276 4277/4277 4278/4278
f 4282/4282 4283/4283 4284/4284
f 4288/4288 4289/4289 4290/4290
f 4294/4294 4295/4295 4296/4296
f 4300/4300 4301/4301 4302/4302
f 4306/4306 4307/4307 4308/4308
f 4312/4312 4313/4313 4314/4314
f 4318/4318 4319/4319 4320/4320
f 4324/4324 4325/4325 4326/4326
f 4330/4330 4331/4331 4332/4332
f 4336/4336 4337/4337 4338/4338
f 4342/4342 4343/4343 4344/4344
f 4348/4348 4349/4349 4350/4350
f 4354/4354 4355/4355 4356/4356
f 4360/4360 4361/4361 4362/4362
f 4366/4366 4367/4367 4368/4368
f 4372/4372 4373/4373 4374/4374
f 4378/4378 4379/4379 4380/4380
f 4384/4384 4385/4385 4386/4386
f 4390/4390 4391/4391 4392/4392
f 4396/4396 4397/4397 4398/4398
f 4402/4402 4403/4403 4404/4404
f 4408/4408 4409/4409 4410/4410
f 4414/4414 4415/4415 4416/4416
f 4420/4420 4421/4421 4422/4422
f 4426/4426 4427/4427 4428/4428
f 4432/4432 4433/4433 4434/4434
f 4438/4438 4439/4439 4440/4440
f 4444/4444 4445/4445 4446/4446
f 4450/4450 4451/4451 4452/4452
f 4456/4456 4457/4457 4458/4458
f 4462/4462 4463/4463 4464/4464
f 4468/4468 4469/4469 4470/4470
f 4474/4474 4475/4475 4476/4476
f 4480/4480 4481/4481 4482/4482
f 4486/4486 4487/4487 4488/4488
f 4492/4492 4493/4493 4494/4494
f 4498/4498 4499/4499 4500/4500
f 4504/4504 4505/4505 4506/4506
f 4510/4510 4511/4511 4512/4512
f 4516/4516 4517/4517 4518/4518
f 4522/4522 4523/4523 4524/4524
f 4528/4528 4529/4529 4530/4530
f 4534/4534 4535/4535 4536/4536
f 4540/4540 4541/4541 4542/4542
f 4546/4546 4547/4547 4548/4548
f 4552/4552 4553/4553 4554/4554
f 4558/4558 4559/4559 4560/4560
f 4564/4564 4565/4565 4566/4566
f 4570/4570 4571/4571 4572/4572
f 4576/4576 4577/4577 4578/4578
f 4582/4582 4583/4583 4584/4584
f 4588/4588 4589/4589 4590/4590
f 4594/4594 4595/4595 4596/4596
f 4600/4600 4601/4601 4602/4602
f 4606/4606 4607/4607 4608/4608
f 4612/4612 4613/4613 4614/4614
f 4618/4618 4619/4619 4620/4620
f 4624/4624 4625/4625 4626/4626
f 4630/4630 4631/4631 4632/4632
f 4636/4636 4637/4637 4638/4638
f 4642/4642 4643/4643 4644/4644
f 4648/4648 4649/4649 4650/4650
f 4654/4654 4655/4655 4656/4656
f 4660/4660 4661/4661 4662/4662
f 4666/4666 4667/4667 4668/4668
f 4672/4672 4673/4673 4674/4674
f 4678/4678 4679/4679 4680/4680
f 4684/4684 4685/4685 4686/4686
f 4690/4690 4691/4691 4692/4692
f 4696/4696 4697/4697 4698/4698
f 4702/4702 4703/4703 4704/4704
f 4708/4708 4709/4709 4710/4710
f 4714/4714 4715/4715 4716/4716
f 4720/4720 4721/4721 4722/4722
f 4726/4726 4727/4727 4728/4728
f 4732/4732 4733/4733 4734/4734
f 4738/4738 4739/4739 4740/4740
f 4744/4744 4745/4745 4746/4746
f 4750/4750 4751/4751 4752/4752
f 4756/4756 4757/4757 4758/4758
f 4762/4762 4763/4763 4764/4764
f 4768/4768 4769/4769 4770/4770
f 4774/4774 4775/4775 4776/4776
f 4780/4780 4781/4781 4782/4782
f 4786/4786 4787/4787 4788/4788
f 4792/4792 4793/4793 4794/4794
f 4798/4798 4799/4799 4800/4800
f 4804/4804 4805/4805 4806/4806
f 4810/4810 4811/4811 4812/4812
f 4816/4816 4817/4817 4818/4818
f 4822/4822 4823/4823 4824/4824
f 4828/4828 4829/4829 4830/4830
f 4834/4834 4835/4835 4836/4836
f 4840/4840 4841/4841 4842/4842
f 4846/4846 4847/4847 4848/4848
f 4852/4852 4853/4853 4854/4854
f 4858/4858 4859/4859 4860/4860
f 4864/4864 4865/4865 4866/4866
f 4870/4870 4871/4871 4872/4872
f 4876/4876 4877/4877 4878/4878
f 4882/4882 4883/4883 4884/4884
f 4888/4888 4889/4889 4890/4890
f 4894/4894 4895/4895 4896/4896
f 4900/4900 4901/4901 4902/4902
f 4906/4906 4907/4907 4908/4908
f 4912/4912 4913/4913 4914/4914
f 4918/4918 4919/4919 4920/4920
f 4924/4924 4925/4925 4926/4926
f 4930/4930 4931/4931 4932/4932
f 4936/4936 4937/4937 4938/4938
f 4942/4942 4943/4943 4944/4944
f 4948/4948 4949/4949 4950/4950
f 4954/4954 4955/4955 4956/4956
f 4960/4960 4961/4961 4962/4962
f 4966/4966 4967/4967 4968/4968
f 4972/4972 4973/4973 4974/4974
f 4978/4978 4979/4979 4980/4980
f 4984/4984 4985/4985 4986/4986
f 4990/4990 4991/4991 4992/4992
f 4996/4996 4997/4997 4998/4998
f 5002/5002 5003/5003 5004/5004
f 5008/5008 5009/5009 5010/5010
f 5014/5014 5015/5015 5016/5016
f 5020/5020 5021/5021 5022/5022
f 5026/5026 5027/5027 5028/5028
f 5032/5032 5033/5033 5034/5034
f 5038/5038 5039/5039 5040/5040
f 5044/5044 5045/5045 5046/5046
f 5050/5050 5051/5051 5052/5052
f 5056/5056 5057/5057 5058/5058
f 5062/5062 5063/5063 5064/5064
f 5068/5068 5069/5069 5070/5070
f 5074/5074 5075/5075 5076/5076
f 5080/5080 5081/5081 5082/5082
f 5086/5086 5087/5087 5088/5088
f 5092/5092 5093/5093 5094/5094
f 5098/5098 5099/5099 5100/5100
f 5104/5104 5105/5105 5106/5106
f 5110/5110 5111/5111 5112/5112
f 5116/5116 5117/5117 5118/5118
f 5122/5122 5123/5123 5124/5124
f 5128/5128 5129/5129 5130/5130
f 5134/5134 5135/5135 5136/5136
f 5140/5140 5141/5141 5142/5142
f 5146/5146 5147/5147 5148/5148
f 5152/5152 5153/5153 5154/5154
f 5158/5158 5159/5159 5160/5160
f 5164/5164 5165/5165 5166/5166
f 5170/5170 5171/5171 5172/5172
f 5176/5176 5177/5177 5178/5178
f 5182/5182 5183/5183 5184/5184
f 5188/5188 5189/5189 5190/5190
f 5194/5194 5195/5195 5196/5196
f 5200/5200 5201/5201 5202/5202
f 5206/5206 5207/5207 5208/5208
f 5212/5212 5213/5213 5214/5214
f 5218/5218 5219/5219 5220/5220
f 5224/5224 5225/5225 5226/5226
f 5230/5230 5231/5231 5232/5232
f 5236/5236 5237/5237 5238/5238
f 5242/5242 5243/5243 5244/5244
f 5248/5248 5249/5249 5250/5250
f 5254/5254 5255/5255 5256/5256
f 5260/5260 5261/5261 5262/5262
f 5266/5266 5267/5267 5268/5268
f 5272/5272 5273/5273 5274/5274
f 5278/5278 5279/5279 5280/5280
f 5284/5284 5285/5285 5286/5286
f 5290/5290 5291/5291 5292/5292
f 5296/5296 5297/5297 5298/5298
f 5302/5302 5303/5303 5304/5304
f 5308/5308 5309/5309 5310/5310
f 5314/5314 5315/5315 5316/5316
f 5320/5320 5321/5321 5322/5322
f 5326/5326 5327/5327 5328/5328
f 5332/5332 5333/5333 5334/5334
f 5338/5338 5339/5339 5340/5340
f 5344/5344 5345/5345 5346/5346
f 5350/5350 5351/5351 5352/5352
f 5356/5356 5357/5357 5358/5358
f 5362/5362 5363/5363 5364/5364
f 5368/5368 5369/5369 5370/5370
f 5374/5374 5375/5375 5376/5376
f 5380/5380 5381/5381 5382/5382
f 5386/5386 5387/5387 5388/5388
f 5392/5392 5393/5393 5394/5394
f 5398/5398 5399/5399 5400/5400
f 5404/5404 5405/5405 5406/5406
f 5410/5410 5411/5411 5412/5412
f 5416/5416 5417/5417 5418/5418
f 5422/5422 5423/5423 5424/5424
f 5428/5428 5429/5429 5430/5430
f 5434/5434 5435/5435 5436/5436
f 5440/5440 5441/5441 5442/5442
f 5446/5446 5447/5447 5448/5448
f 5452/5452 5453/5453 5454/5454
f 5458/5458 5459/5459 5460/5460
f 5464/5464 5465/5465 5466/5466
f 5470/5470 5471/5471 5472/5472
f 5476/5476 5477/5477 5478/5478
f 5482/5482 5483/5483 5484/5484
f 5488/5488 5489/5489 5490/5490
f 5494/5494 5495/5495 5496/5496
f 5500/5500 5501/5501 5502/5502
f 5506/5506 5507/5507 5508/5508
f 5512/5512 5513/5513 5514/5514
f 5518/5518 5519/5519 5520/5520
f 5524/5524 5525/5525 5526/5526
f 5530/5530 5531/5531 5532/5532
f 5536/5536 5537/5537 5538/5538
f 5542/5542 5543/5543 5544/5544
f 5548/5548 5549/5549 5550/5550
f 5554/5554 5555/5555 5556/5556
f 5560/5560 5561/5561 5562/5562
f 5566/5566 5567/5567 5568/5568
f 5572/5572 5573/5573 5574/5574
f 5578/5578 5579/5579 5580/5580
f 5584/5584 5585/5585 5586/5586
f 5590/5590 5591/5591 5592/5592
f 5596/5596 5597/5597 5598/5598
f 5602/5602 5603/5603 5604/5604
f 5608/5608 5609/5609 5610/5610
f 5614/5614 5615/5615 5616/5616
f 5620/5620 5621/5621 5622/5622
f 5626/5626 5627/5627 5628/5628
f 5632/5632 5633/5633 5634/5634
f 5638/5638 5639/5639 5640/5640
f 5644/5644 5645/5645 5646/5646
f 5650/5650 5651/5651 5652/5652
f 5656/5656 5657/5657 5658/5658
f 5662/5662 5663/5663 5664/5664
f 5668/5668 5669/5669 5670/5670
f 5674/5674 5675/5675 5676/5676
f 5680/5680 5681/5681 5682/5682
f 5686/5686 5687/5687 5688/5688
f 5692/5692 5693/5693 5694/5694
f 5698/5698 5699/5699 5700/5700
f 5704/5704 5705/5705 5706/5706
f 5710/5710 5711/5711 5712/5712
f 5716/5716 5717/5717 5718/5718
f 5722/5722 5723/5723 5724/5724
f 5728/5728 5729/5729 5730/5730
f 5734/5734 5735/5735 5736/5736
f 5740/5740 5741/5741 5742/5742
f 5746/5746 5747/5747 5748/5748
f 5752/5752 5753/5753 5754/5754
f 5758/5758 5759/5759 5760/5760
f 5764/5764 5765/5765 5766/5766
f 5770/5770 5771/5771 5772/5772
f 5776/5776 5777/5777 5778/5778
f 5782/5782 5783/5783 5784/5784
f 5788/5788 5789/5789 5790/5790
f 5794/5794 5795/5795 5796/5796
f 5800/5800 5801/5801 5802/5802
f 5806/5806 5807/5807 5808/5808
f 5812/5812 5813/5813 5814/5814
f 5818/5818 5819/5819 5820/5820
f 5824/5824 5825/5825 5826/5826
f 5830/5830 5831/5831 5832/5832
f 5836/5836 5837/5837 5838/5838
f 5842/5842 5843/5843 5844/5844
f 5848/5848 5849/5849 5850/5850
f 5854/5854 5855/5855 5856/5856
f 5860/5860 5861/5861 5862/5862
f 5866/5866 5867/5867 5868/5868
f 5872/5872 5873/5873 5874/5874
f 5878/5878 5879/5879 5880/5880
f 5884/5884 5885/5885 5886/5886
f 5890/5890 5891/5891 5892/5892
f 5896/5896 5897/5897 5898/5898
f 5902/5902 5903/5903 5904/5904
f 5908/5908 5909/5909 5910/5910
f 5914/5914 5915/5915 5916/5916
f 5920/5920 5921/5921 5922/5922
f 5926/5926 5927/5927 5928/5928
f 5932/5932 5933/5933 5934/5934
f 5938/5938 5939/5939 5940/5940
f 5944/5944 5945/5945 5946/5946
f 5950/5950 5951/5951 5952/5952
f 5956/5956 5957/5957 5958/5958
f 5962/5962 5963/5963 5964/5964
f 5968/5968 5969/5969 5970/5970
f 5974/5974 5975/5975 5976/5976
f 5980/5980 5981/5981 5982/5982
f 5986/5986 5987/5987 5988/5988
f 5992/5992 5993/5993 5994/5994
f 5998/5998 5999/5999 6000/6000
f 6004/6004 6005/6005 6006/6006
f 6010/6010 6011/6011 6012/6012
f 6016/6016 6017/6017 6018/6018
f 6022/6022 6023/6023 6024/6024
f 6028/6028 6029/6029 6030/6030
f 6034/6034 6035/6035 6036/6036
f 6040/6040 6041/6041 6042/6042
f 6046/6046 6047/6047 6048/6048
f 6052/6052 6053/6053 6054/6054
f 6058/6058 6059/6059 6060/6060
f 6064/6064 6065/6065 6066/6066
f 6070/6070 6071/6071 6072/6072
f 6076/6076 6077/6077 6078/6078
f 6082/6082 6083/6083 6084/6084
f 6088/6088 6089/6089 6090/6090
f 6094/6094 6095/6095 6096/6096
f 6100/6100 6101/6101 6102/6102
f 6106/6106 6107/6107 6108/6108
f 6112/6112 6113/6113 6114/6114
f 6118/6118 6119/6119 6120/6120
f 6124/6124 6125/6125 6126/6126
f 6130/6130 6131/6131 6132/6132
f 6136/6136 6137/6137 6138/6138
f 6142/6142 6143/6143 6144/6144
f 6148/6148 6149/6149 6150/6150
f 6154/6154 6155/6155 6156/6156
f 6160/6160 6161/6161 6162/6162
f 6166/6166 6167/6167 6168/6168
f 6172/6172 6173/6173 6174/6174
f 6178/6178 6179/6179 6180/6180
f 6184/6184 6185/6185 6186/6186
f 6190/6190 6191/6191 6192/6192
f 6196/6196 6197/6197 6198/6198
f 6202/6202 6203/6203 6204/6204
f 6208/6208 6209/6209 6210/6210
f 6214/6214 6215/6215 6216/6216
f 6220/6220 6221/6221 6222/6222
f 6226/6226 6227/6227 6228/6228
f 6232/6232 6233/6233 6234/6234
f 6238/6238 6239/6239 6240/6240
f 6244/6244 6245/6245 6246/6246
f 6250/6250 6251/6251 6252/6252
f 6256/6256 6257/6257 6258/6258
f 6262/6262 6263/6263 6264/6264
f 6268/6268 6269/6269 6270/6270
f 6274/6274 6275/6275 6276/6276
f 6280/6280 6281/6281 6282/6282
f 6286/6286 6287/6287 6288/6288
f 6292/6292 6293/6293 6294/6294
f 6298/6298 6299/6299 6300/6300
f 6304/6304 6305/6305 6306/6306
f 6310/6310 6311/6311 6312/6312
f 6316/6316 6317/6317 6318/6318
f 6322/6322 6323/6323 6324/6324
f 6328/6328 6329/6329 6330/6330
f 6334/6334 6335/6335 6336/6336
f 6340/6340 6341/6341 6342/6342
f 6346/6346 6347/6347 6348/6348
f 6352/6352 6353/6353 6354/6354
f 6358/6358 6359/6359 6360/6360
f 6364/6364 6365/6365 6366/6366
f 6370/6370 6371/6371 6372/6372
f 6376/6376 6377/6377 6378/6378
f 6382/6382 6383/6383 6384/6384
f 6388/6388 6389/6389 6390/6390
f 6394/6394 6395/6395 6396/6396
f 6400/6400 6401/6401 6402/6402
f 6406/6406 6407/6407 6408/6408
f 6412/6412 6413/6413 6414/6414
f 6418/6418 6419/6419 6420/6420
f 6424/6424 6425/6425 6426/6426
f 6430/6430 6431/6431 6432/6432
f 6436/6436 6437/6437 6438/6438
f 6442/6442 6443/6443 6444/6444
f 6448/6448 6449/6449 6450/6450
f 6454/6454 6455/6455 6456/6456
f 6460/6460 6461/6461 6462/6462
f 6466/6466 6467/6467 6468/6468
f 6472/6472 6473/6473 6474/6474
f 6478/6478 6479/6479 6480/6480
f 6484/6484 6485/6485 6486/6486
f 6490/6490 6491/6491 6492/6492
f 6496/6496 6497/6497 6498/6498
f 6502/6502 6503/6503 6504/6504
f 6508/6508 6509/6509 6510/6510
f 6514/6514 6515/6515 6516/6516
f 6520/6520 6521/6521 6522/6522
f 6526/6526 6527/6527 6528/6528
f 6532/6532 6533/6533 6534/6534
f 6538/6538 6539/6539 6540/6540
f 6544/6544 6545/6545 6546/6546
f 6550/6550 6551/6551 6552/6552
f 6556/6556 6557/6557 6558/6558
f 6562/6562 6563/6563 6564/6564
f 6568/6568 6569/6569 6570/6570
f 6574/6574 6575/6575 6576/6576
f 6580/6580 6581/6581 6582/6582
f 6586/6586 6587/6587 6588/6588
f 6592/6592 6593/6593 6594/6594
f 6598/6598 6599/6599 6600/6600
f 6604/6604 6605/6605 6606/6606
f 6610/6610 6611/6611 6612/6612
f 6616/6616 6617/6617 6618/6618
f 6622/6622 6623/6623 6624/6624
f 6628/6628 6629/6629 6630/6630
f 6634/6634 6635/6635 6636/6636
f 6640/6640 6641/6641 6642/6642
f 6646/6646 6647/6647 6648/6648
f 6652/6652 6653/6653 6654/6654
f 6658/6658 6659/6659 6660/6660
f 6664/6664 6665/6665 6666/6666
f 6670/6670 6671/6671 6672/6672
f 6676/6676 6677/6677 6678/6678
f 6682/6682 6683/6683 6684/6684
f 6688/6688 6689/6689 6690/6690
f 6694/6694 6695/6695 6696/6696
f 6700/6700 6701/6701 6702/6702
f 6706/6706 6707/6707 6708/6708
f 6712/6712 6713/6713 6714/6714
f 6718/6718 6719/6719 6720/6720
f 6724/6724 6725/6725 6726/6726
f 6730/6730 6731/6731 6732/6732
f 6736/6736 6737/6737 6738/6738
f 6742/6742 6743/6743 6744/6744
f 6748/6748 6749/6749 6750/6750
f 6754/6754 6755/6755 6756/6756
f 6760/6760 6761/6761 6762/6762
f 6766/6766 6767/6767 6768/6768
f 6772/6772 6773/6773 6774/6774
f 6778/6778 6779/6779 6780/6780
f 6784/6784 6785/6785 6786/6786
f 6790/6790 6791/6791 6792/6792
f 6796/6796 6797/6797 6798/6798
f 6802/6802 6803/6803 6804/6804
f 6808/6808 6809/6809 6810/6810
f 6814/6814 6815/6815 6816/6816
f 6820/6820 6821/6821 6822/6822
f 6826/6826 6827/6827 6828/6828
f 6832/6832 6833/6833 6834/6834
f 6838/6838 6839/6839 6840/6840
f 6844/6844 6845/6845 6846/6846
f 6850/6850 6851/6851 6852/6852
f 6856/6856 6857/6857 6858/6858
f 6862/6862 6863/6863 6864/6864
f 6868/6868 6869/6869 6870/6870
f 6874/6874 6875/6875 6876/6876
f 6880/6880 6881/6881 6882/6882
f 6886/6886 6887/6887 6888/6888
f 6892/6892 6893/6893 6894/6894
f 6898/6898 6899/6899 6900/6900
f 6904/6904 6905/6905 6906/6906
f 6910/6910 6911/6911 6912/6912
f 6916/6916 6917/6917 6918/6918
f 6922/6922 6923/6923 6924/6924
f 6928/6928 6929/6929 6930/6930
f 6934/6934 6935/6935 6936/6936
f 6940/6940 6941/6941 6942/6942
f 6946/6946 6947/6947 6948/6948
f 6952/6952 6953/6953 6954/6954
f 6958/6958 6959/6959 6960/6960
f 6964/6964 6965/6965 6966/6966
f 6970/6970 6971/6971 6972/6972
f 6976/6976 6977/6977 6978/6978
f 6982/6982 6983/6983 6984/6984
f 6988/6988 6989/6989 6990/6990
f 6994/6994 6995/6995 6996/6996
f 7000/7000 7001/7001 7002/7002
f 7006/7006 7007/7007 7008/7008
f 7012/7012 7013/7013 7014/7014
f 7018/7018 7019/7019 7020/7020
f 7024/7024 7025/7025 7026/7026
f 7030/7030 7031/7031 7032/7032
f 7036/7036 7037/7037 7038/7038
f 7042/7042 7043/7043 7044/7044
f 7048/7048 7049/7049 7050/7050
f 7054/7054 7055/7055 7056/7056
f 7060/7060 7061/7061 7062/7062
f 7066/7066 7067/7067 7068/7068
f 7072/7072 7073/7073 7074/7074
f 7078/7078 7079/7079 7080/7080
f 7084/7084 7085/7085 7086/7086
f 7090/7090 7091/7091 7092/7092
f 7096/7096 7097/7097 7098/7098
f 7102/7102 7103/7103 7104/7104
f 7108/7108 7109/7109 7110/7110
f 7114/7114 7115/7115 7116/7116
f 7120/7120 7121/7121 7122/7122
f 7126/7126 7127/7127 7128/7128
f 7132/7132 7133/7133 7134/7134
f 7138/7138 7139/7139 7140/7140
f 7144/7144 7145/7145 7146/7146
f 7150/7150 7151/7151 7152/7152
f 7156/7156 7157/7157 7158/7158
f 7162/7162 7163/7163 7164/7164
f 7168/7168 7169/7169 7170/7170
f 7174/7174 7175/7175 7176/7176
f 7180/7180 7181/7181 7182/7182
f 7186/7186 7187/7187 7188/7188
f 7192/7192 7193/7193 7194/7194
f 7198/7198 7199/7199 7200/7200
f 7204/7204 7205/7205 7206/7206
f 7210/7210 7211/7211 7212/7212
f 7216/7216 7217/7217 7218/7218
f 7222/7222 7223/7223 7224/7224
f 7228/7228 7229/7229 7230/7230
f 7234/7234 7235/7235 7236/7236
f 7240/7240 7241/7241 7242/7242
f 7246/7246 7247/7247 7248/7248
f 7252/7252 7253/7253 7254/7254
f 7258/7258 7259/7259 7260/7260
f 7264/7264 7265/7265 7266/7266
f 7270/7270 7271/7271 7272/7272
f 7276/7276 7277/7277 7278/7278
f 7282/7282 7283/7283 7284/7284
f 7288/7288 7289/7289 7290/7290
f 7294/7294 7295/7295 7296/7296
f 7300/7300 7301/7301 7302/7302
f 7306/7306 7307/7307 7308/7308
f 7312/7312 7313/7313 7314/7314
f 7318/7318 7319/7319 7320/7320
f 7324/7324 7325/7325 7326/7326
f 7330/7330 7331/7331 7332/7332
f 7336/7336 7337/7337 7338/7338
f 7342/7342 7343/7343 7344/7344
f 7348/7348 7349/7349 7350/7350
f 7354/7354 7355/7355 7356/7356
f 7360/7360 7361/7361 7362/7362
f 7366/7366 7367/7367 7368/7368
f 7372/7372 7373/7373 7374/7374
f 7378/7378 7379/7379 7380/7380
f 7384/7384 7385/7385 7386/7386
f 7390/7390 7391/7391 7392/7392
f 7396/7396 7397/7397 7398/7398
f 7402/7402 7403/7403 7404/7404
f 7408/7408 7409/7409 7410/7410
f 7414/7414 7415/7415 7416/7416
f 7420/7420 7421/7421 7422/7422
f 7426/7426 7427/7427 7428/7428
f 7432/7432 7433/7433 7434/7434
f 7438/7438 7439/7439 7440/7440
f 7444/7444 7445/7445 7446/7446
f 7450/7450 7451/7451 7452/7452
f 7456/7456 7457/7457 7458/7458
f 7462/7462 7463/7463 7464/7464
f 7468/7468 7469/7469 7470/7470
f 7474/7474 7475/7475 7476/7476
f 7480/7480 7481/7481 7482/7482
f 7486/7486 7487/7487 7488/7488
f 7492/7492 7493/7493 7494/7494
f 7498/7498 7499/7499 7500/7500
f 7504/7504 7505/7505 7506/7506
f 7510/7510 7511/7511 7512/7512
f 7516/7516 7517/7517 7518/7518
f 7522/7522 7523/7523 7524/7524
f 7528/7528 7529/7529 7530/7530
f 7534/7534 7535/7535 7536/7536
f 7540/7540 7541/7541 7542/7542
f 7546/7546 7547/7547 7548/7548
f 7552/7552 7553/7553 7554/7554
f 7558/7558 7559/7559 7560/7560
f 7564/7564 7565/7565 7566/7566
f 7570/7570 7571/7571 7572/7572
f 7576/7576 7577/7577 7578/7578
f 7582/7582 7583/7583 7584/7584
f 7588/7588 7589/7589 7590/7590
f 7594/7594 7595/7595 7596/7596
f 7600/7600 7601/7601 7602/7602
f 7606/7606 7607/7607 7608/7608
f 7612/7612 7613/7613 7614/7614
f 7618/7618 7619/7619 7620/7620
f 7624/7624 7625/7625 7626/7626
f 7630/7630 7631/7631 7632/7632
f 7636/7636 7637/7637 7638/7638
f 7642/7642 7643/7643 7644/7644
f 7648/7648 7649/7649 7650/7650
f 7654/7654 7655/7655 7656/7656
f 7660/7660 7661/7661 7662/7662
f 7666/7666 7667/7667 7668/7668
f 7672/7672 7673/7673 7674/7674
f 7678/7678 7679/7679 7680/7680
f 7684/7684 7685/7685 7686/7686
f 7690/7690 7691/7691 7692/7692
f 7696/7696 7697/7697 7698/7698
f 7702/7702 7703/7703 7704/7704
f 7708/7708 7709/7709 7710/7710
f 7714/7714 7715/7715 7716/7716
f 7720/7720 7721/7721 7722/7722
f 7726/7726 7727/7727 7728/7728
f 7732/7732 7733/7733 7734/7734
f 7738/7738 7739/7739 7740/7740
f 7744/7744 7745/7745 7746/7746
f 7750/7750 7751/7751 7752/7752
f 7756/7756 7757/7757 7758/7758
f 7762/7762 7763/7763 7764/7764
f 7768/7768 7769/7769 7770/7770
f 7774/7774 7775/7775 7776/7776
f 7780/7780 7781/7781 7782/7782
f 7786/7786 7787/7787 7788/7788
f 7792/7792 7793/7793 7794/7794
f 7798/7798 7799/7799 7800/7800
f 7804/7804 7805/7805 7806/7806
f 7810/7810 7811/7811 7812/7812
f 7816/7816 7817/7817 7818/7818
f 7822/7822 7823/7823 7824/7824
f 7828/7828 7829/7829 7830/7830
f 7834/7834 7835/7835 7836/7836
f 7840/7840 7841/7841 7842/7842
f 7846/7846 7847/7847 7848/7848
f 7852/7852 7853/7853 7854/7854
f 7858/7858 7859/7859 7860/7860
f 7864/7864 7865/7865 7866/7866
f 7870/7870 7871/7871 7872/7872
f 7876/7876 7877/7877 7878/7878
f 7882/7882 7883/7883 7884/7884
f 7888/7888 7889/7889 7890/7890
f 7894/7894 7895/7895 7896/7896
f 7900/7900 7901/7901 7902/7902
f 7906/7906 7907/7907 7908/7908
f 7912/7912 7913/7913 7914/7914
f 7918/7918 7919/7919 7920/7920
f 7924/7924 7925/7925 7926/7926
f 7930/7930 7931/7931 7932/7932
f 7936/7936 7937/7937 7938/7938
f 7942/7942 7943/7943 7944/7944
f 7948/7948 7949/7949 7950/7950
f 7954/7954 7955/7955 7956/7956
f 7960/7960 7961/7961 7962/7962
f 7966/7966 7967/7967 7968/7968
f 7972/7972 7973/7973 7974/7974
f 7978/7978 7979/7979 7980/7980
f 7984/7984 7985/7985 7986/7986
f 7990/7990 7991/7991 7992/7992
f 7996/7996 7997/7997 7998/7998
f 8002/8002 8003/8003 8004/8004
f 8008/8008 8009/8009 8010/8010
f 8014/8014 8015/8015 8016/8016
f 8020/8020 8021/8021 8022/8022
f 8026/8026 8027/8027 8028/8028
f 8032/8032 8033/8033 8034/8034
f 8038/8038 8039/8039 8040/8040
f 8044/8044 8045/8045 8046/8046
f 8050/8050 8051/8051 8052/8052
f 8056/8056 8057/8057 8058/8058
f 8062/8062 8063/8063 8064/8064
f 8068/8068 8069/8069 8070/8070
f 8074/8074 8075/8075 8076/8076
f 8080/8080 8081/8081 8082/8082
f 8086/8086 8087/8087 8088/8088
f 8092/8092 8093/8093 8094/8094
f 8098/8098 8099/8099 8100/8100
f 8104/8104 8105/8105 8106/8106
f 8110/8110 8111/8111 8112/8112
f 8116/8116 8117/8117 8118/8118
f 8122/8122 8123/8123 8124/8124
f 8128/8128 8129/8129 8130/8130
f 8134/8134 8135/8135 8136/8136
f 8140/8140 8141/8141 8142/8142
f 8146/8146 8147/8147 8148/8148
f 8152/8152 8153/8153 8154/8154
f 8158/8158 8159/8159 8160/8160
f 8164/8164 8165/8165 8166/8166
f 8170/8170 8171/8171 8172/8172
f 8176/8176 8177/8177 8178/8178
f 8182/8182 8183/8183 8184/8184
f 8188/8188 8189/8189 8190/8190
f 8194/8194 8195/8195 8196/8196
f 8200/8200 8201/8201 8202/8202
f 8206/8206 8207/8207 8208/8208
f 8212/8212 8213/8213 8214/8214
f 8218/8218 8219/8219 8220/8220
f 8224/8224 8225/8225 8226/8226
f 8230/8230 8231/8231 8232/8232
f 8236/8236 8237/8237 8238/8238
f 8242/8242 8243/8243 8244/8244
f 8248/8248 8249/8249 8250/8250
f 8254/8254 8255/8255 8256/8256
f 8260/8260 8261/8261 8262/8262
f 8266/8266 8267/8267 8268/8268
f 8272/8272 8273/8273 8274/8274
f 8278/8278 8279/8279 8280/8280
f 8284/8284 8285/8285 8286/8286
f 8290/8290 8291/8291 8292/8292
f 8296/8296 8297/8297 8298/8298
f 8302/8302 8303/8303 8304/8304
f 8308/8308 8309/8309 8310/8310
f 8314/8314 8315/8315 8316/8316
s 1
f 4/4 5/5 6/6
f 10/10 11/11 12/12
f 16/16 17/17 18/18
f 22/22 23/23 24/24
f 28/28 29/29 30/30
f 34/34 35/35 36/36
f 40/40 41/41 42/42
f 46/46 47/47 48/48
f 52/52 53/53 54/54
f 58/58 59/59 60/60
f 64/64 65/65 66/66
f 70/70 71/71 72/72
f 76/76 77/77 78/78
f 82/82 83/83 84/84
f 88/88 89/89 90/90
f 94/94 95/95 96/96
f 100/100 101/101 102/102
f 106/106 107/107 108/108
f 112/112 113/113 114/114
f 118/118 119/119 120/120
f 124/124 125/125 126/126
f 130/130 131/131 132/132
f 136/136 137/137 138/138
f 142/142 143/143 144/144
f 148/148 149/149 150/150
f 154/154 155/155 156/156
f 160/160 161/161 162/162
f 166/166 167/167 168/168
f 172/172 173/173 174/174
f 178/178 179/179 180/180
f 184/184 185/185 186/186
f 190/190 191/191 192/192
f 196/196 197/197 198/198
f 202/202 203/203 204/204
f 208/208 209/209 210/210
f 214/214 215/215 216/216
f 220/220 221/221 222/222
f 226/226 227/227 228/228
f 232/232 233/233 234/234
f 238/238 239/239 240/240
f 244/244 245/245 246/246
f 250/250 251/251 252/252
f 256/256 257/257 258/258
f 262/262 263/263 264/264
f 268/268 269/269 270/270
f 274/274 275/275 276/276
f 280/280 281/281 282/282
f 286/286 287/287 288/288
f 292/292 293/293 294/294
f 298/298 299/299 300/300
f 304/304 305/305 306/306
f 310/310 311/311 312/312
f 316/316 317/317 318/318
f 322/322 323/323 324/324
f 328/328 329/329 330/330
f 334/334 335/335 336/336
f 340/340 341/341 342/342
f 346/346 347/347 348/348
f 352/352 353/353 354/354
f 358/358 359/359 360/360
f 364/364 365/365 366/366
f 370/370 371/371 372/372
f 376/376 377/377 378/378
f 382/382 383/383 384/384
f 388/388 389/389 390/390
f 394/394 395/395 396/396
f 400/400 401/401 402/402
f 406/406 407/407 408/408
f 412/412 413/413 414/414
f 418/418 419/419 420/420
f 424/424 425/425 426/426
f 430/430 431/431 432/432
f 436/436 437/437 438/438
f 442/442 443/443 444/444
f 448/448 449/449 450/450
f 454/454 455/455 456/456
f 460/460 461/461 462/462
f 466/466 467/467 468/468
f 472/472 473/473 474/474
f 478/478 479/479 480/480
f 484/484 485/485 486/486
f 490/490 491/491 492/492
f 496/496 497/497 498/498
f 502/502 503/503 504/504
f 508/508 509/509 510/510
f 514/514 515/515 516/516
f 520/520 521/521 522/522
f 526/526 527/527 528/528
f 532/532 533/533 534/534
f 538/538 539/539 540/540
f 544/544 545/545 546/546
f 550/550 551/551 552/552
f 556/556 557/557 558/558
f 562/562 563/563 564/564
f 568/568 569/569 570/570
f 574/574 575/575 576/576
f 580/580 581/581 582/582
f 586/586 587/587 588/588
f 592/592 593/593 594/594
f 598/598 599/599 600/600
f 604/604 605/605 606/606
f 610/610 611/611 612/612
f 616/616 617/617 618/618
f 622/622 623/623 624/624
f 628/628 629/629 630/630
f 634/634 635/635 636/636
f 640/640 641/641 642/642
f 646/646 647/647 648/648
f 652/652 653/653 654/654
f 658/658 659/659 660/660
f 664/664 665/665 666/666
f 670/670 671/671 672/672
f 676/676 677/677 678/678
f 682/682 683/683 684/684
f 688/688 689/689 690/690
f 694/694 695/695 696/696
f 700/700 701/701 702/702
f 706/706 707/707 708/708
f 712/712 713/713 714/714
f 718/718 719/719 720/720
f 724/724 725/725 726/726
f 730/730 731/731 732/732
f 736/736 737/737 738/738
f 742/742 743/743 744/744
f 748/748 749/749 750/750
f 754/754 755/755 756/756
f 760/760 761/761 762/762
f 766/766 767/767 768/768
f 772/772 773/773 774/774
f 778/778 779/779 780/780
f 784/784 785/785 786/786
f 790/790 791/791 792/792
f 796/796 797/797 798/798
f 802/802 803/803 804/804
f 808/808 809/809 810/810
f 814/814 815/815 816/816
f 820/820 821/821 822/822
f 826/826 827/827 828/828
f 832/832 833/833 834/834
f 838/838 839/839 840/840
f 844/844 845/845 846/846
f 850/850 851/851 852/852
f 856/856 857/857 858/858
f 862/862 863/863 864/864
f 868/868 869/869 870/870
f 874/874 875/875 876/876
f 880/880 881/881 882/882
f 886/886 887/887 888/888
f 892/892 893/893 894/894
f 898/898 899/899 900/900
f 904/904 905/905 906/906
f 910/910 911/911 912/912
f 916/916 917/917 918/918
f 922/922 923/923 924/924
f 928/928 929/929 930/930
f 934/934 935/935 936/936
f 940/940 941/941 942/942
f 946/946 947/947 948/948
f 952/952 953/953 954/954
f 958/958 959/959 960/960
f 964/964 965/965 966/966
f 970/970 971/971 972/972
f 976/976 977/977 978/978
f 982/982 983/983 984/984
f 988/988 989/989 990/990
f 994/994 995/995 996/996
f 1000/1000 1001/1001 1002/1002
f 1006/1006 1007/1007 1008/1008
f 1009/1009 1010/1010 1011/1011
f 1018/1018 1019/1019 1020/1020
f 1027/1027 1028/1028 1029/1029
f 1033/1033 1034/1034 1035/1035
f 1048/1048 1049/1049 1050/1050
f 1054/1054 1055/1055 1056/1056
f 1057/1057 1058/1058 1059/1059
f 1066/1066 1067/1067 1068/1068
f 1075/1075 1076/1076 1077/1077
f 1081/1081 1082/1082 1083/1083
f 1096/1096 1097/1097 1098/1098
f 1102/1102 1103/1103 1104/1104
f 1108/1108 1109/1109 1110/1110
f 1114/1114 1115/1115 1116/1116
f 1120/1120 1121/1121 1122/1122
f 1126/1126 1127/1127 1128/1128
f 1132/1132 1133/1133 1134/1134
f 1138/1138 1139/1139 1140/1140
f 1141/1141 1142/1142 1143/1143
f 1150/1150 1151/1151 1152/1152
f 1159/1159 1160/1160 1161/1161
f 1165/1165 1166/1166 1167/1167
f 1180/1180 1181/1181 1182/1182
f 1186/1186 1187/1187 1188/1188
f 1192/1192 1193/1193 1194/1194
f 1204/1204 1205/1205 1206/1206
f 1213/1213 1214/1214 1215/1215
f 1216/1216 1217/1217 1218/1218
f 1225/1225 1226/1226 1227/1227
f 1240/1240 1241/1241 1242/1242
f 1246/1246 1247/1247 1248/1248
f 1252/1252 1253/1253 1254/1254
f 1261/1261 1262/1262 1263/1263
f 1267/1267 1268/1268 1269/1269
f 1276/1276 1277/1277 1278/1278
f 1288/1288 1289/1289 1290/1290
f 1294/1294 1295/1295 1296/1296
f 1300/1300 1301/1301 1302/1302
f 1315/1315 1316/1316 1317/1317
f 1318/1318 1319/1319 1320/1320
f 1327/1327 1328/1328 1329/1329
f 1330/1330 1331/1331 1332/1332
f 1336/1336 1337/1337 1338/1338
f 1342/1342 1343/1343 1344/1344
f 1348/1348 1349/1349 1350/1350
f 1354/1354 1355/1355 1356/1356
f 1360/1360 1361/1361 1362/1362
f 1366/1366 1367/1367 1368/1368
f 1372/1372 1373/1373 1374/1374
f 1378/1378 1379/1379 1380/1380
f 1384/1384 1385/1385 1386/1386
f 1390/1390 1391/1391 1392/1392
f 1396/1396 1397/1397 1398/1398
f 1402/1402 1403/1403 1404/1404
f 1408/1408 1409/1409 1410/1410
f 1414/1414 1415/1415 1416/1416
f 1420/1420 1421/1421 1422/1422
f 1426/1426 1427/1427 1428/1428
f 1432/1432 1433/1433 1434/1434
f 1438/1438 1439/1439 1440/1440
f 1444/1444 1445/1445 1446/1446
f 1450/1450 1451/1451 1452/1452
f 1456/1456 1457/1457 1458/1458
f 1462/1462 1463/1463 1464/1464
f 1468/1468 1469/1469 1470/1470
f 1474/1474 1475/1475 1476/1476
f 1480/1480 1481/1481 1482/1482
f 1486/1486 1487/1487 1488/1488
f 1492/1492 1493/1493 1494/1494
f 1498/1498 1499/1499 1500/1500
f 1501/1501 1502/1502 1503/1503
f 1504/1504 1505/1505 1506/1506
f 1519/1519 1520/1520 1521/1521
f 1525/1525 1526/1526 1527/1527
f 1540/1540 1541/1541 1542/1542
f 1546/1546 1547/1547 1548/1548
f 1552/1552 1553/1553 1554/1554
f 1558/1558 1559/1559 1560/1560
f 1564/1564 1565/1565 1566/1566
f 1570/1570 1571/1571 1572/1572
f 1576/1576 1577/1577 1578/1578
f 1582/1582 1583/1583 1584/1584
f 1588/1588 1589/1589 1590/1590
f 1597/1597 1598/1598 1599/1599
f 1606/1606 1607/1607 1608/1608
f 1615/1615 1616/1616 1617/1617
f 1624/1624 1625/1625 1626/1626
f 1627/1627 1628/1628 1629/1629
f 1636/1636 1637/1637 1638/1638
f 1639/1639 1640/1640 1641/1641
f 1645/1645 1646/1646 1647/1647
f 1654/1654 1655/1655 1656/1656
f 1663/1663 1664/1664 1665/1665
f 1672/1672 1673/1673 1674/1674
f 1678/1678 1679/1679 1680/1680
f 1684/1684 1685/1685 1686/1686
f 1693/1693 1694/1694 1695/1695
f 1702/1702 1703/1703 1704/1704
f 1705/1705 1706/1706 1707/1707
f 1711/1711 1712/1712 1713/1713
f 1720/1720 1721/1721 1722/1722
f 1726/1726 1727/1727 1728/1728
f 1738/1738 1739/1739 1740/1740
f 1747/1747 1748/1748 1749/1749
f 1753/1753 1754/1754 1755/1755
f 1765/1765 1766/1766 1767/1767
f 1771/1771 1772/1772 1773/1773
f 1780/1780 1781/1781 1782/1782
f 1789/1789 1790/1790 1791/1791
f 1798/1798 1799/1799 1800/1800
f 1801/1801 1802/1802 1803/1803
f 1813/1813 1814/1814 1815/1815
f 1819/1819 1820/1820 1821/1821
f 1825/1825 1826/1826 1827/1827
f 1834/1834 1835/1835 1836/1836
f 1837/1837 1838/1838 1839/1839
f 1849/1849 1850/1850 1851/1851
f 1855/1855 1856/1856 1857/1857
f 1861/1861 1862/1862 1863/1863
f 1870/1870 1871/1871 1872/1872
f 1882/1882 1883/1883 1884/1884
f 1891/1891 1892/1892 1893/1893
f 1897/1897 1898/1898 1899/1899
f 1903/1903 1904/1904 1905/1905
f 1906/1906 1907/1907 1908/1908
f 1912/1912 1913/1913 1914/1914
f 1921/1921 1922/1922 1923/1923
f 1927/1927 1928/1928 1929/1929
f 1936/1936 1937/1937 1938/1938
f 1942/1942 1943/1943 1944/1944
f 1948/1948 1949/1949 1950/1950
f 1954/1954 1955/1955 1956/1956
f 1960/1960 1961/1961 1962/1962
f 1963/1963 1964/1964 1965/1965
f 1972/1972 1973/1973 1974/1974
f 1975/1975 1976/1976 1977/1977
f 1984/1984 1985/1985 1986/1986
f 1993/1993 1994/1994 1995/1995
f 2002/2002 2003/2003 2004/2004
f 2005/2005 2006/2006 2007/2007
f 2017/2017 2018/2018 2019/2019
f 2023/2023 2024/2024 2025/2025
f 2035/2035 2036/2036 2037/2037
f 2038/2038 2039/2039 2040/2040
f 2047/2047 2048/2048 2049/2049
f 2053/2053 2054/2054 2055/2055
f 2068/2068 2069/2069 2070/2070
f 2074/2074 2075/2075 2076/2076
f 2080/2080 2081/2081 2082/2082
f 2086/2086 2087/2087 2088/2088
f 2092/2092 2093/2093 2094/2094
f 2095/2095 2096/2096 2097/2097
f 2116/2116 2117/2117 2118/2118
f 2119/2119 2120/2120 2121/2121
f 2134/2134 2135/2135 2136/2136
f 2146/2146 2147/2147 2148/2148
f 2149/2149 2150/2150 2151/2151
f 2155/2155 2156/2156 2157/2157
f 2164/2164 2165/2165 2166/2166
f 2167/2167 2168/2168 2169/2169
f 2176/2176 2177/2177 2178/2178
f 2179/2179 2180/2180 2181/2181
f 2188/2188 2189/2189 2190/2190
f 2194/2194 2195/2195 2196/2196
f 2209/2209 2210/2210 2211/2211
f 2218/2218 2219/2219 2220/2220
f 2221/2221 2222/2222 2223/2223
f 2233/2233 2234/2234 2235/2235
f 2242/2242 2243/2243 2244/2244
f 2248/2248 2249/2249 2250/2250
f 2257/2257 2258/2258 2259/2259
f 2263/2263 2264/2264 2265/2265
f 2275/2275 2276/2276 2277/2277
f 2278/2278 2279/2279 2280/2280
f 2287/2287 2288/2288 2289/2289
f 2296/2296 2297/2297 2298/2298
f 2299/2299 2300/2300 2301/2301
f 2311/2311 2312/2312 2313/2313
f 2317/2317 2318/2318 2319/2319
f 2320/2320 2321/2321 2322/2322
f 2329/2329 2330/2330 2331/2331
f 2335/2335 2336/2336 2337/2337
f 2338/2338 2339/2339 2340/2340
f 2347/2347 2348/2348 2349/2349
f 2350/2350 2351/2351 2352/2352
f 2359/2359 2360/2360 2361/2361
f 2362/2362 2363/2363 2364/2364
f 2365/2365 2366/2366 2367/2367
f 2380/2380 2381/2381 2382/2382
f 2392/2392 2393/2393 2394/2394
f 2395/2395 2396/2396 2397/2397
f 2404/2404 2405/2405 2406/2406
f 2407/2407 2408/2408 2409/2409
f 2416/2416 2417/2417 2418/2418
f 2419/2419 2420/2420 2421/2421
f 2431/2431 2432/2432 2433/2433
f 2440/2440 2441/2441 2442/2442
f 2443/2443 2444/2444 2445/2445
f 2449/2449 2450/2450 2451/2451
f 2455/2455 2456/2456 2457/2457
f 2461/2461 2462/2462 2463/2463
f 2470/2470 2471/2471 2472/2472
f 2479/2479 2480/2480 2481/2481
f 2488/2488 2489/2489 2490/2490
f 2491/2491 2492/2492 2493/2493
f 2503/2503 2504/2504 2505/2505
f 2506/2506 2507/2507 2508/2508
f 2512/2512 2513/2513 2514/2514
f 2518/2518 2519/2519 2520/2520
f 2524/2524 2525/2525 2526/2526
f 2536/2536 2537/2537 2538/2538
f 2539/2539 2540/2540 2541/2541
f 2548/2548 2549/2549 2550/2550
f 2554/2554 2555/2555 2556/2556
f 2569/2569 2570/2570 2571/2571
f 2578/2578 2579/2579 2580/2580
f 2581/2581 2582/2582 2583/2583
f 2587/2587 2588/2588 2589/2589
f 2599/2599 2600/2600 2601/2601
f 2602/2602 2603/2603 2604/2604
f 2608/2608 2609/2609 2610/2610
f 2617/2617 2618/2618 2619/2619
f 2623/2623 2624/2624 2625/2625
f 2629/2629 2630/2630 2631/2631
f 2638/2638 2639/2639 2640/2640
f 2641/2641 2642/2642 2643/2643
f 2647/2647 2648/2648 2649/2649
f 2653/2653 2654/2654 2655/2655
f 2662/2662 2663/2663 2664/2664
f 2668/2668 2669/2669 2670/2670
f 2674/2674 2675/2675 2676/2676
f 2680/2680 2681/2681 2682/2682
f 2683/2683 2684/2684 2685/2685
f 2689/2689 2690/2690 2691/2691
f 2701/2701 2702/2702 2703/2703
f 2713/2713 2714/2714 2715/2715
f 2722/2722 2723/2723 2724/2724
f 2725/2725 2726/2726 2727/2727
f 2737/2737 2738/2738 2739/2739
f 2743/2743 2744/2744 2745/2745
f 2758/2758 2759/2759 2760/2760
f 2764/2764 2765/2765 2766/2766
f 2767/2767 2768/2768 2769/2769
f 2779/2779 2780/2780 2781/2781
f 2785/2785 2786/2786 2787/2787
f 2794/2794 2795/2795 2796/2796
f 2800/2800 2801/2801 2802/2802
f 2806/2806 2807/2807 2808/2808
f 2824/2824 2825/2825 2826/2826
f 2827/2827 2828/2828 2829/2829
f 2836/2836 2837/2837 2838/2838
f 2839/2839 2840/2840 2841/2841
f 2848/2848 2849/2849 2850/2850
f 2851/2851 2852/2852 2853/2853
f 2860/2860 2861/2861 2862/2862
f 2878/2878 2879/2879 2880/2880
f 2884/2884 2885/2885 2886/2886
f 2896/2896 2897/2897 2898/2898
f 2911/2911 2912/2912 2913/2913
f 2917/2917 2918/2918 2919/2919
f 2923/2923 2924/2924 2925/2925
f 2932/2932 2933/2933 2934/2934
f 2944/2944 2945/2945 2946/2946
f 2947/2947 2948/2948 2949/2949
f 2956/2956 2957/2957 2958/2958
f 2968/2968 2969/2969 2970/2970
f 2977/2977 2978/2978 2979/2979
f 2989/2989 2990/2990 2991/2991
f 2995/2995 2996/2996 2997/2997
f 2998/2998 2999/2999 3000/3000
f 3007/3007 3008/3008 3009/3009
f 3010/3010 3011/3011 3012/3012
f 3025/3025 3026/3026 3027/3027
f 3034/3034 3035/3035 3036/3036
f 3040/3040 3041/3041 3042/3042
f 3052/3052 3053/3053 3054/3054
f 3055/3055 3056/3056 3057/3057
f 3070/3070 3071/3071 3072/3072
f 3076/3076 3077/3077 3078/3078
f 3079/3079 3080/3080 3081/3081
f 3091/3091 3092/3092 3093/3093
f 3094/3094 3095/3095 3096/3096
f 3100/3100 3101/3101 3102/3102
f 3109/3109 3110/3110 3111/3111
f 3127/3127 3128/3128 3129/3129
f 3136/3136 3137/3137 3138/3138
f 3142/3142 3143/3143 3144/3144
f 3148/3148 3149/3149 3150/3150
f 3157/3157 3158/3158 3159/3159
f 3166/3166 3167/3167 3168/3168
f 3172/3172 3173/3173 3174/3174
f 3175/3175 3176/3176 3177/3177
f 3187/3187 3188/3188 3189/3189
f 3190/3190 3191/3191 3192/3192
f 3202/3202 3203/3203 3204/3204
f 3205/3205 3206/3206 3207/3207
f 3226/3226 3227/3227 3228/3228
f 3229/3229 3230/3230 3231/3231
f 3241/3241 3242/3242 3243/3243
f 3253/3253 3254/3254 3255/3255
f 3259/3259 3260/3260 3261/3261
f 3265/3265 3266/3266 3267/3267
f 3277/3277 3278/3278 3279/3279
f 3280/3280 3281/3281 3282/3282
f 3292/3292 3293/3293 3294/3294
f 3301/3301 3302/3302 3303/3303
f 3310/3310 3311/3311 3312/3312
f 3313/3313 3314/3314 3315/3315
f 3325/3325 3326/3326 3327/3327
f 3337/3337 3338/3338 3339/3339
f 3346/3346 3347/3347 3348/3348
f 3352/3352 3353/3353 3354/3354
f 3355/3355 3356/3356 3357/3357
f 3367/3367 3368/3368 3369/3369
f 3376/3376 3377/3377 3378/3378
f 3385/3385 3386/3386 3387/3387
f 3388/3388 3389/3389 3390/3390
f 3394/3394 3395/3395 3396/3396
f 3400/3400 3401/3401 3402/3402
f 3409/3409 3410/3410 3411/3411
f 3412/3412 3413/3413 3414/3414
f 3424/3424 3425/3425 3426/3426
f 3439/3439 3440/3440 3441/3441
f 3442/3442 3443/3443 3444/3444
f 3454/3454 3455/3455 3456/3456
f 3466/3466 3467/3467 3468/3468
f 3469/3469 3470/3470 3471/3471
f 3484/3484 3485/3485 3486/3486
f 3493/3493 3494/3494 3495/3495
f 3502/3502 3503/3503 3504/3504
f 3508/3508 3509/3509 3510/3510
f 3523/3523 3524/3524 3525/3525
f 3529/3529 3530/3530 3531/3531
f 3538/3538 3539/3539 3540/3540
f 3547/3547 3548/3548 3549/3549
f 3550/3550 3551/3551 3552/3552
f 3553/3553 3554/3554 3555/3555
f 3562/3562 3563/3563 3564/3564
f 3574/3574 3575/3575 3576/3576
f 3583/3583 3584/3584 3585/3585
f 3586/3586 3587/3587 3588/3588
f 3601/3601 3602/3602 3603/3603
f 3613/3613 3614/3614 3615/3615
f 3616/3616 3617/3617 3618/3618
f 3628/3628 3629/3629 3630/3630
f 3631/3631 3632/3632 3633/3633
f 3640/3640 3641/3641 3642/3642
f 3649/3649 3650/3650 3651/3651
f 3652/3652 3653/3653 3654/3654
f 3664/3664 3665/3665 3666/3666
f 3673/3673 3674/3674 3675/3675
f 3676/3676 3677/3677 3678/3678
f 3682/3682 3683/3683 3684/3684
f 3694/3694 3695/3695 3696/3696
f 3703/3703 3704/3704 3705/3705
f 3706/3706 3707/3707 3708/3708
f 3718/3718 3719/3719 3720/3720
f 3727/3727 3728/3728 3729/3729
f 3739/3739 3740/3740 3741/3741
f 3745/3745 3746/3746 3747/3747
f 3757/3757 3758/3758 3759/3759
f 3763/3763 3764/3764 3765/3765
f 3772/3772 3773/3773 3774/3774
f 3775/3775 3776/3776 3777/3777
f 3781/3781 3782/3782 3783/3783
f 3784/3784 3785/3785 3786/3786
f 3802/3802 3803/3803 3804/3804
f 3811/3811 3812/3812 3813/3813
f 3817/3817 3818/3818 3819/3819
f 3826/3826 3827/3827 3828/3828
f 3844/3844 3845/3845 3846/3846
f 3862/3862 3863/3863 3864/3864
f 3871/3871 3872/3872 3873/3873
f 3877/3877 3878/3878 3879/3879
f 3880/3880 3881/3881 3882/3882
f 3883/3883 3884/3884 3885/3885
f 3895/3895 3896/3896 3897/3897
f 3898/3898 3899/3899 3900/3900
f 3907/3907 3908/3908 3909/3909
f 3916/3916 3917/3917 3918/3918
f 3925/3925 3926/3926 3927/3927
f 3931/3931 3932/3932 3933/3933
f 3940/3940 3941/3941 3942/3942
f 3946/3946 3947/3947 3948/3948
f 3952/3952 3953/3953 3954/3954
f 3955/3955 3956/3956 3957/3957
f 3970/3970 3971/3971 3972/3972
f 3976/3976 3977/3977 3978/3978
f 3988/3988 3989/3989 3990/3990
f 4003/4003 4004/4004 4005/4005
f 4006/4006 4007/4007 4008/4008
f 4018/4018 4019/4019 4020/4020
f 4021/4021 4022/4022 4023/4023
f 4033/4033 4034/4034 4035/4035
f 4042/4042 4043/4043 4044/4044
f 4054/4054 4055/4055 4056/4056
f 4057/4057 4058/4058 4059/4059
f 4063/4063 4064/4064 4065/4065
f 4072/4072 4073/4073 4074/4074
f 4075/4075 4076/4076 4077/4077
f 4081/4081 4082/4082 4083/4083
f 4093/4093 4094/4094 4095/4095
f 4102/4102 4103/4103 4104/4104
f 4105/4105 4106/4106 4107/4107
f 4111/4111 4112/4112 4113/4113
f 4123/4123 4124/4124 4125/4125
f 4126/4126 4127/4127 4128/4128
f 4129/4129 4130/4130 4131/4131
f 4141/4141 4142/4142 4143/4143
f 4144/4144 4145/4145 4146/4146
f 4153/4153 4154/4154 4155/4155
f 4162/4162 4163/4163 4164/4164
f 4165/4165 4166/4166 4167/4167
f 4171/4171 4172/4172 4173/4173
f 4177/4177 4178/4178 4179/4179
f 4189/4189 4190/4190 4191/4191
f 4207/4207 4208/4208 4209/4209
f 4210/4210 4211/4211 4212/4212
f 4222/4222 4223/4223 4224/4224
f 4237/4237 4238/4238 4239/4239
f 4243/4243 4244/4244 4245/4245
f 4249/4249 4250/4250 4251/4251
f 4255/4255 4256/4256 4257/4257
f 4261/4261 4262/4262 4263/4263
f 4267/4267 4268/4268 4269/4269
f 4273/4273 4274/4274 4275/4275
f 4279/4279 4280/4280 4281/4281
f 4285/4285 4286/4286 4287/4287
f 4291/4291 4292/4292 4293/4293
f 4297/4297 4298/4298 4299/4299
f 4303/4303 4304/4304 4305/4305
f 4309/4309 4310/4310 4311/4311
f 4315/4315 4316/4316 4317/4317
f 4321/4321 4322/4322 4323/4323
f 4327/4327 4328/4328 4329/4329
f 4333/4333 4334/4334 4335/4335
f 4339/4339 4340/4340 4341/4341
f 4345/4345 4346/4346 4347/4347
f 4351/4351 4352/4352 4353/4353
f 4357/4357 4358/4358 4359/4359
f 4363/4363 4364/4364 4365/4365
f 4369/4369 4370/4370 4371/4371
f 4375/4375 4376/4376 4377/4377
f 4381/4381 4382/4382 4383/4383
f 4387/4387 4388/4388 4389/4389
f 4393/4393 4394/4394 4395/4395
f 4399/4399 4400/4400 4401/4401
f 4405/4405 4406/4406 4407/4407
f 4411/4411 4412/4412 4413/4413
f 4417/4417 4418/4418 4419/4419
f 4423/4423 4424/4424 4425/4425
f 4429/4429 4430/4430 4431/4431
f 4435/4435 4436/4436 4437/4437
f 4441/4441 4442/4442 4443/4443
f 4447/4447 4448/4448 4449/4449
f 4453/4453 4454/4454 4455/4455
f 4459/4459 4460/4460 4461/4461
f 4465/4465 4466/4466 4467/4467
f 4471/4471 4472/4472 4473/4473
f 4477/4477 4478/4478 4479/4479
f 4483/4483 4484/4484 4485/4485
f 4489/4489 4490/4490 4491/4491
f 4495/4495 4496/4496 4497/4497
f 4501/4501 4502/4502 4503/4503
f 4507/4507 4508/4508 4509/4509
f 4513/4513 4514/4514 4515/4515
f 4519/4519 4520/4520 4521/4521
f 4525/4525 4526/4526 4527/4527
f 4531/4531 4532/4532 4533/4533
f 4537/4537 4538/4538 4539/4539
f 4543/4543 4544/4544 4545/4545
f 4549/4549 4550/4550 4551/4551
f 4555/4555 4556/4556 4557/4557
f 4561/4561 4562/4562 4563/4563
f 4567/4567 4568/4568 4569/4569
f 4573/4573 4574/4574 4575/4575
f 4579/4579 4580/4580 4581/4581
f 4585/4585 4586/4586 4587/4587
f 4591/4591 4592/4592 4593/4593
f 4597/4597 4598/4598 4599/4599
f 4603/4603 4604/4604 4605/4605
f 4609/4609 4610/4610 4611/4611
f 4615/4615 4616/4616 4617/4617
f 4621/4621 4622/4622 4623/4623
f 4627/4627 4628/4628 4629/4629
f 4633/4633 4634/4634 4635/4635
f 4639/4639 4640/4640 4641/4641
f 4645/4645 4646/4646 4647/4647
f 4651/4651 4652/4652 4653/4653
f 4657/4657 4658/4658 4659/4659
f 4663/4663 4664/4664 4665/4665
f 4669/4669 4670/4670 4671/4671
f 4675/4675 4676/4676 4677/4677
f 4681/4681 4682/4682 4683/4683
f 4687/4687 4688/4688 4689/4689
f 4693/4693 4694/4694 4695/4695
f 4699/4699 4700/4700 4701/4701
f 4705/4705 4706/4706 4707/4707
f 4711/4711 4712/4712 4713/4713
f 4717/4717 4718/4718 4719/4719
f 4723/4723 4724/4724 4725/4725
f 4729/4729 4730/4730 4731/4731
f 4735/4735 4736/4736 4737/4737
f 4741/4741 4742/4742 4743/4743
f 4747/4747 4748/4748 4749/4749
f 4753/4753 4754/4754 4755/4755
f 4759/4759 4760/4760 4761/4761
f 4765/4765 4766/4766 4767/4767
f 4771/4771 4772/4772 4773/4773
f 4777/4777 4778/4778 4779/4779
f 4783/4783 4784/4784 4785/4785
f 4789/4789 4790/4790 4791/4791
f 4795/4795 4796/4796 4797/4797
f 4801/4801 4802/4802 4803/4803
f 4807/4807 4808/4808 4809/4809
f 4813/4813 4814/4814 4815/4815
f 4819/4819 4820/4820 4821/4821
f 4825/4825 4826/4826 4827/4827
f 4831/4831 4832/4832 4833/4833
f 4837/4837 4838/4838 4839/4839
f 4843/4843 4844/4844 4845/4845
f 4849/4849 4850/4850 4851/4851
f 4855/4855 4856/4856 4857/4857
f 4861/4861 4862/4862 4863/4863
f 4867/4867 4868/4868 4869/4869
f 4873/4873 4874/4874 4875/4875
f 4879/4879 4880/4880 4881/4881
f 4885/4885 4886/4886 4887/4887
f 4891/4891 4892/4892 4893/4893
f 4897/4897 4898/4898 4899/4899
f 4903/4903 4904/4904 4905/4905
f 4909/4909 4910/4910 4911/4911
f 4915/4915 4916/4916 4917/4917
f 4921/4921 4922/4922 4923/4923
f 4927/4927 4928/4928 4929/4929
f 4933/4933 4934/4934 4935/4935
f 4939/4939 4940/4940 4941/4941
f 4945/4945 4946/4946 4947/4947
f 4951/4951 4952/4952 4953/4953
f 4957/4957 4958/4958 4959/4959
f 4963/4963 4964/4964 4965/4965
f 4969/4969 4970/4970 4971/4971
f 4975/4975 4976/4976 4977/4977
f 4981/4981 4982/4982 4983/4983
f 4987/4987 4988/4988 4989/4989
f 4993/4993 4994/4994 4995/4995
f 4999/4999 5000/5000 5001/5001
f 5005/5005 5006/5006 5007/5007
f 5011/5011 5012/5012 5013/5013
f 5017/5017 5018/5018 5019/5019
f 5023/5023 5024/5024 5025/5025
f 5029/5029 5030/5030 5031/5031
f 5035/5035 5036/5036 5037/5037
f 5041/5041 5042/5042 5043/5043
f 5047/5047 5048/5048 5049/5049
f 5053/5053 5054/5054 5055/5055
f 5059/5059 5060/5060 5061/5061
f 5065/5065 5066/5066 5067/5067
f 5071/5071 5072/5072 5073/5073
f 5077/5077 5078/5078 5079/5079
f 5083/5083 5084/5084 5085/5085
f 5089/5089 5090/5090 5091/5091
f 5095/5095 5096/5096 5097/5097
f 5101/5101 5102/5102 5103/5103
f 5107/5107 5108/5108 5109/5109
f 5113/5113 5114/5114 5115/5115
f 5119/5119 5120/5120 5121/5121
f 5125/5125 5126/5126 5127/5127
f 5131/5131 5132/5132 5133/5133
f 5137/5137 5138/5138 5139/5139
f 5143/5143 5144/5144 5145/5145
f 5149/5149 5150/5150 5151/5151
f 5155/5155 5156/5156 5157/5157
f 5161/5161 5162/5162 5163/5163
f 5167/5167 5168/5168 5169/5169
f 5173/5173 5174/5174 5175/5175
f 5179/5179 5180/5180 5181/5181
f 5185/5185 5186/5186 5187/5187
f 5191/5191 5192/5192 5193/5193
f 5197/5197 5198/5198 5199/5199
f 5203/5203 5204/5204 5205/5205
f 5209/5209 5210/5210 5211/5211
f 5215/5215 5216/5216 5217/5217
f 5221/5221 5222/5222 5223/5223
f 5227/5227 5228/5228 5229/5229
f 5233/5233 5234/5234 5235/5235
f 5239/5239 5240/5240 5241/5241
f 5245/5245 5246/5246 5247/5247
f 5251/5251 5252/5252 5253/5253
f 5257/5257 5258/5258 5259/5259
f 5263/5263 5264/5264 5265/5265
f 5269/5269 5270/5270 5271/5271
f 5275/5275 5276/5276 5277/5277
f 5281/5281 5282/5282 5283/5283
f 5287/5287 5288/5288 5289/5289
f 5293/5293 5294/5294 5295/5295
f 5299/5299 5300/5300 5301/5301
f 5305/5305 5306/5306 5307/5307
f 5311/5311 5312/5312 5313/5313
f 5317/5317 5318/5318 5319/5319
f 5323/5323 5324/5324 5325/5325
f 5329/5329 5330/5330 5331/5331
f 5335/5335 5336/5336 5337/5337
f 5341/5341 5342/5342 5343/5343
f 5347/5347 5348/5348 5349/5349
f 5353/5353 5354/5354 5355/5355
f 5359/5359 5360/5360 5361/5361
f 5365/5365 5366/5366 5367/5367
f 5371/5371 5372/5372 5373/5373
f 5377/5377 5378/5378 5379/5379
f 5383/5383 5384/5384 5385/5385
f 5389/5389 5390/5390 5391/5391
f 5395/5395 5396/5396 5397/5397
f 5401/5401 5402/5402 5403/5403
f 5407/5407 5408/5408 5409/5409
f 5413/5413 5414/5414 5415/5415
f 5419/5419 5420/5420 5421/5421
f 5425/5425 5426/5426 5427/5427
f 5431/5431 5432/5432 5433/5433
f 5437/5437 5438/5438 5439/5439
f 5443/5443 5444/5444 5445/5445
f 5449/5449 5450/5450 5451/5451
f 5455/5455 5456/5456 5457/5457
f 5461/5461 5462/5462 5463/5463
f 5467/5467 5468/5468 5469/5469
f 5473/5473 5474/5474 5475/5475
f 5479/5479 5480/5480 5481/5481
f 5485/5485 5486/5486 5487/5487
f 5491/5491 5492/5492 5493/5493
f 5497/5497 5498/5498 5499/5499
f 5503/5503 5504/5504 5505/5505
f 5509/5509 5510/5510 5511/5511
f 5515/5515 5516/5516 5517/5517
f 5521/5521 5522/5522 5523/5523
f 5527/5527 5528/5528 5529/5529
f 5533/5533 5534/5534 5535/5535
f 5539/5539 5540/5540 5541/5541
f 5545/5545 5546/5546 5547/5547
f 5551/5551 5552/5552 5553/5553
f 5557/5557 5558/5558 5559/5559
f 5563/5563 5564/5564 5565/5565
f 5569/5569 5570/5570 5571/5571
f 5575/5575 5576/5576 5577/5577
f 5581/5581 5582/5582 5583/5583
f 5587/5587 5588/5588 5589/5589
f 5593/5593 5594/5594 5595/5595
f 5599/5599 5600/5600 5601/5601
f 5605/5605 5606/5606 5607/5607
f 5611/5611 5612/5612 5613/5613
f 5617/5617 5618/5618 5619/5619
f 5623/5623 5624/5624 5625/5625
f 5629/5629 5630/5630 5631/5631
f 5635/5635 5636/5636 5637/5637
f 5641/5641 5642/5642 5643/5643
f 5647/5647 5648/5648 5649/5649
f 5653/5653 5654/5654 5655/5655
f 5659/5659 5660/5660 5661/5661
f 5665/5665 5666/5666 5667/5667
f 5671/5671 5672/5672 5673/5673
f 5677/5677 5678/5678 5679/5679
f 5683/5683 5684/5684 5685/5685
f 5689/5689 5690/5690 5691/5691
f 5695/5695 5696/5696 5697/5697
f 5701/5701 5702/5702 5703/5703
f 5707/5707 5708/5708 5709/5709
f 5713/5713 5714/5714 5715/5715
f 5719/5719 5720/5720 5721/5721
f 5725/5725 5726/5726 5727/5727
f 5731/5731 5732/5732 5733/5733
f 5737/5737 5738/5738 5739/5739
f 5743/5743 5744/5744 5745/5745
f 5749/5749 5750/5750 5751/5751
f 5755/5755 5756/5756 5757/5757
f 5761/5761 5762/5762 5763/5763
f 5767/5767 5768/5768 5769/5769
f 5773/5773 5774/5774 5775/5775
f 5779/5779 5780/5780 5781/5781
f 5785/5785 5786/5786 5787/5787
f 5791/5791 5792/5792 5793/5793
f 5797/5797 5798/5798 5799/5799
f 5803/5803 5804/5804 5805/5805
f 5809/5809 5810/5810 5811/5811
f 5815/5815 5816/5816 5817/5817
f 5821/5821 5822/5822 5823/5823
f 5827/5827 5828/5828 5829/5829
f 5833/5833 5834/5834 5835/5835
f 5839/5839 5840/5840 5841/5841
f 5845/5845 5846/5846 5847/5847
f 5851/5851 5852/5852 5853/5853
f 5857/5857 5858/5858 5859/5859
f 5863/5863 5864/5864 5865/5865
f 5869/5869 5870/5870 5871/5871
f 5875/5875 5876/5876 5877/5877
f 5881/5881 5882/5882 5883/5883
f 5887/5887 5888/5888 5889/5889
f 5893/5893 5894/5894 5895/5895
f 5899/5899 5900/5900 5901/5901
f 5905/5905 5906/5906 5907/5907
f 5911/5911 5912/5912 5913/5913
f 5917/5917 5918/5918 5919/5919
f 5923/5923 5924/5924 5925/5925
f 5929/5929 5930/5930 5931/5931
f 5935/5935 5936/5936 5937/5937
f 5941/5941 5942/5942 5943/5943
f 5947/5947 5948/5948 5949/5949
f 5953/5953 5954/5954 5955/5955
f 5959/5959 5960/5960 5961/5961
f 5965/5965 5966/5966 5967/5967
f 5971/5971 5972/5972 5973/5973
f 5977/5977 5978/5978 5979/5979
f 5983/5983 5984/5984 5985/5985
f 5989/5989 5990/5990 5991/5991
f 5995/5995 5996/5996 5997/5997
f 6001/6001 6002/6002 6003/6003
f 6007/6007 6008/6008 6009/6009
f 6013/6013 6014/6014 6015/6015
f 6019/6019 6020/6020 6021/6021
f 6025/6025 6026/6026 6027/6027
f 6031/6031 6032/6032 6033/6033
f 6037/6037 6038/6038 6039/6039
f 6043/6043 6044/6044 6045/6045
f 6049/6049 6050/6050 6051/6051
f 6055/6055 6056/6056 6057/6057
f 6061/6061 6062/6062 6063/6063
f 6067/6067 6068/6068 6069/6069
f 6073/6073 6074/6074 6075/6075
f 6079/6079 6080/6080 6081/6081
f 6085/6085 6086/6086 6087/6087
f 6091/6091 6092/6092 6093/6093
f 6097/6097 6098/6098 6099/6099
f 6103/6103 6104/6104 6105/6105
f 6109/6109 6110/6110 6111/6111
f 6115/6115 6116/6116 6117/6117
f 6121/6121 6122/6122 6123/6123
f 6127/6127 6128/6128 6129/6129
f 6133/6133 6134/6134 6135/6135
f 6139/6139 6140/6140 6141/6141
f 6145/6145 6146/6146 6147/6147
f 6151/6151 6152/6152 6153/6153
f 6157/6157 6158/6158 6159/6159
f 6163/6163 6164/6164 6165/6165
f 6169/6169 6170/6170 6171/6171
f 6175/6175 6176/6176 6177/6177
f 6181/6181 6182/6182 6183/6183
f 6187/6187 6188/6188 6189/6189
f 6193/6193 6194/6194 6195/6195
f 6199/6199 6200/6200 6201/6201
f 6205/6205 6206/6206 6207/6207
f 6211/6211 6212/6212 6213/6213
f 6217/6217 6218/6218 6219/6219
f 6223/6223 6224/6224 6225/6225
f 6229/6229 6230/6230 6231/6231
f 6235/6235 6236/6236 6237/6237
f 6241/6241 6242/6242 6243/6243
f 6247/6247 6248/6248 6249/6249
f 6253/6253 6254/6254 6255/6255
f 6259/6259 6260/6260 6261/6261
f 6265/6265 6266/6266 6267/6267
f 6271/6271 6272/6272 6273/6273
f 6277/6277 6278/6278 6279/6279
f 6283/6283 6284/6284 6285/6285
f 6289/6289 6290/6290 6291/6291
f 6295/6295 6296/6296 6297/6297
f 6301/6301 6302/6302 6303/6303
f 6307/6307 6308/6308 6309/6309
f 6313/6313 6314/6314 6315/6315
f 6319/6319 6320/6320 6321/6321
f 6325/6325 6326/6326 6327/6327
f 6331/6331 6332/6332 6333/6333
f 6337/6337 6338/6338 6339/6339
f 6343/6343 6344/6344 6345/6345
f 6349/6349 6350/6350 6351/6351
f 6355/6355 6356/6356 6357/6357
f 6361/6361 6362/6362 6363/6363
f 6367/6367 6368/6368 6369/6369
f 6373/6373 6374/6374 6375/6375
f 6379/6379 6380/6380 6381/6381
f 6385/6385 6386/6386 6387/6387
f 6391/6391 6392/6392 6393/6393
f 6397/6397 6398/6398 6399/6399
f 6403/6403 6404/6404 6405/6405
f 6409/6409 6410/6410 6411/6411
f 6415/6415 6416/6416 6417/6417
f 6421/6421 6422/6422 6423/6423
f 6427/6427 6428/6428 6429/6429
f 6433/6433 6434/6434 6435/6435
f 6439/6439 6440/6440 6441/6441
f 6445/6445 6446/6446 6447/6447
f 6451/6451 6452/6452 6453/6453
f 6457/6457 6458/6458 6459/6459
f 6463/6463 6464/6464 6465/6465
f 6469/6469 6470/6470 6471/6471
f 6475/6475 6476/6476 6477/6477
f 6481/6481 6482/6482 6483/6483
f 6487/6487 6488/6488 6489/6489
f 6493/6493 6494/6494 6495/6495
f 6499/6499 6500/6500 6501/6501
f 6505/6505 6506/6506 6507/6507
f 6511/6511 6512/6512 6513/6513
f 6517/6517 6518/6518 6519/6519
f 6523/6523 6524/6524 6525/6525
f 6529/6529 6530/6530 6531/6531
f 6535/6535 6536/6536 6537/6537
f 6541/6541 6542/6542 6543/6543
f 6547/6547 6548/6548 6549/6549
f 6553/6553 6554/6554 6555/6555
f 6559/6559 6560/6560 6561/6561
f 6565/6565 6566/6566 6567/6567
f 6571/6571 6572/6572 6573/6573
f 6577/6577 6578/6578 6579/6579
f 6583/6583 6584/6584 6585/6585
f 6589/6589 6590/6590 6591/6591
f 6595/6595 6596/6596 6597/6597
f 6601/6601 6602/6602 6603/6603
f 6607/6607 6608/6608 6609/6609
f 6613/6613 6614/6614 6615/6615
f 6619/6619 6620/6620 6621/6621
f 6625/6625 6626/6626 6627/6627
f 6631/6631 6632/6632 6633/6633
f 6637/6637 6638/6638 6639/6639
f 6643/6643 6644/6644 6645/6645
f 6649/6649 6650/6650 6651/6651
f 6655/6655 6656/6656 6657/6657
f 6661/6661 6662/6662 6663/6663
f 6667/6667 6668/6668 6669/6669
f 6673/6673 6674/6674 6675/6675
f 6679/6679 6680/6680 6681/6681
f 6685/6685 6686/6686 6687/6687
f 6691/6691 6692/6692 6693/6693
f 6697/6697 6698/6698 6699/6699
f 6703/6703 6704/6704 6705/6705
f 6709/6709 6710/6710 6711/6711
f 6715/6715 6716/6716 6717/6717
f 6721/6721 6722/6722 6723/6723
f 6727/6727 6728/6728 6729/6729
f 6733/6733 6734/6734 6735/6735
f 6739/6739 6740/6740 6741/6741
f 6745/6745 6746/6746 6747/6747
f 6751/6751 6752/6752 6753/6753
f 6757/6757 6758/6758 6759/6759
f 6763/6763 6764/6764 6765/6765
f 6769/6769 6770/6770 6771/6771
f 6775/6775 6776/6776 6777/6777
f 6781/6781 6782/6782 6783/6783
f 6787/6787 6788/6788 6789/6789
f 6793/6793 6794/6794 6795/6795
f 6799/6799 6800/6800 6801/6801
f 6805/6805 6806/6806 6807/6807
f 6811/6811 6812/6812 6813/6813
f 6817/6817 6818/6818 6819/6819
f 6823/6823 6824/6824 6825/6825
f 6829/6829 6830/6830 6831/6831
f 6835/6835 6836/6836 6837/6837
f 6841/6841 6842/6842 6843/6843
f 6847/6847 6848/6848 6849/6849
f 6853/6853 6854/6854 6855/6855
f 6859/6859 6860/6860 6861/6861
f 6865/6865 6866/6866 6867/6867
f 6871/6871 6872/6872 6873/6873
f 6877/6877 6878/6878 6879/6879
f 6883/6883 6884/6884 6885/6885
f 6889/6889 6890/6890 6891/6891
f 6895/6895 6896/6896 6897/6897
f 6901/6901 6902/6902 6903/6903
f 6907/6907 6908/6908 6909/6909
f 6913/6913 6914/6914 6915/6915
f 6919/6919 6920/6920 6921/6921
f 6925/6925 6926/6926 6927/6927
f 6931/6931 6932/6932 6933/6933
f 6937/6937 6938/6938 6939/6939
f 6943/6943 6944/6944 6945/6945
f 6949/6949 6950/6950 6951/6951
f 6955/6955 6956/6956 6957/6957
f 6961/6961 6962/6962 6963/6963
f 6967/6967 6968/6968 6969/6969
f 6973/6973 6974/6974 6975/6975
f 6979/6979 6980/6980 6981/6981
f 6985/6985 6986/6986 6987/6987
f 6991/6991 6992/6992 6993/6993
f 6997/6997 6998/6998 6999/6999
f 7003/7003 7004/7004 7005/7005
f 7009/7009 7010/7010 7011/7011
f 7015/7015 7016/7016 7017/7017
f 7021/7021 7022/7022 7023/7023
f 7027/7027 7028/7028 7029/7029
f 7033/7033 7034/7034 7035/7035
f 7039/7039 7040/7040 7041/7041
f 7045/7045 7046/7046 7047/7047
f 7051/7051 7052/7052 7053/7053
f 7057/7057 7058/7058 7059/7059
f 7063/7063 7064/7064 7065/7065
f 7069/7069 7070/7070 7071/7071
f 7075/7075 7076/7076 7077/7077
f 7081/7081 7082/7082 7083/7083
f 7087/7087 7088/7088 7089/7089
f 7093/7093 7094/7094 7095/7095
f 7099/7099 7100/7100 7101/7101
f 7105/7105 7106/7106 7107/7107
f 7111/7111 7112/7112 7113/7113
f 7117/7117 7118/7118 7119/7119
f 7123/7123 7124/7124 7125/7125
f 7129/7129 7130/7130 7131/7131
f 7135/7135 7136/7136 7137/7137
f 7141/7141 7142/7142 7143/7143
f 7147/7147 7148/7148 7149/7149
f 7153/7153 7154/7154 7155/7155
f 7159/7159 7160/7160 7161/7161
f 7165/7165 7166/7166 7167/7167
f 7171/7171 7172/7172 7173/7173
f 7177/7177 7178/7178 7179/7179
f 7183/7183 7184/7184 7185/7185
f 7189/7189 7190/7190 7191/7191
f 7195/7195 7196/7196 7197/7197
f 7201/7201 7202/7202 7203/7203
f 7207/7207 7208/7208 7209/7209
f 7213/7213 7214/7214 7215/7215
f 7219/7219 7220/7220 7221/7221
f 7225/7225 7226/7226 7227/7227
f 7231/7231 7232/7232 7233/7233
f 7237/7237 7238/7238 7239/7239
f 7243/7243 7244/7244 7245/7245
f 7249/7249 7250/7250 7251/7251
f 7255/7255 7256/7256 7257/7257
f 7261/7261 7262/7262 7263/7263
f 7267/7267 7268/7268 7269/7269
f 7273/7273 7274/7274 7275/7275
f 7279/7279 7280/7280 7281/7281
f 7285/7285 7286/7286 7287/7287
f 7291/7291 7292/7292 7293/7293
f 7297/7297 7298/7298 7299/7299
f 7303/7303 7304/7304 7305/7305
f 7309/7309 7310/7310 7311/7311
f 7315/7315 7316/7316 7317/7317
f 7321/7321 7322/7322 7323/7323
f 7327/7327 7328/7328 7329/7329
f 7333/7333 7334/7334 7335/7335
f 7339/7339 7340/7340 7341/7341
f 7345/7345 7346/7346 7347/7347
f 7351/7351 7352/7352 7353/7353
f 7357/7357 7358/7358 7359/7359
f 7363/7363 7364/7364 7365/7365
f 7369/7369 7370/7370 7371/7371
f 7375/7375 7376/7376 7377/7377
f 7381/7381 7382/7382 7383/7383
f 7387/7387 7388/7388 7389/7389
f 7393/7393 7394/7394 7395/7395
f 7399/7399 7400/7400 7401/7401
f 7405/7405 7406/7406 7407/7407
f 7411/7411 7412/7412 7413/7413
f 7417/7417 7418/7418 7419/7419
f 7423/7423 7424/7424 7425/7425
f 7429/7429 7430/7430 7431/7431
f 7435/7435 7436/7436 7437/7437
f 7441/7441 7442/7442 7443/7443
f 7447/7447 7448/7448 7449/7449
f 7453/7453 7454/7454 7455/7455
f 7459/7459 7460/7460 7461/7461
f 7465/7465 7466/7466 7467/7467
f 7471/7471 7472/7472 7473/7473
f 7477/7477 7478/7478 7479/7479
f 7483/7483 7484/7484 7485/7485
f 7489/7489 7490/7490 7491/7491
f 7495/7495 7496/7496 7497/7497
f 7501/7501 7502/7502 7503/7503
f 7507/7507 7508/7508 7509/7509
f 7513/7513 7514/7514 7515/7515
f 7519/7519 7520/7520 7521/7521
f 7525/7525 7526/7526 7527/7527
f 7531/7531 7532/7532 7533/7533
f 7537/7537 7538/7538 7539/7539
f 7543/7543 7544/7544 7545/7545
f 7549/7549 7550/7550 7551/7551
f 7555/7555 7556/7556 7557/7557
f 7561/7561 7562/7562 7563/7563
f 7567/7567 7568/7568 7569/7569
f 7573/7573 7574/7574 7575/7575
f 7579/7579 7580/7580 7581/7581
f 7585/7585 7586/7586 7587/7587
f 7591/7591 7592/7592 7593/7593
f 7597/7597 7598/7598 7599/7599
f 7603/7603 7604/7604 7605/7605
f 7609/7609 7610/7610 7611/7611
f 7615/7615 7616/7616 7617/7617
f 7621/7621 7622/7622 7623/7623
f 7627/7627 7628/7628 7629/7629
f 7633/7633 7634/7634 7635/7635
f 7639/7639 7640/7640 7641/7641
f 7645/7645 7646/7646 7647/7647
f 7651/7651 7652/7652 7653/7653
f 7657/7657 7658/7658 7659/7659
f 7663/7663 7664/7664 7665/7665
f 7669/7669 7670/7670 7671/7671
f 7675/7675 7676/7676 7677/7677
f 7681/7681 7682/7682 7683/7683
f 7687/7687 7688/7688 7689/7689
f 7693/7693 7694/7694 7695/7695
f 7699/7699 7700/7700 7701/7701
f 7705/7705 7706/7706 7707/7707
f 7711/7711 7712/7712 7713/7713
f 7717/7717 7718/7718 7719/7719
f 7723/7723 7724/7724 7725/7725
f 7729/7729 7730/7730 7731/7731
f 7735/7735 7736/7736 7737/7737
f 7741/7741 7742/7742 7743/7743
f 7747/7747 7748/7748 7749/7749
f 7753/7753 7754/7754 7755/7755
f 7759/7759 7760/7760 7761/7761
f 7765/7765 7766/7766 7767/7767
f 7771/7771 7772/7772 7773/7773
f 7777/7777 7778/7778 7779/7779
f 7783/7783 7784/7784 7785/7785
f 7789/7789 7790/7790 7791/7791
f 7795/7795 7796/7796 7797/7797
f 7801/7801 7802/7802 7803/7803
f 7807/7807 7808/7808 7809/7809
f 7813/7813 7814/7814 7815/7815
f 7819/7819 7820/7820 7821/7821
f 7825/7825 7826/7826 7827/7827
f 7831/7831 7832/7832 7833/7833
f 7837/7837 7838/7838 7839/7839
f 7843/7843 7844/7844 7845/7845
f 7849/7849 7850/7850 7851/7851
f 7855/7855 7856/7856 7857/7857
f 7861/7861 7862/7862 7863/7863
f 7867/7867 7868/7868 7869/7869
f 7873/7873 7874/7874 7875/7875
f 7879/7879 7880/7880 7881/7881
f 7885/7885 7886/7886 7887/7887
f 7891/7891 7892/7892 7893/7893
f 7897/7897 7898/7898 7899/7899
f 7903/7903 7904/7904 7905/7905
f 7909/7909 7910/7910 7911/7911
f 7915/7915 7916/7916 7917/7917
f 7921/7921 7922/7922 7923/7923
f 7927/7927 7928/7928 7929/7929
f 7933/7933 7934/7934 7935/7935
f 7939/7939 7940/7940 7941/7941
f 7945/7945 7946/7946 7947/7947
f 7951/7951 7952/7952 7953/7953
f 7957/7957 7958/7958 7959/7959
f 7963/7963 7964/7964 7965/7965
f 7969/7969 7970/7970 7971/7971
f 7975/7975 7976/7976 7977/7977
f 7981/7981 7982/7982 7983/7983
f 7987/7987 7988/7988 7989/7989
f 7993/7993 7994/7994 7995/7995
f 7999/7999 8000/8000 8001/8001
f 8005/8005 8006/8006 8007/8007
f 8011/8011 8012/8012 8013/8013
f 8017/8017 8018/8018 8019/8019
f 8023/8023 8024/8024 8025/8025
f 8029/8029 8030/8030 8031/8031
f 8035/8035 8036/8036 8037/8037
f 8041/8041 8042/8042 8043/8043
f 8047/8047 8048/8048 8049/8049
f 8053/8053 8054/8054 8055/8055
f 8059/8059 8060/8060 8061/8061
f 8065/8065 8066/8066 8067/8067
f 8071/8071 8072/8072 8073/8073
f 8077/8077 8078/8078 8079/8079
f 8083/8083 8084/8084 8085/8085
f 8089/8089 8090/8090 8091/8091
f 8095/8095 8096/8096 8097/8097
f 8101/8101 8102/8102 8103/8103
f 8107/8107 8108/8108 8109/8109
f 8113/8113 8114/8114 8115/8115
f 8119/8119 8120/8120 8121/8121
f 8125/8125 8126/8126 8127/8127
f 8131/8131 8132/8132 8133/8133
f 8137/8137 8138/8138 8139/8139
f 8143/8143 8144/8144 8145/8145
f 8149/8149 8150/8150 8151/8151
f 8155/8155 8156/8156 8157/8157
f 8161/8161 8162/8162 8163/8163
f 8167/8167 8168/8168 8169/8169
f 8173/8173 8174/8174 8175/8175
f 8179/8179 8180/8180 8181/8181
f 8185/8185 8186/8186 8187/8187
f 8191/8191 8192/8192 8193/8193
f 8197/8197 8198/8198 8199/8199
f 8203/8203 8204/8204 8205/8205
f 8209/8209 8210/8210 8211/8211
f 8215/8215 8216/8216 8217/8217
f 8221/8221 8222/8222 8223/8223
f 8227/8227 8228/8228 8229/8229
f 8233/8233 8234/8234 8235/8235
f 8239/8239 8240/8240 8241/8241
f 8245/8245 8246/8246 8247/8247
f 8251/8251 8252/8252 8253/8253
f 8257/8257 8258/8258 8259/8259
f 8263/8263 8264/8264 8265/8265
f 8269/8269 8270/8270 8271/8271
f 8275/8275 8276/8276 8277/8277
f 8281/8281 8282/8282 8283/8283
f 8287/8287 8288/8288 8289/8289
f 8293/8293 8294/8294 8295/8295
f 8299/8299 8300/8300 8301/8301
f 8305/8305 8306/8306 8307/8307
f 8311/8311 8312/8312 8313/8313
f 8317/8317 8318/8318 8319/8319
s 2
f 1024/1024 1025/1025 1026/1026
f 1030/1030 1031/1031 1032/1032
f 1036/1036 1037/1037 1038/1038
f 1072/1072 1073/1073 1074/1074
f 1078/1078 1079/1079 1080/1080
f 1084/1084 1085/1085 1086/1086
f 1156/1156 1157/1157 1158/1158
f 1162/1162 1163/1163 1164/1164
f 1174/1174 1175/1175 1176/1176
f 1198/1198 1199/1199 1200/1200
f 1207/1207 1208/1208 1209/1209
f 1222/1222 1223/1223 1224/1224
f 1228/1228 1229/1229 1230/1230
f 1234/1234 1235/1235 1236/1236
f 1249/1249 1250/1250 1251/1251
f 1270/1270 1271/1271 1272/1272
f 1273/1273 1274/1274 1275/1275
f 1282/1282 1283/1283 1284/1284
f 1306/1306 1307/1307 1308/1308
f 1339/1339 1340/1340 1341/1341
f 1516/1516 1517/1517 1518/1518
f 1522/1522 1523/1523 1524/1524
f 1528/1528 1529/1529 1530/1530
f 1591/1591 1592/1592 1593/1593
f 1600/1600 1601/1601 1602/1602
f 1609/1609 1610/1610 1611/1611
f 1618/1618 1619/1619 1620/1620
f 1657/1657 1658/1658 1659/1659
f 1681/1681 1682/1682 1683/1683
f 1690/1690 1691/1691 1692/1692
f 1729/1729 1730/1730 1731/1731
f 1741/1741 1742/1742 1743/1743
f 1756/1756 1757/1757 1758/1758
f 1768/1768 1769/1769 1770/1770
f 1786/1786 1787/1787 1788/1788
f 1807/1807 1808/1808 1809/1809
f 1840/1840 1841/1841 1842/1842
f 1864/1864 1865/1865 1866/1866
f 1873/1873 1874/1874 1875/1875
f 1876/1876 1877/1877 1878/1878
f 1885/1885 1886/1886 1887/1887
f 1888/1888 1889/1889 1890/1890
f 1918/1918 1919/1919 1920/1920
f 1930/1930 1931/1931 1932/1932
f 2014/2014 2015/2015 2016/2016
f 2029/2029 2030/2030 2031/2031
f 2050/2050 2051/2051 2052/2052
f 2062/2062 2063/2063 2064/2064
f 2071/2071 2072/2072 2073/2073
f 2101/2101 2102/2102 2103/2103
f 2107/2107 2108/2108 2109/2109
f 2110/2110 2111/2111 2112/2112
f 2122/2122 2123/2123 2124/2124
f 2125/2125 2126/2126 2127/2127
f 2131/2131 2132/2132 2133/2133
f 2143/2143 2144/2144 2145/2145
f 2185/2185 2186/2186 2187/2187
f 2224/2224 2225/2225 2226/2226
f 2239/2239 2240/2240 2241/2241
f 2245/2245 2246/2246 2247/2247
f 2251/2251 2252/2252 2253/2253
f 2266/2266 2267/2267 2268/2268
f 2284/2284 2285/2285 2286/2286
f 2293/2293 2294/2294 2295/2295
f 2305/2305 2306/2306 2307/2307
f 2323/2323 2324/2324 2325/2325
f 2326/2326 2327/2327 2328/2328
f 2371/2371 2372/2372 2373/2373
f 2383/2383 2384/2384 2385/2385
f 2428/2428 2429/2429 2430/2430
f 2434/2434 2435/2435 2436/2436
f 2467/2467 2468/2468 2469/2469
f 2473/2473 2474/2474 2475/2475
f 2482/2482 2483/2483 2484/2484
f 2500/2500 2501/2501 2502/2502
f 2527/2527 2528/2528 2529/2529
f 2545/2545 2546/2546 2547/2547
f 2560/2560 2561/2561 2562/2562
f 2563/2563 2564/2564 2565/2565
f 2614/2614 2615/2615 2616/2616
f 2659/2659 2660/2660 2661/2661
f 2698/2698 2699/2699 2700/2700
f 2710/2710 2711/2711 2712/2712
f 2734/2734 2735/2735 2736/2736
f 2740/2740 2741/2741 2742/2742
f 2746/2746 2747/2747 2748/2748
f 2752/2752 2753/2753 2754/2754
f 2782/2782 2783/2783 2784/2784
f 2797/2797 2798/2798 2799/2799
f 2809/2809 2810/2810 2811/2811
f 2815/2815 2816/2816 2817/2817
f 2830/2830 2831/2831 2832/2832
f 2842/2842 2843/2843 2844/2844
f 2857/2857 2858/2858 2859/2859
f 2866/2866 2867/2867 2868/2868
f 2869/2869 2870/2870 2871/2871
f 2887/2887 2888/2888 2889/2889
f 2899/2899 2900/2900 2901/2901
f 2902/2902 2903/2903 2904/2904
f 2908/2908 2909/2909 2910/2910
f 2926/2926 2927/2927 2928/2928
f 2935/2935 2936/2936 2937/2937
f 2938/2938 2939/2939 2940/2940
f 2962/2962 2963/2963 2964/2964
f 2971/2971 2972/2972 2973/2973
f 2980/2980 2981/2981 2982/2982
f 3013/3013 3014/3014 3015/3015
f 3022/3022 3023/3023 3024/3024
f 3028/3028 3029/3029 3030/3030
f 3046/3046 3047/3047 3048/3048
f 3058/3058 3059/3059 3060/3060
f 3064/3064 3065/3065 3066/3066
f 3085/3085 3086/3086 3087/3087
f 3103/3103 3104/3104 3105/3105
f 3115/3115 3116/3116 3117/3117
f 3118/3118 3119/3119 3120/3120
f 3154/3154 3155/3155 3156/3156
f 3160/3160 3161/3161 3162/3162
f 3181/3181 3182/3182 3183/3183
f 3193/3193 3194/3194 3195/3195
f 3199/3199 3200/3200 3201/3201
f 3211/3211 3212/3212 3213/3213
f 3214/3214 3215/3215 3216/3216
f 3220/3220 3221/3221 3222/3222
f 3232/3232 3233/3233 3234/3234
f 3238/3238 3239/3239 3240/3240
f 3247/3247 3248/3248 3249/3249
f 3268/3268 3269/3269 3270/3270
f 3283/3283 3284/3284 3285/3285
f 3316/3316 3317/3317 3318/3318
f 3331/3331 3332/3332 3333/3333
f 3340/3340 3341/3341 3342/3342
f 3361/3361 3362/3362 3363/3363
f 3364/3364 3365/3365 3366/3366
f 3373/3373 3374/3374 3375/3375
f 3382/3382 3383/3383 3384/3384
f 3421/3421 3422/3422 3423/3423
f 3430/3430 3431/3431 3432/3432
f 3445/3445 3446/3446 3447/3447
f 3457/3457 3458/3458 3459/3459
f 3478/3478 3479/3479 3480/3480
f 3487/3487 3488/3488 3489/3489
f 3505/3505 3506/3506 3507/3507
f 3511/3511 3512/3512 3513/3513
f 3520/3520 3521/3521 3522/3522
f 3532/3532 3533/3533 3534/3534
f 3568/3568 3569/3569 3570/3570
f 3571/3571 3572/3572 3573/3573
f 3589/3589 3590/3590 3591/3591
f 3598/3598 3599/3599 3600/3600
f 3604/3604 3605/3605 3606/3606
f 3607/3607 3608/3608 3609/3609
f 3619/3619 3620/3620 3621/3621
f 3637/3637 3638/3638 3639/3639
f 3646/3646 3647/3647 3648/3648
f 3658/3658 3659/3659 3660/3660
f 3691/3691 3692/3692 3693/3693
f 3709/3709 3710/3710 3711/3711
f 3715/3715 3716/3716 3717/3717
f 3721/3721 3722/3722 3723/3723
f 3730/3730 3731/3731 3732/3732
f 3748/3748 3749/3749 3750/3750
f 3760/3760 3761/3761 3762/3762
f 3793/3793 3794/3794 3795/3795
f 3796/3796 3797/3797 3798/3798
f 3805/3805 3806/3806 3807/3807
f 3820/3820 3821/3821 3822/3822
f 3823/3823 3824/3824 3825/3825
f 3835/3835 3836/3836 3837/3837
f 3841/3841 3842/3842 3843/3843
f 3847/3847 3848/3848 3849/3849
f 3856/3856 3857/3857 3858/3858
f 3868/3868 3869/3869 3870/3870
f 3889/3889 3890/3890 3891/3891
f 3904/3904 3905/3905 3906/3906
f 3919/3919 3920/3920 3921/3921
f 3928/3928 3929/3929 3930/3930
f 3937/3937 3938/3938 3939/3939
f 3964/3964 3965/3965 3966/3966
f 3979/3979 3980/3980 3981/3981
f 3985/3985 3986/3986 3987/3987
f 3991/3991 3992/3992 3993/3993
f 3997/3997 3998/3998 3999/3999
f 4012/4012 4013/4013 4014/4014
f 4024/4024 4025/4025 4026/4026
f 4036/4036 4037/4037 4038/4038
f 4045/4045 4046/4046 4047/4047
f 4090/4090 4091/4091 4092/4092
f 4108/4108 4109/4109 4110/4110
f 4117/4117 4118/4118 4119/4119
f 4138/4138 4139/4139 4140/4140
f 4147/4147 4148/4148 4149/4149
f 4150/4150 4151/4151 4152/4152
f 4159/4159 4160/4160 4161/4161
f 4180/4180 4181/4181 4182/4182
f 4186/4186 4187/4187 4188/4188
f 4198/4198 4199/4199 4200/4200
f 4201/4201 4202/4202 4203/4203
f 4213/4213 4214/4214 4215/4215
f 4216/4216 4217/4217 4218/4218
f 4219/4219 4220/4220 4221/4221
f 4225/4225 4226/4226 4227/4227
f 4231/4231 4232/4232 4233/4233
f 4234/4234 4235/4235 4236/4236
s 3
f 1042/1042 1043/1043 1044/1044
f 1090/1090 1091/1091 1092/1092
f 1168/1168 1169/1169 1170/1170
f 1534/1534 1535/1535 1536/1536

g
